catalyst_id,catalyst_name,focus_area,rank,project_name,current_stage,watch_level,signal_class,trigger_priority,av_scenario,binder_status,hypothesis_status,promotion_trigger,downgrade_trigger,proof_gate,first_sources,decision_rule,affected_outputs,regenerate_command,project_note
jamsil-mice-gbc,잠실 MICE·국제교류복합지구,잠실/송파,9,잠실우성4차 주택재건축정비사업조합,관리처분인가,high,공식 회신 선행,486.6,역세권 프리미엄 유지형,공식 회신 필요,즉시 감시 가설,"잠실 MICE·국제교류복합지구 국제교류복합지구/잠실 MICE 관련 고시·계획·교통대책·심의/결재문서에서 일정, 교통대책, 보행축 개선이 확정","행사·상업 집객 혼잡, 한강·탄천·대형도로 단절, 이주기 전세 압력이 커지는 신호 확인",담당부서 회신 또는 정보공개 회신에 자료명·기준일·원문 URL/첨부명이 포함; 국제교류복합지구/잠실 MICE 관련 고시·계획·교통대책·심의/결재문서; 사업별 메모와 비교표 재생성 후 가설 장부 변화 확인,analysis/high-blocking-filing-checklist.md; data/review/high-blocking-source-response-intake.json; 사업시행계획서/관리처분계획서/최신 변경고시로 수치 시점 확정; project-notes/09-tw2w7iwv.md; analysis/management-stage-value-resolution.md,"리스크 원문을 먼저 닫고, 비용·기반시설·일정 리스크가 해소될 때만 장기 관찰 등급을 유지한다.",project-notes/09-tw2w7iwv.md; analysis/research-hypothesis-ledger.md; analysis/project-comparison-matrix.md; analysis/reassessment-watchlist.md; analysis/research-completion-cockpit.md,node scripts/regenerate-research-artifacts.mjs,project-notes/09-tw2w7iwv.md
apgujeong-hangang-riverfront,압구정·한강변관리·경관/높이/공공기여,강남,15,압구정한양7차아파트 재건축정비사업조합,조합설립인가,immediate,원문 보강 우선,424.7,공공계획 민감형,원문 기반 검토 가능,원문 병목 가설,한강변 높이·경관·공공기여·기반시설 조건이 원문상 감내 가능한 수준으로 확인,높이·경관·공공기여·기반시설 조건이 사업성 또는 조합 속도에 부담으로 확인,"고시번호·고시일·원문 URL 또는 로컬 원문 텍스트 연결; 한강변관리·경관·높이·공공기여 조건, 정비계획 변경, 지구단위계획 결정 원문; 사업별 메모와 비교표 재생성 후 가설 장부 변화 확인","presentSn 후보는 보조로 두고, direct 고시·정보몽땅 연결 또는 추가 공식 링크로 current business 여부 확인; project-notes/15-hanyang7.md; analysis/source-link-repair-candidates.md; data/cleanup/project-summaries-priority-candidates.json; https://cleanup.seoul.go.kr/cafe/mastr-cleanup-bsnsSumry/execute.do?cafeId=680100003000s45&stepSeCode=102&div=sumry","원문 또는 공식 회신 전에는 확정 가설로 승격하지 않고, 확인 후 점수·메모·클로저 장부를 함께 갱신한다.",project-notes/15-hanyang7.md; analysis/research-hypothesis-ledger.md; analysis/project-comparison-matrix.md; analysis/reassessment-watchlist.md; analysis/fieldwork-observation-notebook.md,node scripts/regenerate-research-artifacts.mjs,project-notes/15-hanyang7.md
apgujeong-hangang-riverfront,압구정·한강변관리·경관/높이/공공기여,강남,12,압구정아파트지구 특별계획구역5 재건축정비사업조합,조합설립인가,immediate,원문 보강 우선,422.9,공공계획 민감형,원문 기반 검토 가능,원문 병목 가설,한강변 높이·경관·공공기여·기반시설 조건이 원문상 감내 가능한 수준으로 확인,높이·경관·공공기여·기반시설 조건이 사업성 또는 조합 속도에 부담으로 확인,"고시번호·고시일·원문 URL 또는 로컬 원문 텍스트 연결; 한강변관리·경관·높이·공공기여 조건, 정비계획 변경, 지구단위계획 결정 원문; 사업별 메모와 비교표 재생성 후 가설 장부 변화 확인",서울도시공간포털 지도 팝업에서 recordCode와 구역명 재확인; project-notes/12-apgujeong5.md; data/urban/text/files/12-11000NTC202312010004-12-11000NTC202312010004-notice_file-서울특별시_제2023-516호_고시.txt; analysis/update-impact-ledger.md; analysis/recordcode-dead-end-audit.md,"원문 또는 공식 회신 전에는 확정 가설로 승격하지 않고, 확인 후 점수·메모·클로저 장부를 함께 갱신한다.",project-notes/12-apgujeong5.md; analysis/research-hypothesis-ledger.md; analysis/project-comparison-matrix.md; analysis/reassessment-watchlist.md; analysis/fieldwork-observation-notebook.md,node scripts/regenerate-research-artifacts.mjs,project-notes/12-apgujeong5.md
jamsil-mice-gbc,잠실 MICE·국제교류복합지구,잠실/송파,1,잠실5단지아파트 주택재건축정비사업조합,조합설립인가,high,가설 재평가,421,역세권 프리미엄 유지형,원문 기반 검토 가능,즉시 감시 가설,"잠실 MICE·국제교류복합지구 국제교류복합지구/잠실 MICE 관련 고시·계획·교통대책·심의/결재문서에서 일정, 교통대책, 보행축 개선이 확정","행사·상업 집객 혼잡, 한강·탄천·대형도로 단절, 이주기 전세 압력이 커지는 신호 확인",국제교류복합지구/잠실 MICE 관련 고시·계획·교통대책·심의/결재문서; 사업별 메모와 비교표 재생성 후 가설 장부 변화 확인,analysis/jamsil5-s1-public-item-fact-check.md; 원문 스니펫을 읽고 확정 수치/조건으로 승격; project-notes/01-jamsil5apt.md; data/urban/text/files/01-11710NTC202409230003-01-11710NTC202409230003-notice_file-서울특별시_제2024-432호_고시.txt; analysis/update-impact-ledger.md,"리스크 원문을 먼저 닫고, 비용·기반시설·일정 리스크가 해소될 때만 장기 관찰 등급을 유지한다.",project-notes/01-jamsil5apt.md; analysis/research-hypothesis-ledger.md; analysis/project-comparison-matrix.md; analysis/reassessment-watchlist.md; analysis/fieldwork-observation-notebook.md,node scripts/regenerate-research-artifacts.mjs,project-notes/01-jamsil5apt.md
dongseoul-terminal-gangbyeon,동서울터미널·강변역·광역교통,구의/광진,24,워커힐아파트1단지 재건축정비사업 조합설립추진위원회,추진위원회승인,immediate,원문 보강 우선,419.5,공공계획 민감형,수동 검토 필요,원문 병목 가설,"동서울터미널·강변역 관련 동서울터미널 사전협상·도시계획·교통처리계획·결재/심의자료에서 일정, 보행/환승, 교통처리계획이 구체화","터미널/강변역 일정 지연, 교통처리 불확실, 보행 단절 심화가 원문이나 현장에서 확인",고시번호·고시일·원문 URL 또는 로컬 원문 텍스트 연결; 동서울터미널 사전협상·도시계획·교통처리계획·결재/심의자료; 사업별 메모와 비교표 재생성 후 가설 장부 변화 확인,analysis/gwangjin-gu-notice-fact-check.md 기준으로 원문 수치·정보몽땅 단계 공개항목 대조; project-notes/24-walkerhill1.md; analysis/source-link-repair-candidates.md; data/cleanup/project-summaries-priority-candidates.json; https://cleanup.seoul.go.kr/cafe/mastr-cleanup-bsnsSumry/execute.do?cafeId=215900001363i54&stepSeCode=101&div=sumry,"원문 또는 공식 회신 전에는 확정 가설로 승격하지 않고, 확인 후 점수·메모·클로저 장부를 함께 갱신한다.",project-notes/24-walkerhill1.md; analysis/research-hypothesis-ledger.md; analysis/project-comparison-matrix.md; analysis/reassessment-watchlist.md; analysis/fieldwork-observation-notebook.md,node scripts/regenerate-research-artifacts.mjs,project-notes/24-walkerhill1.md
guui-jayang-hangang-axis,구의·자양 2/7호선·한강 접근축,구의/광진,24,워커힐아파트1단지 재건축정비사업 조합설립추진위원회,추진위원회승인,immediate,원문 보강 우선,411.5,공공계획 민감형,수동 검토 필요,원문 병목 가설,"역 접근, 생활권 연결, 보행축 개선이 공식 원문과 현장 관찰 양쪽에서 확인",핵심 수치 공란 7건; 5호선 단일 접근성; 강변북로/한강 단절; 구역계와 고시/인가 원문 연결 확인 필요,"고시번호·고시일·원문 URL 또는 로컬 원문 텍스트 연결; 정비구역계, 조합/사업시행 단계, 자치구 고시, 한강 접근·보행축 관련 계획; 사업별 메모와 비교표 재생성 후 가설 장부 변화 확인",analysis/gwangjin-gu-notice-fact-check.md 기준으로 원문 수치·정보몽땅 단계 공개항목 대조; project-notes/24-walkerhill1.md; analysis/source-link-repair-candidates.md; data/cleanup/project-summaries-priority-candidates.json; https://cleanup.seoul.go.kr/cafe/mastr-cleanup-bsnsSumry/execute.do?cafeId=215900001363i54&stepSeCode=101&div=sumry,"원문 또는 공식 회신 전에는 확정 가설로 승격하지 않고, 확인 후 점수·메모·클로저 장부를 함께 갱신한다.",project-notes/24-walkerhill1.md; analysis/research-hypothesis-ledger.md; analysis/project-comparison-matrix.md; analysis/reassessment-watchlist.md; analysis/fieldwork-observation-notebook.md,node scripts/regenerate-research-artifacts.mjs,project-notes/24-walkerhill1.md
dongseoul-terminal-gangbyeon,동서울터미널·강변역·광역교통,구의/광진,23,광장동 삼성1차아파트 소규모재건축정비사업,조합설립인가,high,공식 회신 선행,407.3,공공계획 민감형,공식 회신 필요,원문 병목 가설,"동서울터미널·강변역 관련 동서울터미널 사전협상·도시계획·교통처리계획·결재/심의자료에서 일정, 보행/환승, 교통처리계획이 구체화","터미널/강변역 일정 지연, 교통처리 불확실, 보행 단절 심화가 원문이나 현장에서 확인",담당부서 회신 또는 정보공개 회신에 자료명·기준일·원문 URL/첨부명이 포함; 고시번호·고시일·원문 URL 또는 로컬 원문 텍스트 연결; 동서울터미널 사전협상·도시계획·교통처리계획·결재/심의자료; 사업별 메모와 비교표 재생성 후 가설 장부 변화 확인,"analysis/high-blocking-filing-checklist.md; data/review/high-blocking-source-response-intake.json; 단계·동의율은 정보몽땅 공개항목으로 확인, 결정고시 recordCode 또는 자치구 고시 원문 연결; project-notes/23-j15171517.md; analysis/source-link-repair-candidates.md","원문 또는 공식 회신 전에는 확정 가설로 승격하지 않고, 확인 후 점수·메모·클로저 장부를 함께 갱신한다.",project-notes/23-j15171517.md; analysis/research-hypothesis-ledger.md; analysis/project-comparison-matrix.md; analysis/reassessment-watchlist.md; analysis/research-completion-cockpit.md,node scripts/regenerate-research-artifacts.mjs,project-notes/23-j15171517.md
guui-jayang-hangang-axis,구의·자양 2/7호선·한강 접근축,구의/광진,23,광장동 삼성1차아파트 소규모재건축정비사업,조합설립인가,high,공식 회신 선행,399.3,공공계획 민감형,공식 회신 필요,원문 병목 가설,"역 접근, 생활권 연결, 보행축 개선이 공식 원문과 현장 관찰 양쪽에서 확인","고시/인가 원문 미연결; 핵심 수치 공란 3건; 5호선 단일 접근성; 강변북로/한강 단절; 사업구역 레이어 확인, 고시 recordCode/인가 원문 미연결","담당부서 회신 또는 정보공개 회신에 자료명·기준일·원문 URL/첨부명이 포함; 고시번호·고시일·원문 URL 또는 로컬 원문 텍스트 연결; 정비구역계, 조합/사업시행 단계, 자치구 고시, 한강 접근·보행축 관련 계획; 사업별 메모와 비교표 재생성 후 가설 장부 변화 확인","analysis/high-blocking-filing-checklist.md; data/review/high-blocking-source-response-intake.json; 단계·동의율은 정보몽땅 공개항목으로 확인, 결정고시 recordCode 또는 자치구 고시 원문 연결; project-notes/23-j15171517.md; analysis/source-link-repair-candidates.md","원문 또는 공식 회신 전에는 확정 가설로 승격하지 않고, 확인 후 점수·메모·클로저 장부를 함께 갱신한다.",project-notes/23-j15171517.md; analysis/research-hypothesis-ledger.md; analysis/project-comparison-matrix.md; analysis/reassessment-watchlist.md; analysis/research-completion-cockpit.md,node scripts/regenerate-research-artifacts.mjs,project-notes/23-j15171517.md
jamsil-mice-gbc,잠실 MICE·국제교류복합지구,잠실/송파,5,"장미1,2,3차아파트 주택재건축정비사업 조합",조합설립인가,high,가설 재평가,395.1,공공계획 민감형,원문 기반 검토 가능,즉시 감시 가설,"잠실 MICE·국제교류복합지구 국제교류복합지구/잠실 MICE 관련 고시·계획·교통대책·심의/결재문서에서 일정, 교통대책, 보행축 개선이 확정","행사·상업 집객 혼잡, 한강·탄천·대형도로 단절, 이주기 전세 압력이 커지는 신호 확인",국제교류복합지구/잠실 MICE 관련 고시·계획·교통대책·심의/결재문서; 사업별 메모와 비교표 재생성 후 가설 장부 변화 확인,analysis/jamsil-jangmi-s1-public-item-fact-check.md; 결정고시 recordCode 또는 인가 원문 수동 확인; project-notes/05-jmapt1.md; data/urban/text/files/05-11000NTC202505290003-05-11000NTC202505290003-notice_file-서울특별시_제2025-278호_고시.txt; analysis/songpa-notice-value-corroboration.md,"리스크 원문을 먼저 닫고, 비용·기반시설·일정 리스크가 해소될 때만 장기 관찰 등급을 유지한다.",project-notes/05-jmapt1.md; analysis/research-hypothesis-ledger.md; analysis/project-comparison-matrix.md; analysis/reassessment-watchlist.md; analysis/fieldwork-observation-notebook.md,node scripts/regenerate-research-artifacts.mjs,project-notes/05-jmapt1.md
guui-jayang-hangang-axis,구의·자양 2/7호선·한강 접근축,구의/광진,29,자양1의4구역 가로주택정비사업,조합설립인가,immediate,원문 보강 우선,393.7,기본 추적형,OCR/부분확정 검토,원문 병목 가설,"역 접근, 생활권 연결, 보행축 개선이 공식 원문과 현장 관찰 양쪽에서 확인",핵심 수치 공란 8건; 한강/뚝섬 접근의 도로 단절; 상권 혼잡; 소규모정비의 사업성 편차,"고시번호·고시일·원문 URL 또는 로컬 원문 텍스트 연결; 정비구역계, 조합/사업시행 단계, 자치구 고시, 한강 접근·보행축 관련 계획; 사업별 메모와 비교표 재생성 후 가설 장부 변화 확인",analysis/gwangjin-gu-notice-fact-check.md 기준으로 원문 수치·정보몽땅 단계 공개항목 대조; project-notes/29-jayang104.md; data/urban/text/gwangjin-gu/files/29-B0000003-6357990-1-29-B0000003-6357990-gwangjin-gu-1-직인날인-조합설립-변경-인가-공고문.txt; data/urban/text/gwangjin-gu/files/29-B0000003-6353195-1-29-B0000003-6353195-gwangjin-gu-1-공람공고문-안.txt; data/urban/text/gwangjin-gu/files/29-B0000003-6353195-2-29-B0000003-6353195-gwangjin-gu-2-공람의견서.txt,"원문 또는 공식 회신 전에는 확정 가설로 승격하지 않고, 확인 후 점수·메모·클로저 장부를 함께 갱신한다.",project-notes/29-jayang104.md; analysis/research-hypothesis-ledger.md; analysis/project-comparison-matrix.md; analysis/reassessment-watchlist.md; analysis/fieldwork-observation-notebook.md,node scripts/regenerate-research-artifacts.mjs,project-notes/29-jayang104.md
dongseoul-terminal-gangbyeon,동서울터미널·강변역·광역교통,구의/광진,25,한양연립 일대 가로주택정비사업,사업시행인가,high,가설 재평가,385.4,도로접근 보완 수혜형,OCR/부분확정 검토,즉시 감시 가설,"동서울터미널·강변역 관련 동서울터미널 사전협상·도시계획·교통처리계획·결재/심의자료에서 일정, 보행/환승, 교통처리계획이 구체화","터미널/강변역 일정 지연, 교통처리 불확실, 보행 단절 심화가 원문이나 현장에서 확인",고시번호·고시일·원문 URL 또는 로컬 원문 텍스트 연결; 동서울터미널 사전협상·도시계획·교통처리계획·결재/심의자료; 사업별 메모와 비교표 재생성 후 가설 장부 변화 확인,data/urban/text/gwangjin-hanyanggaro/25-B0000003-6209808-gwangjin-gu-hanyanggaro-schedule.txt; data/urban/text/gwangjin-hanyanggaro/25-B0000003-6213254-gwangjin-gu-hanyanggaro-safety-result.txt; project-notes/25-hanyanggaro.md; analysis/hanyanggaro-stage-source-memo.md; analysis/gwangjin-gu-notice-fact-check.md,"리스크 원문을 먼저 닫고, 비용·기반시설·일정 리스크가 해소될 때만 장기 관찰 등급을 유지한다.",project-notes/25-hanyanggaro.md; analysis/research-hypothesis-ledger.md; analysis/project-comparison-matrix.md; analysis/reassessment-watchlist.md; analysis/fieldwork-observation-notebook.md,node scripts/regenerate-research-artifacts.mjs,project-notes/25-hanyanggaro.md
apgujeong-hangang-riverfront,압구정·한강변관리·경관/높이/공공기여,강남,11,압구정아파트지구 특별계획구역4,조합설립인가,normal,원문 보강 우선,381.9,공공계획 민감형,원문 기반 검토 가능,원문 병목 가설,한강변 높이·경관·공공기여·기반시설 조건이 원문상 감내 가능한 수준으로 확인,높이·경관·공공기여·기반시설 조건이 사업성 또는 조합 속도에 부담으로 확인,"고시번호·고시일·원문 URL 또는 로컬 원문 텍스트 연결; 한강변관리·경관·높이·공공기여 조건, 정비계획 변경, 지구단위계획 결정 원문; 사업별 메모와 비교표 재생성 후 가설 장부 변화 확인",analysis/apgujeong4-s1-public-item-fact-check.md; 서울도시공간포털 지도 팝업에서 recordCode와 구역명 재확인; project-notes/11-apgujeong4.md; data/urban/text/files/11-11000NTC202312010004-11-11000NTC202312010004-notice_file-서울특별시_제2023-516호_고시.txt; analysis/update-impact-ledger.md,"원문 또는 공식 회신 전에는 확정 가설로 승격하지 않고, 확인 후 점수·메모·클로저 장부를 함께 갱신한다.",project-notes/11-apgujeong4.md; analysis/research-hypothesis-ledger.md; analysis/project-comparison-matrix.md; analysis/reassessment-watchlist.md; analysis/fieldwork-observation-notebook.md,node scripts/regenerate-research-artifacts.mjs,project-notes/11-apgujeong4.md
guui-jayang-hangang-axis,구의·자양 2/7호선·한강 접근축,구의/광진,25,한양연립 일대 가로주택정비사업,사업시행인가,high,가설 재평가,377.4,도로접근 보완 수혜형,OCR/부분확정 검토,즉시 감시 가설,"역 접근, 생활권 연결, 보행축 개선이 공식 원문과 현장 관찰 양쪽에서 확인",핵심 수치 공란 3건; 터미널/강변역 혼잡; 큰 도로와 한강 접근 단절; 공식 일정 불확실성,"고시번호·고시일·원문 URL 또는 로컬 원문 텍스트 연결; 정비구역계, 조합/사업시행 단계, 자치구 고시, 한강 접근·보행축 관련 계획; 사업별 메모와 비교표 재생성 후 가설 장부 변화 확인",data/urban/text/gwangjin-hanyanggaro/25-B0000003-6209808-gwangjin-gu-hanyanggaro-schedule.txt; data/urban/text/gwangjin-hanyanggaro/25-B0000003-6213254-gwangjin-gu-hanyanggaro-safety-result.txt; project-notes/25-hanyanggaro.md; analysis/hanyanggaro-stage-source-memo.md; analysis/gwangjin-gu-notice-fact-check.md,"리스크 원문을 먼저 닫고, 비용·기반시설·일정 리스크가 해소될 때만 장기 관찰 등급을 유지한다.",project-notes/25-hanyanggaro.md; analysis/research-hypothesis-ledger.md; analysis/project-comparison-matrix.md; analysis/reassessment-watchlist.md; analysis/fieldwork-observation-notebook.md,node scripts/regenerate-research-artifacts.mjs,project-notes/25-hanyanggaro.md
guui-jayang-hangang-axis,구의·자양 2/7호선·한강 접근축,구의/광진,28,자양번영로3나길 일대 가로주택정비사업,조합설립인가,high,공식 회신 선행,371.5,기본 추적형,공식 회신 필요,원문 병목 가설,"역 접근, 생활권 연결, 보행축 개선이 공식 원문과 현장 관찰 양쪽에서 확인",고시/인가 원문 미연결; 핵심 수치 공란 4건; 한강/뚝섬 접근의 도로 단절; 상권 혼잡; 소규모정비의 사업성 편차,"담당부서 회신 또는 정보공개 회신에 자료명·기준일·원문 URL/첨부명이 포함; 고시번호·고시일·원문 URL 또는 로컬 원문 텍스트 연결; 정비구역계, 조합/사업시행 단계, 자치구 고시, 한강 접근·보행축 관련 계획; 사업별 메모와 비교표 재생성 후 가설 장부 변화 확인","analysis/high-blocking-filing-checklist.md; data/review/high-blocking-source-response-intake.json; 단계·동의율은 정보몽땅 공개항목으로 확인, 결정고시 recordCode 또는 자치구 고시 원문 연결; project-notes/28-jayang588-22.md; analysis/source-link-repair-candidates.md","원문 또는 공식 회신 전에는 확정 가설로 승격하지 않고, 확인 후 점수·메모·클로저 장부를 함께 갱신한다.",project-notes/28-jayang588-22.md; analysis/research-hypothesis-ledger.md; analysis/project-comparison-matrix.md; analysis/reassessment-watchlist.md; analysis/research-completion-cockpit.md,node scripts/regenerate-research-artifacts.mjs,project-notes/28-jayang588-22.md
apgujeong-hangang-riverfront,압구정·한강변관리·경관/높이/공공기여,강남,10,압구정아파트지구 특별계획구역③ 재건축정비사업 조합,조합설립인가,high,가설 재평가,364.9,공공계획 민감형,원문 기반 검토 가능,즉시 감시 가설,한강변 높이·경관·공공기여·기반시설 조건이 원문상 감내 가능한 수준으로 확인,높이·경관·공공기여·기반시설 조건이 사업성 또는 조합 속도에 부담으로 확인,"한강변관리·경관·높이·공공기여 조건, 정비계획 변경, 지구단위계획 결정 원문; 사업별 메모와 비교표 재생성 후 가설 장부 변화 확인",analysis/apgujeong3-s1-public-item-fact-check.md; 서울도시공간포털 지도 팝업에서 recordCode와 구역명 재확인; project-notes/10-apgujeong3.md; data/cleanup/files/apgujeong3-official/summary-20260623.html; data/urban/text/files/10-11000NTC202312010004-10-11000NTC202312010004-notice_file-서울특별시_제2023-516호_고시.txt,"리스크 원문을 먼저 닫고, 비용·기반시설·일정 리스크가 해소될 때만 장기 관찰 등급을 유지한다.",project-notes/10-apgujeong3.md; analysis/research-hypothesis-ledger.md; analysis/project-comparison-matrix.md; analysis/reassessment-watchlist.md; analysis/fieldwork-observation-notebook.md,node scripts/regenerate-research-artifacts.mjs,project-notes/10-apgujeong3.md
jamsil-mice-gbc,잠실 MICE·국제교류복합지구,잠실/송파,3,잠실우성아파트 재건축정비사업조합,조합설립인가,normal,가설 재평가,359.4,역세권 프리미엄 유지형,원문 기반 검토 가능,즉시 감시 가설,"잠실 MICE·국제교류복합지구 국제교류복합지구/잠실 MICE 관련 고시·계획·교통대책·심의/결재문서에서 일정, 교통대책, 보행축 개선이 확정","행사·상업 집객 혼잡, 한강·탄천·대형도로 단절, 이주기 전세 압력이 커지는 신호 확인",국제교류복합지구/잠실 MICE 관련 고시·계획·교통대책·심의/결재문서; 사업별 메모와 비교표 재생성 후 가설 장부 변화 확인,analysis/jamsil-woosung-s1-public-item-fact-check.md; 고시문 주택공급계획 또는 정보몽땅 사업개요 업데이트 확인; project-notes/03-q1qk5nf6.md; data/urban/text/files/03-11000NTC201512177681-03-11000NTC201512177681-notice_file-서울특별시2015-401.txt; analysis/update-impact-ledger.md,"리스크 원문을 먼저 닫고, 비용·기반시설·일정 리스크가 해소될 때만 장기 관찰 등급을 유지한다.",project-notes/03-q1qk5nf6.md; analysis/research-hypothesis-ledger.md; analysis/project-comparison-matrix.md; analysis/reassessment-watchlist.md; analysis/fieldwork-observation-notebook.md,node scripts/regenerate-research-artifacts.mjs,project-notes/03-q1qk5nf6.md
daechi-school-district,대치 학군·3호선·기존 생활 인프라,강남,7,대치쌍용2차아파트 주택재건축정비사업조합,사업시행인가,normal,원문 보강 우선,346,기본 추적형,OCR/부분확정 검토,원문 병목 가설,사업비·분담금·이주 일정이 기존 학군/생활 인프라 프리미엄을 훼손하지 않는 것으로 확인,비용·분담금·이주 리스크가 학군 수요 프리미엄보다 크게 보이는 공개항목 확인,"고시번호·고시일·원문 URL 또는 로컬 원문 텍스트 연결; 정비계획/사업시행계획, 교통·보행 변화, 공개항목 비용/분담금 자료; 사업별 메모와 비교표 재생성 후 가설 장부 변화 확인",OCR 텍스트 스니펫을 원문 이미지와 대조해 확정 수치 승격; project-notes/07-ssang2.md; data/urban/text/files/07-11000NTC201707138200-07-11000NTC201707138200-notice_file-강남구2017-99.txt; analysis/update-impact-ledger.md; analysis/recordcode-dead-end-audit.md,"원문 또는 공식 회신 전에는 확정 가설로 승격하지 않고, 확인 후 점수·메모·클로저 장부를 함께 갱신한다.",project-notes/07-ssang2.md; analysis/research-hypothesis-ledger.md; analysis/project-comparison-matrix.md; analysis/reassessment-watchlist.md; analysis/project-risk-signal-summary.md,node scripts/regenerate-research-artifacts.mjs,project-notes/07-ssang2.md
daechi-school-district,대치 학군·3호선·기존 생활 인프라,강남,8,대치쌍용1차아파트 주택재건축정비사업조합,사업시행인가,normal,원문 보강 우선,337.8,기본 추적형,원문 기반 검토 가능,원문 병목 가설,사업비·분담금·이주 일정이 기존 학군/생활 인프라 프리미엄을 훼손하지 않는 것으로 확인,비용·분담금·이주 리스크가 학군 수요 프리미엄보다 크게 보이는 공개항목 확인,"고시번호·고시일·원문 URL 또는 로컬 원문 텍스트 연결; 정비계획/사업시행계획, 교통·보행 변화, 공개항목 비용/분담금 자료; 사업별 메모와 비교표 재생성 후 가설 장부 변화 확인",analysis/ssang1-s1-public-item-fact-check.md; 결정고시 recordCode 또는 인가 원문 수동 확인; project-notes/08-ssang1.md; data/urban/text/files/08-11680NTC202112010001-08-11680NTC202112010001-business-notice_file-강남구_2021-203호_고시.txt; data/urban/text/files/08-11000NTC202512190003-08-11000NTC202512190003-business-notice_file-서울특별시_제2025-644호_고시.txt,"원문 또는 공식 회신 전에는 확정 가설로 승격하지 않고, 확인 후 점수·메모·클로저 장부를 함께 갱신한다.",project-notes/08-ssang1.md; analysis/research-hypothesis-ledger.md; analysis/project-comparison-matrix.md; analysis/reassessment-watchlist.md; analysis/project-risk-signal-summary.md,node scripts/regenerate-research-artifacts.mjs,project-notes/08-ssang1.md
guui-jayang-hangang-axis,구의·자양 2/7호선·한강 접근축,구의/광진,30,자양4동 A구역 주택재개발사업,정비구역지정,normal,원문 보강 우선,331.9,기본 추적형,원문 기반 검토 가능,원문 병목 가설,"역 접근, 생활권 연결, 보행축 개선이 공식 원문과 현장 관찰 양쪽에서 확인",핵심 수치 공란 5건; 한강/뚝섬 접근의 도로 단절; 상권 혼잡; 소규모정비의 사업성 편차,"고시번호·고시일·원문 URL 또는 로컬 원문 텍스트 연결; 정비구역계, 조합/사업시행 단계, 자치구 고시, 한강 접근·보행축 관련 계획; 사업별 메모와 비교표 재생성 후 가설 장부 변화 확인",analysis/jayangdong-s1-public-item-fact-check-detailed.md; 서울도시공간포털 지도 팝업에서 recordCode와 구역명 재확인; project-notes/30-jayangdong.md; data/urban/text/files/30-11215NTC202505200003-30-11215NTC202505200003-notice_file-서울특별시_제2025-356호_고시.txt; analysis/update-impact-ledger.md,"원문 또는 공식 회신 전에는 확정 가설로 승격하지 않고, 확인 후 점수·메모·클로저 장부를 함께 갱신한다.",project-notes/30-jayangdong.md; analysis/research-hypothesis-ledger.md; analysis/project-comparison-matrix.md; analysis/reassessment-watchlist.md; analysis/fieldwork-observation-notebook.md,node scripts/regenerate-research-artifacts.mjs,project-notes/30-jayangdong.md
apgujeong-hangang-riverfront,압구정·한강변관리·경관/높이/공공기여,강남,2,압구정아파트지구 특별계획구역② 재건축정비사업조합,조합설립인가,periodic,가설 재평가,310.5,공공계획 민감형,원문 기반 검토 가능,즉시 감시 가설,한강변 높이·경관·공공기여·기반시설 조건이 원문상 감내 가능한 수준으로 확인,높이·경관·공공기여·기반시설 조건이 사업성 또는 조합 속도에 부담으로 확인,"한강변관리·경관·높이·공공기여 조건, 정비계획 변경, 지구단위계획 결정 원문; 사업별 메모와 비교표 재생성 후 가설 장부 변화 확인",analysis/apgujeong2-s1-public-item-fact-check.md; 서울도시공간포털 지도 팝업에서 recordCode와 구역명 재확인; project-notes/02-apgujeong2.md; data/urban/text/files/02-11000NTC202504070006-02-11000NTC202504070006-notice_file-서울특별시_제2025-136호_고시.txt; analysis/update-impact-ledger.md,"리스크 원문을 먼저 닫고, 비용·기반시설·일정 리스크가 해소될 때만 장기 관찰 등급을 유지한다.",project-notes/02-apgujeong2.md; analysis/research-hypothesis-ledger.md; analysis/project-comparison-matrix.md; analysis/reassessment-watchlist.md; analysis/fieldwork-observation-notebook.md,node scripts/regenerate-research-artifacts.mjs,project-notes/02-apgujeong2.md
seokchon-songpa-garak-backbone,석촌·송파·가락 8/9호선 배후축,잠실/송파,18,송파미성아파트 재건축정비사업조합,조합설립인가,normal,원문 보강 우선,304.5,기본 추적형,OCR/부분확정 검토,원문 병목 가설,"역 접근, 생활권 연결, 보행축 개선이 공식 원문과 현장 관찰 양쪽에서 확인",핵심 수치 공란 3건; 잠실 핵심부 대비 역세권 강도 차이; 상업/관광 혼잡; 단지별 도로 접속,"고시번호·고시일·원문 URL 또는 로컬 원문 텍스트 연결; 사업시행/관리처분 원문, 8·9호선 접근/보행 환경, 송파권 고시공고; 사업별 메모와 비교표 재생성 후 가설 장부 변화 확인",결정고시 recordCode 또는 인가 원문 수동 확인; project-notes/18-songpams.md; data/urban/text/files/18-11710NTC202104230008-18-11710NTC202104230008-business-notice_file-서울특별시_2021-146호_고시.txt; data/urban/text/files/18-11710NTC202104230008-18-11710NTC202104230008-notice_file-서울특별시_2021-146호_고시.txt; analysis/update-impact-ledger.md,"원문 또는 공식 회신 전에는 확정 가설로 승격하지 않고, 확인 후 점수·메모·클로저 장부를 함께 갱신한다.",project-notes/18-songpams.md; analysis/research-hypothesis-ledger.md; analysis/project-comparison-matrix.md; analysis/reassessment-watchlist.md; analysis/public-development-catalyst-map.md,node scripts/regenerate-research-artifacts.mjs,project-notes/18-songpams.md
dongseoul-terminal-gangbyeon,동서울터미널·강변역·광역교통,구의/광진,27,광장극동아파트 재건축사업 (신속통합기획),정비구역지정,normal,리스크 재점검,287.3,공공계획 민감형,원문 기반 검토 가능,즉시 감시 가설,"동서울터미널·강변역 관련 동서울터미널 사전협상·도시계획·교통처리계획·결재/심의자료에서 일정, 보행/환승, 교통처리계획이 구체화","터미널/강변역 일정 지연, 교통처리 불확실, 보행 단절 심화가 원문이나 현장에서 확인",고시번호·고시일·원문 URL 또는 로컬 원문 텍스트 연결; 동서울터미널 사전협상·도시계획·교통처리계획·결재/심의자료; 사업별 메모와 비교표 재생성 후 가설 장부 변화 확인,analysis/seoul-sibo-original-notice-fact-check.md 기준으로 본고시 수치와 재공람·정정고시 수치 대조; project-notes/27-kukdong-reborn.md; data/urban/text/gwangjin-gu/files/27-B0000003-6410141-1-27-B0000003-6410141-gwangjin-gu-1-공고문_정정.txt; data/urban/text/gwangjin-gu/files/27-B0000378-15811-1-27-B0000378-15811-gwangjin-gu-1-1-재공람공고문_광장극동아파트-재건축사업.txt; data/urban/text/gwangjin-gu/files/27-B0000378-15811-2-27-B0000378-15811-gwangjin-gu-2-2-재공람의견서_광장극동아파트-재건축사업.txt,"리스크 원문을 먼저 닫고, 비용·기반시설·일정 리스크가 해소될 때만 장기 관찰 등급을 유지한다.",project-notes/27-kukdong-reborn.md; analysis/research-hypothesis-ledger.md; analysis/project-comparison-matrix.md; analysis/reassessment-watchlist.md; analysis/fieldwork-observation-notebook.md,node scripts/regenerate-research-artifacts.mjs,project-notes/27-kukdong-reborn.md
guui-jayang-hangang-axis,구의·자양 2/7호선·한강 접근축,구의/광진,27,광장극동아파트 재건축사업 (신속통합기획),정비구역지정,normal,리스크 재점검,279.3,공공계획 민감형,원문 기반 검토 가능,즉시 감시 가설,"역 접근, 생활권 연결, 보행축 개선이 공식 원문과 현장 관찰 양쪽에서 확인",핵심 수치 공란 1건; 5호선 단일 접근성; 강변북로/한강 단절; 구역계와 고시/인가 원문 연결 확인 필요,"고시번호·고시일·원문 URL 또는 로컬 원문 텍스트 연결; 정비구역계, 조합/사업시행 단계, 자치구 고시, 한강 접근·보행축 관련 계획; 사업별 메모와 비교표 재생성 후 가설 장부 변화 확인",analysis/seoul-sibo-original-notice-fact-check.md 기준으로 본고시 수치와 재공람·정정고시 수치 대조; project-notes/27-kukdong-reborn.md; data/urban/text/gwangjin-gu/files/27-B0000003-6410141-1-27-B0000003-6410141-gwangjin-gu-1-공고문_정정.txt; data/urban/text/gwangjin-gu/files/27-B0000378-15811-1-27-B0000378-15811-gwangjin-gu-1-1-재공람공고문_광장극동아파트-재건축사업.txt; data/urban/text/gwangjin-gu/files/27-B0000378-15811-2-27-B0000378-15811-gwangjin-gu-2-2-재공람의견서_광장극동아파트-재건축사업.txt,"리스크 원문을 먼저 닫고, 비용·기반시설·일정 리스크가 해소될 때만 장기 관찰 등급을 유지한다.",project-notes/27-kukdong-reborn.md; analysis/research-hypothesis-ledger.md; analysis/project-comparison-matrix.md; analysis/reassessment-watchlist.md; analysis/fieldwork-observation-notebook.md,node scripts/regenerate-research-artifacts.mjs,project-notes/27-kukdong-reborn.md
daechi-school-district,대치 학군·3호선·기존 생활 인프라,강남,4,은마아파트 재건축정비사업조합,조합설립인가,periodic,리스크 재점검,277.2,기본 추적형,원문 기반 검토 가능,즉시 감시 가설,사업비·분담금·이주 일정이 기존 학군/생활 인프라 프리미엄을 훼손하지 않는 것으로 확인,비용·분담금·이주 리스크가 학군 수요 프리미엄보다 크게 보이는 공개항목 확인,"정비계획/사업시행계획, 교통·보행 변화, 공개항목 비용/분담금 자료; 사업별 메모와 비교표 재생성 후 가설 장부 변화 확인",원문 스니펫을 읽고 확정 수치/조건으로 승격; project-notes/04-the-eunma.md; data/urban/text/files/04-11680NTC202303030002-04-11680NTC202303030002-notice_file-서울특별시_2023-51호_고시.txt; analysis/update-impact-ledger.md; analysis/official-context-sources.csv,"리스크 원문을 먼저 닫고, 비용·기반시설·일정 리스크가 해소될 때만 장기 관찰 등급을 유지한다.",project-notes/04-the-eunma.md; analysis/research-hypothesis-ledger.md; analysis/project-comparison-matrix.md; analysis/reassessment-watchlist.md; analysis/project-risk-signal-summary.md,node scripts/regenerate-research-artifacts.mjs,project-notes/04-the-eunma.md
jamsil-mice-gbc,잠실 MICE·국제교류복합지구,잠실/송파,19,대림가락아파트 재건축정비사업조합,조합설립인가,normal,리스크 재점검,274.4,기본 추적형,OCR/부분확정 검토,즉시 감시 가설,"잠실 MICE·국제교류복합지구 국제교류복합지구/잠실 MICE 관련 고시·계획·교통대책·심의/결재문서에서 일정, 교통대책, 보행축 개선이 확정","행사·상업 집객 혼잡, 한강·탄천·대형도로 단절, 이주기 전세 압력이 커지는 신호 확인",고시번호·고시일·원문 URL 또는 로컬 원문 텍스트 연결; 국제교류복합지구/잠실 MICE 관련 고시·계획·교통대책·심의/결재문서; 사업별 메모와 비교표 재생성 후 가설 장부 변화 확인,OCR 텍스트 스니펫을 원문 이미지와 대조해 확정 수치 승격; project-notes/19-daelim.md; data/urban/text/files/19-11000NTC202111260001-19-11000NTC202111260001-notice_file-서울특별시_2021-551호_고시.txt; analysis/update-impact-ledger.md; analysis/recordcode-dead-end-audit.md,"리스크 원문을 먼저 닫고, 비용·기반시설·일정 리스크가 해소될 때만 장기 관찰 등급을 유지한다.",project-notes/19-daelim.md; analysis/research-hypothesis-ledger.md; analysis/project-comparison-matrix.md; analysis/reassessment-watchlist.md; analysis/fieldwork-observation-notebook.md,node scripts/regenerate-research-artifacts.mjs,project-notes/19-daelim.md
seokchon-songpa-garak-backbone,석촌·송파·가락 8/9호선 배후축,잠실/송파,17,송파한양2차아파트 재건축정비사업 조합,조합설립인가,normal,원문 보강 우선,273.1,기본 추적형,원문 링크 병목,즉시 감시 가설,"역 접근, 생활권 연결, 보행축 개선이 공식 원문과 현장 관찰 양쪽에서 확인",핵심 수치 공란 3건; 잠실 핵심부 대비 역세권 강도 차이; 상업/관광 혼잡; 단지별 도로 접속,"고시번호·고시일·원문 URL 또는 로컬 원문 텍스트 연결; 사업시행/관리처분 원문, 8·9호선 접근/보행 환경, 송파권 고시공고; 사업별 메모와 비교표 재생성 후 가설 장부 변화 확인",analysis/songpa2-s1-public-item-fact-check.md; 결정고시 recordCode 또는 인가 원문 수동 확인; project-notes/17-songpa2.md; analysis/ocr-image-review-decisions.md; data/urban/text/files/17-11000NTC202506170006-17-11000NTC202506170006-business-notice_file-서울특별시_제2025-239호_고시.txt,"리스크 원문을 먼저 닫고, 비용·기반시설·일정 리스크가 해소될 때만 장기 관찰 등급을 유지한다.",project-notes/17-songpa2.md; analysis/research-hypothesis-ledger.md; analysis/project-comparison-matrix.md; analysis/reassessment-watchlist.md; analysis/project-risk-signal-summary.md,node scripts/regenerate-research-artifacts.mjs,project-notes/17-songpa2.md
seokchon-songpa-garak-backbone,석촌·송파·가락 8/9호선 배후축,잠실/송파,19,대림가락아파트 재건축정비사업조합,조합설립인가,normal,리스크 재점검,266.4,기본 추적형,OCR/부분확정 검토,즉시 감시 가설,"역 접근, 생활권 연결, 보행축 개선이 공식 원문과 현장 관찰 양쪽에서 확인",핵심 수치 공란 3건; 역까지의 실제 거리; 공원 주변 도로 단절; 행사일 혼잡,"고시번호·고시일·원문 URL 또는 로컬 원문 텍스트 연결; 사업시행/관리처분 원문, 8·9호선 접근/보행 환경, 송파권 고시공고; 사업별 메모와 비교표 재생성 후 가설 장부 변화 확인",OCR 텍스트 스니펫을 원문 이미지와 대조해 확정 수치 승격; project-notes/19-daelim.md; data/urban/text/files/19-11000NTC202111260001-19-11000NTC202111260001-notice_file-서울특별시_2021-551호_고시.txt; analysis/update-impact-ledger.md; analysis/recordcode-dead-end-audit.md,"리스크 원문을 먼저 닫고, 비용·기반시설·일정 리스크가 해소될 때만 장기 관찰 등급을 유지한다.",project-notes/19-daelim.md; analysis/research-hypothesis-ledger.md; analysis/project-comparison-matrix.md; analysis/reassessment-watchlist.md; analysis/fieldwork-observation-notebook.md,node scripts/regenerate-research-artifacts.mjs,project-notes/19-daelim.md
daechi-school-district,대치 학군·3호선·기존 생활 인프라,강남,6,대치우성1차아파트 재건축정비사업조합,사업시행인가,periodic,리스크 재점검,264.6,기본 추적형,원문 기반 검토 가능,즉시 감시 가설,사업비·분담금·이주 일정이 기존 학군/생활 인프라 프리미엄을 훼손하지 않는 것으로 확인,비용·분담금·이주 리스크가 학군 수요 프리미엄보다 크게 보이는 공개항목 확인,"정비계획/사업시행계획, 교통·보행 변화, 공개항목 비용/분담금 자료; 사업별 메모와 비교표 재생성 후 가설 장부 변화 확인",원문 스니펫을 읽고 확정 수치/조건으로 승격; project-notes/06-woosung1.md; data/urban/text/files/06-11000NTC201812171410-06-11000NTC201812171410-notice_file-서울시고시-제2018-399호.txt; analysis/update-impact-ledger.md; analysis/official-context-sources.csv,"리스크 원문을 먼저 닫고, 비용·기반시설·일정 리스크가 해소될 때만 장기 관찰 등급을 유지한다.",project-notes/06-woosung1.md; analysis/research-hypothesis-ledger.md; analysis/project-comparison-matrix.md; analysis/reassessment-watchlist.md; analysis/project-risk-signal-summary.md,node scripts/regenerate-research-artifacts.mjs,project-notes/06-woosung1.md
guui-jayang-hangang-axis,구의·자양 2/7호선·한강 접근축,구의/광진,13,자양제7구역 주택재건축정비사업 조합,조합설립인가,normal,리스크 재점검,264.1,기본 추적형,원문 기반 검토 가능,즉시 감시 가설,"역 접근, 생활권 연결, 보행축 개선이 공식 원문과 현장 관찰 양쪽에서 확인",한강/뚝섬 접근의 도로 단절; 상권 혼잡; 소규모정비의 사업성 편차,"정비구역계, 조합/사업시행 단계, 자치구 고시, 한강 접근·보행축 관련 계획; 사업별 메모와 비교표 재생성 후 가설 장부 변화 확인",analysis/jayang7-s1-public-item-fact-check.md; 원문 스니펫을 읽고 확정 수치/조건으로 승격; project-notes/13-jayang7.md; data/urban/text/files/13-11000NTC201808300002-13-11000NTC201808300002-notice_file-서울특별시2018-268.txt; analysis/update-impact-ledger.md,"리스크 원문을 먼저 닫고, 비용·기반시설·일정 리스크가 해소될 때만 장기 관찰 등급을 유지한다.",project-notes/13-jayang7.md; analysis/research-hypothesis-ledger.md; analysis/project-comparison-matrix.md; analysis/reassessment-watchlist.md; analysis/fieldwork-observation-notebook.md,node scripts/regenerate-research-artifacts.mjs,project-notes/13-jayang7.md
junggok-neighborhood-renewal,중곡 7호선 생활권 정비,구의/광진,22,중곡아파트 주택재건축정비사업조합,조합설립인가,normal,원문 보강 우선,257.6,기본 추적형,원문 기반 검토 가능,원문 병목 가설,"역 접근, 생활권 연결, 보행축 개선이 공식 원문과 현장 관찰 양쪽에서 확인",핵심 수치 공란 4건; 대형 업무·상업 거점과의 거리; 도로폭/노후도; 사업규모 한계,고시번호·고시일·원문 URL 또는 로컬 원문 텍스트 연결; 중곡권 정비계획·조합 단계·자치구 고시·생활권계획 원문; 사업별 메모와 비교표 재생성 후 가설 장부 변화 확인,고시문 주택공급계획 또는 정보몽땅 사업개요 업데이트 확인; project-notes/22-junggokapt.md; data/urban/text/files/22-11000NTC201411137333-22-11000NTC201411137333-notice_file-서울특별시2014-382.txt; analysis/update-impact-ledger.md; analysis/recordcode-dead-end-audit.md,"원문 또는 공식 회신 전에는 확정 가설로 승격하지 않고, 확인 후 점수·메모·클로저 장부를 함께 갱신한다.",project-notes/22-junggokapt.md; analysis/research-hypothesis-ledger.md; analysis/project-comparison-matrix.md; analysis/reassessment-watchlist.md; analysis/project-risk-signal-summary.md,node scripts/regenerate-research-artifacts.mjs,project-notes/22-junggokapt.md
guui-jayang-hangang-axis,구의·자양 2/7호선·한강 접근축,구의/광진,26,자양한양아파트 재건축정비사업,추진위원회승인,normal,리스크 재점검,256.9,기본 추적형,원문 기반 검토 가능,즉시 감시 가설,"역 접근, 생활권 연결, 보행축 개선이 공식 원문과 현장 관찰 양쪽에서 확인",한강/뚝섬 접근의 도로 단절; 상권 혼잡; 소규모정비의 사업성 편차,"정비구역계, 조합/사업시행 단계, 자치구 고시, 한강 접근·보행축 관련 계획; 사업별 메모와 비교표 재생성 후 가설 장부 변화 확인",analysis/jyhy2024-s1-public-item-fact-check.md; 서울도시공간포털 지도 팝업에서 recordCode와 구역명 재확인; project-notes/26-jyhy2024.md; data/urban/text/files/26-11215NTC202406040002-26-11215NTC202406040002-notice_file-서울특별시_제2024-267호_고시.txt; analysis/update-impact-ledger.md,"리스크 원문을 먼저 닫고, 비용·기반시설·일정 리스크가 해소될 때만 장기 관찰 등급을 유지한다.",project-notes/26-jyhy2024.md; analysis/research-hypothesis-ledger.md; analysis/project-comparison-matrix.md; analysis/reassessment-watchlist.md; analysis/fieldwork-observation-notebook.md,node scripts/regenerate-research-artifacts.mjs,project-notes/26-jyhy2024.md
macheon-geoyeo-renewal,마천·거여 재정비축,잠실/송파,20,마천1재정비촉진구역 주택재개발정비사업조합,조합설립인가,periodic,원문 보강 우선,256,기본 추적형,원문 링크 병목,즉시 감시 가설,"재정비촉진계획, 정비구역 변경, 조합/사업시행 단계, 권리관계와 도로계획 원문가 보도자료가 아니라 고시·계획·첨부 원문으로 확인",강남 핵심부 접근 시간; 언덕/도로폭/생활편의 격차; 재정비구역 장기 지연,"고시번호·고시일·원문 URL 또는 로컬 원문 텍스트 연결; 재정비촉진계획, 정비구역 변경, 조합/사업시행 단계, 권리관계와 도로계획 원문; 사업별 메모와 비교표 재생성 후 가설 장부 변화 확인",원문 스니펫을 읽고 확정 수치/조건으로 승격; project-notes/20-macheon-1.md; analysis/ocr-image-review-decisions.md; data/urban/text/files/20-11000NTC202606080004-20-11000NTC202606080004-notice_file-서울특별시_제2026-298호_고시문.txt; analysis/ocr-source-review-triage.md,"리스크 원문을 먼저 닫고, 비용·기반시설·일정 리스크가 해소될 때만 장기 관찰 등급을 유지한다.",project-notes/20-macheon-1.md; analysis/research-hypothesis-ledger.md; analysis/project-comparison-matrix.md; analysis/reassessment-watchlist.md; analysis/project-risk-signal-summary.md,node scripts/regenerate-research-artifacts.mjs,project-notes/20-macheon-1.md
daechi-school-district,대치 학군·3호선·기존 생활 인프라,강남,14,"개포주공6,7단지아파트 재건축정비사업조합",사업시행인가,periodic,리스크 재점검,254,기본 추적형,OCR/부분확정 검토,즉시 감시 가설,사업비·분담금·이주 일정이 기존 학군/생활 인프라 프리미엄을 훼손하지 않는 것으로 확인,비용·분담금·이주 리스크가 학군 수요 프리미엄보다 크게 보이는 공개항목 확인,"정비계획/사업시행계획, 교통·보행 변화, 공개항목 비용/분담금 자료; 사업별 메모와 비교표 재생성 후 가설 장부 변화 확인",analysis/gaepo6_7-s1-public-item-fact-check-detailed.md; analysis/gangnam-songpa-notice-probe.md 기준으로 원문 사업명·위치·면적을 기존 고시/사업개요와 대조; project-notes/14-gaepo6_7.md; analysis/s5-gaepo6_7-core-value-resolution.md; analysis/gaepo6_7-s1-public-item-fact-check.md,"리스크 원문을 먼저 닫고, 비용·기반시설·일정 리스크가 해소될 때만 장기 관찰 등급을 유지한다.",project-notes/14-gaepo6_7.md; analysis/research-hypothesis-ledger.md; analysis/project-comparison-matrix.md; analysis/reassessment-watchlist.md; analysis/fieldwork-observation-notebook.md,node scripts/regenerate-research-artifacts.mjs,project-notes/14-gaepo6_7.md
seokchon-songpa-garak-backbone,석촌·송파·가락 8/9호선 배후축,잠실/송파,21,가락삼익맨숀아파트 재건축정비사업 조합,관리처분인가,periodic,리스크 재점검,241.5,기본 추적형,원문 기반 검토 가능,즉시 감시 가설,"역 접근, 생활권 연결, 보행축 개선이 공식 원문과 현장 관찰 양쪽에서 확인",잠실 핵심부 대비 역세권 강도 차이; 상업/관광 혼잡; 단지별 도로 접속,"사업시행/관리처분 원문, 8·9호선 접근/보행 환경, 송파권 고시공고; 사업별 메모와 비교표 재생성 후 가설 장부 변화 확인",analysis/grsamik-s1-public-item-fact-check.md; 사업시행계획서/관리처분계획서/최신 변경고시로 수치 시점 확정; project-notes/21-grsamik.md; analysis/management-stage-value-resolution.md; analysis/management-stage-fact-check.md,"리스크 원문을 먼저 닫고, 비용·기반시설·일정 리스크가 해소될 때만 장기 관찰 등급을 유지한다.",project-notes/21-grsamik.md; analysis/research-hypothesis-ledger.md; analysis/project-comparison-matrix.md; analysis/reassessment-watchlist.md; analysis/project-risk-signal-summary.md,node scripts/regenerate-research-artifacts.mjs,project-notes/21-grsamik.md
seokchon-songpa-garak-backbone,석촌·송파·가락 8/9호선 배후축,잠실/송파,16,가락1차현대아파트 재건축정비사업 조합,사업시행인가,normal,리스크 재점검,236,기본 추적형,OCR/부분확정 검토,즉시 감시 가설,"역 접근, 생활권 연결, 보행축 개선이 공식 원문과 현장 관찰 양쪽에서 확인",공사비·분담금·일정 지연 신호,"사업시행/관리처분 원문, 8·9호선 접근/보행 환경, 송파권 고시공고; 사업별 메모와 비교표 재생성 후 가설 장부 변화 확인",analysis/hyundai-s1-public-item-fact-check.md; analysis/ocr-image-review-decisions.md; OCR 텍스트 스니펫을 원문 이미지와 대조해 확정 수치 승격; project-notes/16-hyundai.md; data/urban/text/files/16-11000NTC202105100001-16-11000NTC202105100001-notice_file-송파구_2021-88호_고시.txt,"리스크 원문을 먼저 닫고, 비용·기반시설·일정 리스크가 해소될 때만 장기 관찰 등급을 유지한다.",project-notes/16-hyundai.md; analysis/research-hypothesis-ledger.md; analysis/project-comparison-matrix.md; analysis/reassessment-watchlist.md; analysis/fieldwork-observation-notebook.md,node scripts/regenerate-research-artifacts.mjs,project-notes/16-hyundai.md
munjeong-jangji-business-axis,문정·장지 업무지구 배후축,잠실/송파,16,가락1차현대아파트 재건축정비사업 조합,사업시행인가,normal,리스크 재점검,236,기본 추적형,OCR/부분확정 검토,즉시 감시 가설,"역 접근, 생활권 연결, 보행축 개선이 공식 원문과 현장 관찰 양쪽에서 확인",공사비·분담금·일정 지연 신호,"문정 업무지구·동남권 업무수요 관련 계획, 교통망·도로 접근 변화; 사업별 메모와 비교표 재생성 후 가설 장부 변화 확인",analysis/hyundai-s1-public-item-fact-check.md; analysis/ocr-image-review-decisions.md; OCR 텍스트 스니펫을 원문 이미지와 대조해 확정 수치 승격; project-notes/16-hyundai.md; data/urban/text/files/16-11000NTC202105100001-16-11000NTC202105100001-notice_file-송파구_2021-88호_고시.txt,"리스크 원문을 먼저 닫고, 비용·기반시설·일정 리스크가 해소될 때만 장기 관찰 등급을 유지한다.",project-notes/16-hyundai.md; analysis/research-hypothesis-ledger.md; analysis/project-comparison-matrix.md; analysis/reassessment-watchlist.md; analysis/fieldwork-observation-notebook.md,node scripts/regenerate-research-artifacts.mjs,project-notes/16-hyundai.md
