change_type,severity,priority_rank,priority_tier,focus_area,district,project_name,project_type,cafe_id,field,field_label,previous_value,current_value,delta,previous_collected_at,current_collected_at,recommended_action,official_project_url,official_map_url
field_changed,medium,4,S,강남,강남구,은마아파트 재건축정비사업조합,재건축,the-eunma,public_doc_count,공개자료 수,3939건,3942건,3,2026-06-22T20:18:50.204Z,2026-06-23T06:53:21.484Z,사업장 공개자료 목록에서 새 문서 제목과 일자를 확인,https://cleanup.seoul.go.kr/cafe/mainIndx.do?cafeUrl=the-eunma,https://urban.seoul.go.kr/view/map/mapPopup.html?recordCode=11680AGZ202212050001
field_changed,medium,6,S,강남,강남구,대치우성1차아파트 재건축정비사업조합,재건축,woosung1,public_doc_count,공개자료 수,2036건,2037건,1,2026-06-22T20:18:50.204Z,2026-06-23T06:53:21.484Z,사업장 공개자료 목록에서 새 문서 제목과 일자를 확인,https://cleanup.seoul.go.kr/cafe/mainIndx.do?cafeUrl=woosung1,https://urban.seoul.go.kr/view/map/mapPopup.html?recordCode=11000AGZ201812170022
field_changed,medium,7,S,강남,강남구,대치쌍용2차아파트 주택재건축정비사업조합,재건축,ssang2,public_doc_count,공개자료 수,1911건,1912건,1,2026-06-22T20:18:50.204Z,2026-06-23T06:53:21.484Z,사업장 공개자료 목록에서 새 문서 제목과 일자를 확인,https://cleanup.seoul.go.kr/cafe/mainIndx.do?cafeUrl=ssang2,https://urban.seoul.go.kr/view/map/mapPopup.html?recordCode=11000AGZ201710270373
field_changed,medium,8,S,강남,강남구,대치쌍용1차아파트 주택재건축정비사업조합,재건축,ssang1,public_doc_count,공개자료 수,1791건,1793건,2,2026-06-22T20:18:50.204Z,2026-06-23T06:53:21.484Z,사업장 공개자료 목록에서 새 문서 제목과 일자를 확인,https://cleanup.seoul.go.kr/cafe/mainIndx.do?cafeUrl=ssang1,
field_changed,medium,21,S,잠실/송파,송파구,가락삼익맨숀아파트 재건축정비사업 조합,재건축,grsamik,public_doc_count,공개자료 수,2300건,2308건,8,2026-06-22T20:18:50.204Z,2026-06-23T06:53:21.484Z,사업장 공개자료 목록에서 새 문서 제목과 일자를 확인,https://cleanup.seoul.go.kr/cafe/mainIndx.do?cafeUrl=grsamik,https://urban.seoul.go.kr/view/map/mapPopup.html?recordCode=11710AGZ202010230001
field_changed,medium,,,강남,강남구,개포주공5단지아파트 재건축정비사업 조합,재건축,gaepo5,public_doc_count,공개자료 수,1787건,1797건,10,2026-06-22T20:18:50.204Z,2026-06-23T06:53:21.484Z,사업장 공개자료 목록에서 새 문서 제목과 일자를 확인,https://cleanup.seoul.go.kr/cafe/mainIndx.do?cafeUrl=gaepo5,https://urban.seoul.go.kr/view/map/mapPopup.html?recordCode=11000AGZ201710270374
field_changed,medium,,,강남,강남구,도곡우성아파트 재건축정비사업 조합,재건축,dogokwoosung,public_doc_count,공개자료 수,433건,434건,1,2026-06-22T20:18:50.204Z,2026-06-23T06:53:21.484Z,사업장 공개자료 목록에서 새 문서 제목과 일자를 확인,https://cleanup.seoul.go.kr/cafe/mainIndx.do?cafeUrl=dogokwoosung,https://urban.seoul.go.kr/view/map/mapPopup.html?recordCode=11680AGZ202306050001
field_changed,medium,,,강남,강남구,청담삼익아파트 재건축정비사업 조합,재건축,cheongdam,public_doc_count,공개자료 수,2971건,2973건,2,2026-06-22T20:18:50.204Z,2026-06-23T06:53:21.484Z,사업장 공개자료 목록에서 새 문서 제목과 일자를 확인,https://cleanup.seoul.go.kr/cafe/mainIndx.do?cafeUrl=cheongdam,https://urban.seoul.go.kr/view/map/mapPopup.html?recordCode=11000AGZ202301100001
field_changed,medium,,,잠실/송파,송파구,가락미륭아파트 재건축정비사업조합,재건축,garakmirung,public_doc_count,공개자료 수,1457건,1460건,3,2026-06-22T20:18:50.204Z,2026-06-23T06:53:21.484Z,사업장 공개자료 목록에서 새 문서 제목과 일자를 확인,https://cleanup.seoul.go.kr/cafe/mainIndx.do?cafeUrl=garakmirung,https://urban.seoul.go.kr/view/map/mapPopup.html?recordCode=11000AGZ202003050003
field_changed,medium,,,잠실/송파,송파구,마천4재정비촉진구역 주택재개발정비사업조합,재개발(주택정비형),akcjs4,public_doc_count,공개자료 수,1870건,1871건,1,2026-06-22T20:18:50.204Z,2026-06-23T06:53:21.484Z,사업장 공개자료 목록에서 새 문서 제목과 일자를 확인,https://cleanup.seoul.go.kr/cafe/mainIndx.do?cafeUrl=akcjs4,https://urban.seoul.go.kr/view/map/mapPopup.html?recordCode=11000AGZ201710278662
field_changed,medium,,,잠실/송파,송파구,오금현대아파트 주택재건축정비사업구역,재건축,ogeumhyundai,public_doc_count,공개자료 수,306건,308건,2,2026-06-22T20:18:50.204Z,2026-06-23T06:53:21.484Z,사업장 공개자료 목록에서 새 문서 제목과 일자를 확인,https://cleanup.seoul.go.kr/cafe/mainIndx.do?cafeUrl=ogeumhyundai,https://urban.seoul.go.kr/view/map/mapPopup.html?recordCode=11710AGZ202404160001
field_changed,medium,,,잠실/송파,송파구,잠실진주아파트 주택재건축정비사업조합,재건축,jjapt16,public_doc_count,공개자료 수,2066건,2067건,1,2026-06-22T20:18:50.204Z,2026-06-23T06:53:21.484Z,사업장 공개자료 목록에서 새 문서 제목과 일자를 확인,https://cleanup.seoul.go.kr/cafe/mainIndx.do?cafeUrl=jjapt16,https://urban.seoul.go.kr/view/map/mapPopup.html?recordCode=11710AGZ202107260001
field_changed,medium,,,잠실/송파,송파구,한양3차아파트 재건축정비사업조합,재건축,hanyang3,public_doc_count,공개자료 수,1079건,1082건,3,2026-06-22T20:18:50.204Z,2026-06-23T06:53:21.484Z,사업장 공개자료 목록에서 새 문서 제목과 일자를 확인,https://cleanup.seoul.go.kr/cafe/mainIndx.do?cafeUrl=hanyang3,https://urban.seoul.go.kr/view/map/mapPopup.html?recordCode=11000AGZ201909110252
