scope,area_group,anchor_role,anchor_label,reference_id,project_name,current_stage_or_signal,stage_bucket,official_notice_no,official_notice_date,official_value_snapshot,transit_axis,transit_lines_or_drivers,evidence_state,confidence_or_grade,risk_or_caution,long_term_view,comparison_hook,next_action,source_path
core_anchor,강남,top_potential,장기 잠재 대표,10,압구정아파트지구 특별계획구역③ 재건축정비사업 조합,조합설립인가,조합 이후,정보몽땅 사업개요,2026-06-23,"면적 400,633.2㎡, 세대 5,175, 용적률 300%",압구정 한강변·강남북 연결축,3호선; 수인분당선 접근,원문+텍스트,B / 잠재 8.2 / 확신 7.9,한강변 경관/높이 규제; 압구정로 혼잡; 조합별 사업속도 차이,"서울 최상급 한강변 재건축 축이다. 교통보다 한강변 경관, 높이, 공공기여, 조합별 단계 차이가 가치와 리스크를 가른다.",한강변 경관·높이·공공기여 조건과 조합별 단계 차이를 같이 본다.,"분담금/사업비 공개 항목과 고시 원문 수치, 사업별 메모의 비용 리스크를 대조",project-notes/10-apgujeong3.md
core_anchor,강남,stage_anchor,진행 단계 anchor,6,대치우성1차아파트 재건축정비사업조합,사업시행인가,사업시행 이후,2018-399,2018-12-06,"면적 28,793㎡, 세대 725, 용적률 300%",대치·학여울 학군·3호선축,3호선; 수인분당선 접근,원문+텍스트,A / 잠재 6.5 / 확신 8.9,학원가/학교 주변 혼잡; 대치권 가격 선반영; 단지별 역 접근 차이,"학군과 기존 생활 인프라가 강한 축이다. 교통개선 호재보다 재건축 단계, 분담금, 이주 가능성, 대체 신축 공급을 봐야 한다.",사업시행인가 이후 분담금·공사비와 학군 프리미엄의 균형을 본다.,공식 교통/도시계획 출처에서 생활권 변화 가설 확인,project-notes/06-woosung1.md
core_anchor,잠실/송파,top_potential,장기 잠재 대표,1,잠실5단지아파트 주택재건축정비사업조합,조합설립인가,조합 이후,2024-432,2024-09-05,"면적 358,077㎡, 세대 6,491, 용적률 323%",잠실역·종합운동장 환승축,2호선; 8호선; 9호선 영향권,원문+텍스트,A / 잠재 8.9 / 확신 8.9,행사·상업 집객에 따른 혼잡; 한강·탄천·대형도로 단절; 이주기 전세 압력,동남권 광역업무·전시·스포츠 거점과 대단지 재건축이 결합되는 축이다. 역 접근성보다 공공개발 일정과 민간 정비사업 이주/착공 타이밍을 분리해서 봐야 한다.,국제교류복합지구와 민간 재건축 일정의 결합 가능성을 본다.,"분담금/사업비 공개 항목과 고시 원문 수치, 사업별 메모의 비용 리스크를 대조",project-notes/01-jamsil5apt.md
core_anchor,잠실/송파,stage_anchor,진행 단계 anchor,9,잠실우성4차 주택재건축정비사업조합,관리처분인가,이주/관리처분,2017-239,2017-07-06,"면적 31,961.1㎡, 세대 732, 용적률 300%",잠실역·종합운동장 환승축,2호선; 8호선; 9호선 영향권,원문+텍스트,B / 잠재 8.1 / 확신 9,행사·상업 집객에 따른 혼잡; 한강·탄천·대형도로 단절; 이주기 전세 압력,동남권 광역업무·전시·스포츠 거점과 대단지 재건축이 결합되는 축이다. 역 접근성보다 공공개발 일정과 민간 정비사업 이주/착공 타이밍을 분리해서 봐야 한다.,국제교류복합지구와 민간 재건축 일정의 결합 가능성을 본다.,이주비/HUG/명도/범죄예방 항목을 관리처분 일정과 연결,project-notes/09-tw2w7iwv.md
core_anchor,구의/광진,top_potential+stage_anchor,장기 잠재 대표 + 진행 단계 anchor,25,한양연립 일대 가로주택정비사업,착공 공개신호 / 사업시행계획변경인가 직접 원문,사업시행 이후,2023-115,2023-12-07,"면적 9,877.80㎡, 세대 215, 용적률 248.70%",구의·강변 동서울터미널축,2호선 접근; 버스터미널 광역교통,원문+텍스트,B / 잠재 7.3 / 확신 7.9,터미널/강변역 혼잡; 큰 도로와 한강 접근 단절; 공식 일정 불확실성,동서울터미널과 강변역 일대 변화가 광진 동부의 생활권 위상을 바꿀 수 있다. 공식 도시계획/사전협상 자료 확인이 먼저다.,소규모정비의 속도와 생활권 체감 개선 폭을 따로 본다.,동서울터미널/강변역 관련 도시계획·사전협상 자료 확인,project-notes/25-hanyanggaro.md
expansion_watch,강동권,direct_project,direct 후보,exp-short-gd-cheonho3,천호3구역,재정비촉진계획(천호3재정비촉진구역) 경미변경 결정 고시,천호역-강동역-천호대로,강동구 제2025-194호,2025-11-19,"정비구역 22,952.9㎡, 계획용적률 226.22%, 법정상한 250%, 건폐율 30% 이하, 최고 78m/25층, 총 535세대, 기반시설 순부담 1,552.2㎡(11.84%)","8호선 천호역·강동역 생활권, 천호대로 축, 잠실 동측 비교에 적합",잠실/송파 동측 연장축과 가장 직접적으로 맞닿는 천호 생활권 direct hit다.,원문+텍스트,high / confirmed_snapshot,촉진계획 경미변경 고시라 최근 사업 단계 전체를 단독으로 확정하지는 않는다.,잠실 동측 연장축 direct hit로서 촉진계획·기반시설 부담·주택 규모 구성을 비교하는 기준점,잠실 동측 연장축에서 대단지 잠실축보다 중간 체급 재건축이 더 현실적인 대안이 되는가.,기반시설 비용분담과 세대 구성을 생활권 비교 보드에 옮기고 강동구 고시공고 최신 단계와 교차 확인,data/urban/text/files/exp-short-gd-cheonho3-11740NTC202511180006-exp-short-gd-cheonho3-11740NTC202511180006-notice_file-강동구_제2025-194호_고시.txt
expansion_watch,강동권,direct_project,direct 후보,exp-short-gd-seongnaemiju,성내미주아파트 주택재건축정비사업,정비구역 변경지정(경미한 변경) 고시,성내동-올림픽공원 북측,강동구 제2016-123호,2016-08-24,"정비구역 18,414.3㎡, 정비계획 용적률 249.92%, 법정상한 291.05%, 건폐율 30%, 총 482세대",8호선 강동구청역·둔촌동/올림픽공원 배후축 비교에 적합,성내동 직접 hit 중에서 생활권 체감과 재건축 해석을 같이 볼 수 있는 기준점이다.,원문+텍스트,medium / confirmed_snapshot,2016년 고시라 현재 단계와 최근 공개자료는 별도 최신 확인이 필요하다.,성내동 직접 재건축 기준점으로 소규모 생활권 체감과 용적률/세대 구성을 비교,잠실 동측 연장축에서 대단지 잠실축보다 중간 체급 재건축이 더 현실적인 대안이 되는가.,"사업 단계 최신성은 강동구 고시공고·정보몽땅으로 갱신하고, 면적/세대수는 장기 비교 기준값으로 보관",data/urban/text/files/exp-short-gd-seongnaemiju-11000NTC201608247852-exp-short-gd-seongnaemiju-11000NTC201608247852-notice_file-강동구2016-123.txt
expansion_watch,강동권,direct_project,direct 후보,exp-short-gd-sindonga12,신동아1·2차아파트 주택재건축 정비사업,정비구역(계획) 경미한 변경 지정 고시,길동역-굽은다리역,강동구 제2025-48호,2025-04-02,"정비구역 46,267.7㎡, 획지 39,246.1㎡, 정비기반시설 6,898.6㎡, 정비계획 용적률 243.39%, 법정상한 290.95%, 건폐율 20% 이하, 99m/33층 이하, 총 1,299세대","5호선 길동역·굽은다리역 배후, 잠실 핵심부 대비 소생활권 체급 비교에 적합",길동 생활권에서 최근 고시가 확인된 direct 재건축 hit로 비교축 출발점이 된다.,원문+텍스트,medium / confirmed_snapshot,경미변경 고시이므로 최신 인허가 단계보다 정비계획 수치 기준으로 읽어야 한다.,길동 direct 공급규모와 공원·도로 정비기반시설 비중을 읽는 핵심 비교축,잠실 동측 연장축에서 대단지 잠실축보다 중간 체급 재건축이 더 현실적인 대안이 되는가.,공공시설부지/기부채납 면적과 세대 구성을 생활권 비교표 후보로 정리하고 정보몽땅 단계와 매칭,data/urban/text/files/exp-short-gd-sindonga12-11740NTC202504220008-exp-short-gd-sindonga12-11740NTC202504220008-notice_file-강동구_제2025-48호_고시.txt
expansion_watch,강동권,direct_project,direct 후보,exp-short-gd-sangilvilla,상일동 빌라단지 통합 재건축,재건축 단계: 추진위원회승인,상일동-고덕강일 생활권,,,"정비구역 82,640㎡, 용적률 250%, 최고 29층, 분양 1,367세대/임대 146세대 후보","상일동역·고덕강일역권, 상일강변 생활권, 상업·역세권 연결축에서 접근성 비교용",강동권 동측 확장축에서 상일동 빌라 단지 밀집 구간과 가장 직접적으로 맞닿는 재건축 후보다.,미분류,high / confirmed_snapshot,"noticeCode 미확보로 단계·원문 추적이 아직 약하고, 공개수치 확신도가 낮다.",강동권 동측에서 상일동 빌라권을 재건축 축으로 가정한 1차 비교값,잠실 동측 연장축에서 대단지 잠실축보다 중간 체급 재건축이 더 현실적인 대안이 되는가.,정비사업정보공개 상세에서 noticeCode 및 첨부 원문 경로를 먼저 확보해 official-update-intake로 연결,
expansion_watch,강동권,adjacent_project,adjacent 후보,exp-short-gd-gokang1,고덕강일1역세권 재개발사업,재개발 단계: 정비계획 수립,고덕강일1역세권,,,공개 수치 미공개,상일권 동측 생활권에서 고덕강일1역세권 교통권을 중심으로 관찰할 수 있는 후보,정비계획 수립 단계 정보가 확인되어 장기 후보군으로는 유효하나 현재 비교수치/단계 확정이 낮다.,미분류,low / pending_table_recheck,정비사업정보공개 공란이 많아 현재 단계 값과 수치가 보강되지 않았다.,"고덕강일1역세권 동측 인접 후보군으로 장기 관찰, 현재는 수치 비교 대상 미흡",잠실 동측 연장축에서 대단지 잠실축보다 중간 체급 재건축이 더 현실적인 대안이 되는가.,정비계획 수립 문서와 noticeCode를 확보하면 수치 재확인 후 OCR 또는 원문 검토 보드로 이동,
expansion_watch,강동권,adjacent_project,adjacent 후보,exp-short-gd-gd1207,고덕대우아파트 소규모재건축사업,재건축 단계: 조합설립인가,길동-고덕 이행축,,,"정비구역 면적 6,462.9㎡, 용적률 300%, 최고 29층, 분양 190세대/임대 146세대 후보",고덕동 생활권에서 강동권 인접 축 연결과 내부 동선 부담이 큰 편이라 교통편익은 제한적일 수 있다.,조합설립 단계가 확인된 소규모 재건축으로 장기 비교에서 가격 민감 구간을 보완한다.,미분류,low / confirmed_snapshot,수치 중 일부가 cleanup 기반 후보값이며 noticeCode·원문 링크는 아직 미확보.,강동권 소규모재건축 체급에서 강동 동측 비교축으로 사용할 보조 baseline,잠실 동측 연장축에서 대단지 잠실축보다 중간 체급 재건축이 더 현실적인 대안이 되는가.,조합설립 후속 인가·관리처분 문서의 공개자료를 받으면 고시명세와 stage 보드 동기화,
expansion_watch,강동권,context_project,context 후보,exp-short-gd-gildong43,주택재건축정비구역,길동 신동아3차아파트 정비구역(계획) 경미한 변경 결정 고시,길동역-굽은다리역,강동구 제2020-55호,2020-04-01,"정비구역 12,264.5㎡, 정비계획 용적률 288.38%, 법정상한 290%, 건폐율 30% 이하, 21층 이하(71m 이하), 총 366세대",길동역 배후 생활권의 보조 비교축,길동 축 보조 카드이지만 사업명이 generic해서 단독 승격보다 보조 검증용으로 적합하다.,원문+텍스트,low / confirmed_snapshot,generic 사업명으로 저장돼 있어 사업장 식별은 신동아3차 기준으로 보조적으로만 사용한다.,길동 축 보조 검증용으로 신동아1·2차와 다른 체급/밀도를 대비할 때 사용,잠실 동측 연장축에서 대단지 잠실축보다 중간 체급 재건축이 더 현실적인 대안이 되는가.,generic 라벨을 유지하되 비교 메모에는 신동아3차 정비구역으로 병기,data/urban/text/files/exp-short-gd-gildong43-11000NTC202004280008-exp-short-gd-gildong43-11000NTC202004280008-notice_file-강동구_제2020-55호_고시.txt
expansion_watch,약수동 주변,adjacent_project,adjacent 후보,exp-short-ys-sindang8,신당 제8구역 주택재개발정비사업,정비구역 변경(경미한 사항) 결정 및 지형도면 고시,약수역-신당동 경사 생활권,중구 제2023-6호,2023-01-18,"정비구역 58,651.3㎡, 택지(공동주택) 45,184.0㎡, 정비계획 용적률 248.64%, 공공청사 1,306㎡, 총 기부채납 10.81%, 임대주택 계획표 기준 총 1,215세대/임대 183세대",3호선 약수역·6호선 버티고개역과 도심 접근을 함께 보는 보조축,약수 direct hit는 없었지만 신당 생활권에서 약수-버티고개 경사 축과 가장 자연스럽게 이어지는 재개발 후보다.,원문+이미지 재대조,high / confirmed_snapshot,환경관리계획 서술부 OCR의 '세대수 712'는 정식 표와 충돌하므로 비교값은 건축·임대주택 계획표 기준으로만 사용한다.,약수-신당 경사 생활권 adjacent 대조군으로 대형 재개발 체급과 공공청사/기부채납 비중을 읽는 기준점,강남·잠실과 다른 도심 경사 생활권이 장기 대안축으로 성립하는가.,"약수권 비교표에 1,215세대/임대 183세대 구조와 기부채납 10.81%를 반영하고, 생활권 대조에서는 서술부 OCR 숫자를 폐기",data/urban/text/files/exp-short-ys-sindang8-11140NTC202302130001-exp-short-ys-sindang8-11140NTC202302130001-notice_file-중구_2023-6호_고시.txt
expansion_watch,약수동 주변,adjacent_project,adjacent 후보,exp-short-ys-sindang9,신당 제9주택재개발정비구역,정비계획 결정(변경)(경미한 사항) 및 지형도면 고시,약수역-신당동 경사 생활권,중구 제2021-102호,2021-09-01,"정비구역 18,651㎡, 획지1 17,559㎡, 건폐율 60% 이하, 정비계획 상한용적률 182%, 7층/28m 이하, 주택공급 334세대, 공공시설 환산부지면적 967.39㎡",중구 내부 경사 생활권과 약수·청구 연결을 보는 비교축,신당 제8구역과 함께 약수권 경사 생활권의 인접 대조군으로 쓸 수 있다.,원문+이미지 재대조,medium / confirmed_snapshot,181%는 기정값이고 비교에는 변경값 182%만 사용해야 한다.,"약수권 경사 생활권 대조군으로 저층 고도제한, 7층 캡, 세대수 축소 여부를 읽는 보행형 재개발 기준점",강남·잠실과 다른 도심 경사 생활권이 장기 대안축으로 성립하는가.,"약수권 비교표에 7층/28m, 334세대, 환산부지면적 967.39㎡를 공식 확정값으로 반영",data/urban/text/files/exp-short-ys-sindang9-11140NTC202109170002-exp-short-ys-sindang9-11140NTC202109170002-notice_file-중구_2021-102호_고시.txt
expansion_watch,약수동 주변,adjacent_project,adjacent 후보,exp-short-ys-geumho14-1,금호 제14-1 주택재개발 정비사업,정비구역지정(경미한 변경) 결정 및 지형도면 고시,청구역-신금호역 연결축,성동구 제2023-13호,2023-02-09,"연면적 15,500㎡, 구역면적 5,144.70㎡, 택지 4,043.60㎡, 건폐율 28%, 개발가능용적률 238.67% 이하(설계 232.25%), 최고 16층 이하, 주택공급 108세대, 공공시설부지 제공 424.7㎡",5호선 신금호역·3호선 금호 생활권과 도심 접근 비교용,청구·신금호 direct hit가 없는 상황에서 corridor 비교축을 유지하기 위한 가장 최근 인접 재개발 후보다.,원문+이미지 재대조,medium / confirmed_snapshot,"15,500㎡는 연면적이므로 구역면적 비교값과 섞으면 안 된다.",청구·신금호 연결축 인접 재개발 비교군으로 소형 재개발 체급과 공공시설 부담 구조를 읽는 보조 축,강남·잠실과 다른 도심 경사 생활권이 장기 대안축으로 성립하는가.,"약수권 비교표에는 구역면적 5,144.70㎡와 개발가능용적률 238.67% 이하, 설계 232.25%, 108세대를 함께 반영",data/urban/text/files/exp-short-ys-geumho14-1-11200NTC202302270005-exp-short-ys-geumho14-1-11200NTC202302270005-notice_file-성동구_2023-13호_고시.txt
