shortlist_id,zone_name,candidate_type,shortlist_priority,project_name,notice_no,notice_date,urban_notice_code,urban_notice_title,map_form_url,detail_fetched,notice_file_linked,local_notice_file_count,local_drawing_file_count,text_status,text_char_count,text_path,next_action
exp-short-gd-cheonho3,강동권,direct_project,high,천호3구역,강동구 제2025-194호,2025-11-19,11740NTC202511180006,천호 재정비촉진지구 재정비촉진계획(천호3재정비촉진구역) (경미한)변경결정 및 지형도면 고시,https://urban.seoul.go.kr/view/ntfc/mapForm.pop?noticeCode=11740NTC202511180006,Y,Y,1,17,extracted,9063,data/urban/text/files/exp-short-gd-cheonho3-11740NTC202511180006-exp-short-gd-cheonho3-11740NTC202511180006-notice_file-강동구_제2025-194호_고시.txt,키필드 검토와 생활권 비교 보드로 이동
exp-short-gd-seongnaemiju,강동권,direct_project,medium,성내미주아파트 주택재건축정비사업,강동구 제2016-123호,2016-08-24,11000NTC201608247852,성내미주아파트 주택재건축 정비구역 변경지정(경미한 변경)고시,https://urban.seoul.go.kr/view/ntfc/mapForm.pop?noticeCode=11000NTC201608247852,Y,Y,1,0,extracted,3090,data/urban/text/files/exp-short-gd-seongnaemiju-11000NTC201608247852-exp-short-gd-seongnaemiju-11000NTC201608247852-notice_file-강동구2016-123.txt,키필드 검토와 생활권 비교 보드로 이동
exp-short-gd-sindonga12,강동권,direct_project,medium,신동아1·2차아파트 주택재건축 정비사업,강동구 제2025-48호,2025-04-02,11740NTC202504220008,길동 신동아1·2차아파트 주택재건축 정비구역(계획) 경미한 변경 지정 고시,https://urban.seoul.go.kr/view/ntfc/mapForm.pop?noticeCode=11740NTC202504220008,Y,Y,1,2,extracted,4824,data/urban/text/files/exp-short-gd-sindonga12-11740NTC202504220008-exp-short-gd-sindonga12-11740NTC202504220008-notice_file-강동구_제2025-48호_고시.txt,키필드 검토와 생활권 비교 보드로 이동
exp-short-gd-sangilvilla,강동권,direct_project,high,상일동 빌라단지 통합 재건축,,,,,,,,0,0,,0,,네트워크 가능 시 확장 shortlist 전용 fetch 명령 실행
exp-short-gd-gokang1,강동권,adjacent_project,low,고덕강일1역세권 재개발사업,,,,,,,,0,0,,0,,네트워크 가능 시 확장 shortlist 전용 fetch 명령 실행
exp-short-gd-gd1207,강동권,adjacent_project,low,고덕대우아파트 소규모재건축사업,,,,,,,,0,0,,0,,네트워크 가능 시 확장 shortlist 전용 fetch 명령 실행
exp-short-gd-gildong43,강동권,context_project,low,주택재건축정비구역,강동구 제2020-55호,2020-04-01,11000NTC202004280008,길동 신동아 3차아파트 주택재건축 정비구역(계획) 경미한 변경 지정 고시,https://urban.seoul.go.kr/view/ntfc/mapForm.pop?noticeCode=11000NTC202004280008,Y,Y,1,0,extracted,4785,data/urban/text/files/exp-short-gd-gildong43-11000NTC202004280008-exp-short-gd-gildong43-11000NTC202004280008-notice_file-강동구_제2020-55호_고시.txt,키필드 검토와 생활권 비교 보드로 이동
exp-short-ys-sindang8,약수동 주변,adjacent_project,high,신당 제8구역 주택재개발정비사업,중구 제2023-6호,2023-01-18,11140NTC202302130001,신당제8주택재개발정비구역 재개발사업 정비구역 변경(경미한 사항)결정 및 지형도면 고시,https://urban.seoul.go.kr/view/ntfc/mapForm.pop?noticeCode=11140NTC202302130001,Y,Y,1,0,ocr_extracted,15654,data/urban/text/files/exp-short-ys-sindang8-11140NTC202302130001-exp-short-ys-sindang8-11140NTC202302130001-notice_file-중구_2023-6호_고시.txt,키필드 검토와 생활권 비교 보드로 이동
exp-short-ys-sindang9,약수동 주변,adjacent_project,medium,신당 제9주택재개발정비구역,중구 제2021-102호,2021-09-01,11140NTC202109170002,신당제9주택재개발정비구역 재개발사업 정비계획 결정(변경)(경미한 사항) 및 지형도면 고시,https://urban.seoul.go.kr/view/ntfc/mapForm.pop?noticeCode=11140NTC202109170002,Y,Y,1,1,ocr_extracted,10298,data/urban/text/files/exp-short-ys-sindang9-11140NTC202109170002-exp-short-ys-sindang9-11140NTC202109170002-notice_file-중구_2021-102호_고시.txt,키필드 검토와 생활권 비교 보드로 이동
exp-short-ys-geumho14-1,약수동 주변,adjacent_project,medium,금호 제14-1 주택재개발 정비사업,성동구 제2023-13호,2023-02-09,11200NTC202302270005,금호제14-1구역 주택재개발 정비구역지정(경미한 변경) 결정 및 지형도면 고시,https://urban.seoul.go.kr/view/ntfc/mapForm.pop?noticeCode=11200NTC202302270005,Y,Y,1,0,ocr_extracted,10339,data/urban/text/files/exp-short-ys-geumho14-1-11200NTC202302270005-exp-short-ys-geumho14-1-11200NTC202302270005-notice_file-성동구_2023-13호_고시.txt,키필드 검토와 생활권 비교 보드로 이동
