ingest_row_id,ingest_scope,task_id,manual_source_id,provider,source_name,download_url_or_page,expected_file_type,local_path,coverage_from,coverage_to,lawd_cd,district,dong,geography,project_scope,required_columns_note,downloaded_at,filter_applied,status_note
exp-task-seoul-open-data-exp-market-gd-cheonho-202601,expansion_download_task,seoul-open-data-exp-market-gd-cheonho-202601,seoul-open-data-real-estate-csv,서울특별시,서울시 부동산 실거래가 정보,https://data.seoul.go.kr/dataList/OA-21275/S/1/datasetView.do,csv,data/market/manual-import/files/seoul-open-data_강동구_천호동_202601_202606.csv,202601,202606,,강동구,천호동,강동구 / 천호동,확장권 baseline task seoul-open-data-exp-market-gd-cheonho-202601,"자치구, 법정동, 건물명 또는 단지명, 계약/신고일, 거래금액, 면적",2026-06-24T07:17:32.495Z,신고년도=2026; 자치구=강동구; 법정동 필터=법정동=천호동,확장권 latest-window 수동 다운로드 파일 자동 반입; packet_rank=1; 1차 direct 최신분
exp-task-molit-apt-trade-exp-market-gd-cheonho-202601,expansion_download_task,molit-apt-trade-exp-market-gd-cheonho-202601,molit-rtms-apt-trade-rent-manual,국토교통부,아파트 매매·전월세 실거래 원자료,https://rt.molit.go.kr/pt/xls/xls.do?mobileAt=,csv,data/market/manual-import/files/molit-apt-trade_강동구_천호동_202601_202606.csv,202601,202606,,강동구,천호동,강동구 / 천호동,확장권 baseline task molit-apt-trade-exp-market-gd-cheonho-202601,"지역/법정동, 단지명, 계약년월일, 거래/보증금/월세, 전용면적, 층, 건축년도",2026-06-24T07:17:52.652Z,LAWD_CD=11740; 계약년월=202601~202606; 법정동 baseline=천호동,확장권 latest-window 수동 다운로드 파일 자동 반입; packet_rank=1; 1차 direct 최신분
exp-task-molit-apt-rent-exp-market-gd-cheonho-202601,expansion_download_task,molit-apt-rent-exp-market-gd-cheonho-202601,molit-rtms-apt-trade-rent-manual,국토교통부,아파트 매매·전월세 실거래 원자료,https://rt.molit.go.kr/pt/xls/xls.do?mobileAt=,csv,data/market/manual-import/files/molit-apt-rent_강동구_천호동_202601_202606.csv,202601,202606,,강동구,천호동,강동구 / 천호동,확장권 baseline task molit-apt-rent-exp-market-gd-cheonho-202601,"지역/법정동, 단지명, 계약년월일, 거래/보증금/월세, 전용면적, 층, 건축년도",2026-06-24T07:17:52.652Z,LAWD_CD=11740; 계약년월=202601~202606; 법정동 baseline=천호동,확장권 latest-window 수동 다운로드 파일 자동 반입; packet_rank=1; 1차 direct 최신분
exp-task-molit-rowhouse-trade-exp-market-gd-cheonho-202601,expansion_download_task,molit-rowhouse-trade-exp-market-gd-cheonho-202601,molit-rtms-rowhouse-trade-rent-manual,국토교통부,연립·다세대 매매·전월세 실거래 원자료,https://rt.molit.go.kr/pt/xls/xls.do?mobileAt=,csv,data/market/manual-import/files/molit-rowhouse-trade_강동구_천호동_202601_202606.csv,202601,202606,,강동구,천호동,강동구 / 천호동,확장권 baseline task molit-rowhouse-trade-exp-market-gd-cheonho-202601,"지역/법정동, 건물명, 계약년월일, 거래/보증금/월세, 전용면적, 층, 건축년도",2026-06-24T07:17:52.652Z,LAWD_CD=11740; 계약년월=202601~202606; 법정동 baseline=천호동,확장권 latest-window 수동 다운로드 파일 자동 반입; packet_rank=1; 1차 direct 최신분
exp-task-molit-rowhouse-rent-exp-market-gd-cheonho-202601,expansion_download_task,molit-rowhouse-rent-exp-market-gd-cheonho-202601,molit-rtms-rowhouse-trade-rent-manual,국토교통부,연립·다세대 매매·전월세 실거래 원자료,https://rt.molit.go.kr/pt/xls/xls.do?mobileAt=,csv,data/market/manual-import/files/molit-rowhouse-rent_강동구_천호동_202601_202606.csv,202601,202606,,강동구,천호동,강동구 / 천호동,확장권 baseline task molit-rowhouse-rent-exp-market-gd-cheonho-202601,"지역/법정동, 건물명, 계약년월일, 거래/보증금/월세, 전용면적, 층, 건축년도",2026-06-24T07:17:52.652Z,LAWD_CD=11740; 계약년월=202601~202606; 법정동 baseline=천호동,확장권 latest-window 수동 다운로드 파일 자동 반입; packet_rank=1; 1차 direct 최신분
exp-task-seoul-open-data-exp-market-gd-gildong-202601,expansion_download_task,seoul-open-data-exp-market-gd-gildong-202601,seoul-open-data-real-estate-csv,서울특별시,서울시 부동산 실거래가 정보,https://data.seoul.go.kr/dataList/OA-21275/S/1/datasetView.do,csv,data/market/manual-import/files/seoul-open-data_강동구_길동_202601_202606.csv,202601,202606,,강동구,길동,강동구 / 길동,확장권 baseline task seoul-open-data-exp-market-gd-gildong-202601,"자치구, 법정동, 건물명 또는 단지명, 계약/신고일, 거래금액, 면적",2026-06-24T07:17:32.495Z,신고년도=2026; 자치구=강동구; 법정동 필터=법정동=길동,확장권 latest-window 수동 다운로드 파일 자동 반입; packet_rank=2; 1차 direct 최신분
exp-task-molit-apt-trade-exp-market-gd-gildong-202601,expansion_download_task,molit-apt-trade-exp-market-gd-gildong-202601,molit-rtms-apt-trade-rent-manual,국토교통부,아파트 매매·전월세 실거래 원자료,https://rt.molit.go.kr/pt/xls/xls.do?mobileAt=,csv,data/market/manual-import/files/molit-apt-trade_강동구_길동_202601_202606.csv,202601,202606,,강동구,길동,강동구 / 길동,확장권 baseline task molit-apt-trade-exp-market-gd-gildong-202601,"지역/법정동, 단지명, 계약년월일, 거래/보증금/월세, 전용면적, 층, 건축년도",2026-06-24T07:17:52.652Z,LAWD_CD=11740; 계약년월=202601~202606; 법정동 baseline=길동,확장권 latest-window 수동 다운로드 파일 자동 반입; packet_rank=2; 1차 direct 최신분
exp-task-molit-apt-rent-exp-market-gd-gildong-202601,expansion_download_task,molit-apt-rent-exp-market-gd-gildong-202601,molit-rtms-apt-trade-rent-manual,국토교통부,아파트 매매·전월세 실거래 원자료,https://rt.molit.go.kr/pt/xls/xls.do?mobileAt=,csv,data/market/manual-import/files/molit-apt-rent_강동구_길동_202601_202606.csv,202601,202606,,강동구,길동,강동구 / 길동,확장권 baseline task molit-apt-rent-exp-market-gd-gildong-202601,"지역/법정동, 단지명, 계약년월일, 거래/보증금/월세, 전용면적, 층, 건축년도",2026-06-24T07:17:52.652Z,LAWD_CD=11740; 계약년월=202601~202606; 법정동 baseline=길동,확장권 latest-window 수동 다운로드 파일 자동 반입; packet_rank=2; 1차 direct 최신분
exp-task-molit-rowhouse-trade-exp-market-gd-gildong-202601,expansion_download_task,molit-rowhouse-trade-exp-market-gd-gildong-202601,molit-rtms-rowhouse-trade-rent-manual,국토교통부,연립·다세대 매매·전월세 실거래 원자료,https://rt.molit.go.kr/pt/xls/xls.do?mobileAt=,csv,data/market/manual-import/files/molit-rowhouse-trade_강동구_길동_202601_202606.csv,202601,202606,,강동구,길동,강동구 / 길동,확장권 baseline task molit-rowhouse-trade-exp-market-gd-gildong-202601,"지역/법정동, 건물명, 계약년월일, 거래/보증금/월세, 전용면적, 층, 건축년도",2026-06-24T07:17:52.652Z,LAWD_CD=11740; 계약년월=202601~202606; 법정동 baseline=길동,확장권 latest-window 수동 다운로드 파일 자동 반입; packet_rank=2; 1차 direct 최신분
exp-task-molit-rowhouse-rent-exp-market-gd-gildong-202601,expansion_download_task,molit-rowhouse-rent-exp-market-gd-gildong-202601,molit-rtms-rowhouse-trade-rent-manual,국토교통부,연립·다세대 매매·전월세 실거래 원자료,https://rt.molit.go.kr/pt/xls/xls.do?mobileAt=,csv,data/market/manual-import/files/molit-rowhouse-rent_강동구_길동_202601_202606.csv,202601,202606,,강동구,길동,강동구 / 길동,확장권 baseline task molit-rowhouse-rent-exp-market-gd-gildong-202601,"지역/법정동, 건물명, 계약년월일, 거래/보증금/월세, 전용면적, 층, 건축년도",2026-06-24T07:17:52.652Z,LAWD_CD=11740; 계약년월=202601~202606; 법정동 baseline=길동,확장권 latest-window 수동 다운로드 파일 자동 반입; packet_rank=2; 1차 direct 최신분
exp-task-seoul-open-data-exp-market-gd-seongnae-202601,expansion_download_task,seoul-open-data-exp-market-gd-seongnae-202601,seoul-open-data-real-estate-csv,서울특별시,서울시 부동산 실거래가 정보,https://data.seoul.go.kr/dataList/OA-21275/S/1/datasetView.do,csv,data/market/manual-import/files/seoul-open-data_강동구_성내동_202601_202606.csv,202601,202606,,강동구,성내동,강동구 / 성내동,확장권 baseline task seoul-open-data-exp-market-gd-seongnae-202601,"자치구, 법정동, 건물명 또는 단지명, 계약/신고일, 거래금액, 면적",2026-06-24T07:29:14.039Z,신고년도=2026; 자치구=강동구; 법정동 필터=법정동=성내동,확장권 latest-window 수동 다운로드 파일 자동 반입; packet_rank=3; 1차 direct 최신분
exp-task-molit-apt-trade-exp-market-gd-seongnae-202601,expansion_download_task,molit-apt-trade-exp-market-gd-seongnae-202601,molit-rtms-apt-trade-rent-manual,국토교통부,아파트 매매·전월세 실거래 원자료,https://rt.molit.go.kr/pt/xls/xls.do?mobileAt=,csv,data/market/manual-import/files/molit-apt-trade_강동구_성내동_202601_202606.csv,202601,202606,,강동구,성내동,강동구 / 성내동,확장권 baseline task molit-apt-trade-exp-market-gd-seongnae-202601,"지역/법정동, 단지명, 계약년월일, 거래/보증금/월세, 전용면적, 층, 건축년도",2026-06-24T07:30:27.224Z,LAWD_CD=11740; 계약년월=202601~202606; 법정동 baseline=성내동,확장권 latest-window 수동 다운로드 파일 자동 반입; packet_rank=3; 1차 direct 최신분
exp-task-molit-apt-rent-exp-market-gd-seongnae-202601,expansion_download_task,molit-apt-rent-exp-market-gd-seongnae-202601,molit-rtms-apt-trade-rent-manual,국토교통부,아파트 매매·전월세 실거래 원자료,https://rt.molit.go.kr/pt/xls/xls.do?mobileAt=,csv,data/market/manual-import/files/molit-apt-rent_강동구_성내동_202601_202606.csv,202601,202606,,강동구,성내동,강동구 / 성내동,확장권 baseline task molit-apt-rent-exp-market-gd-seongnae-202601,"지역/법정동, 단지명, 계약년월일, 거래/보증금/월세, 전용면적, 층, 건축년도",2026-06-24T07:30:27.224Z,LAWD_CD=11740; 계약년월=202601~202606; 법정동 baseline=성내동,확장권 latest-window 수동 다운로드 파일 자동 반입; packet_rank=3; 1차 direct 최신분
exp-task-molit-rowhouse-trade-exp-market-gd-seongnae-202601,expansion_download_task,molit-rowhouse-trade-exp-market-gd-seongnae-202601,molit-rtms-rowhouse-trade-rent-manual,국토교통부,연립·다세대 매매·전월세 실거래 원자료,https://rt.molit.go.kr/pt/xls/xls.do?mobileAt=,csv,data/market/manual-import/files/molit-rowhouse-trade_강동구_성내동_202601_202606.csv,202601,202606,,강동구,성내동,강동구 / 성내동,확장권 baseline task molit-rowhouse-trade-exp-market-gd-seongnae-202601,"지역/법정동, 건물명, 계약년월일, 거래/보증금/월세, 전용면적, 층, 건축년도",2026-06-24T07:30:27.224Z,LAWD_CD=11740; 계약년월=202601~202606; 법정동 baseline=성내동,확장권 latest-window 수동 다운로드 파일 자동 반입; packet_rank=3; 1차 direct 최신분
exp-task-molit-rowhouse-rent-exp-market-gd-seongnae-202601,expansion_download_task,molit-rowhouse-rent-exp-market-gd-seongnae-202601,molit-rtms-rowhouse-trade-rent-manual,국토교통부,연립·다세대 매매·전월세 실거래 원자료,https://rt.molit.go.kr/pt/xls/xls.do?mobileAt=,csv,data/market/manual-import/files/molit-rowhouse-rent_강동구_성내동_202601_202606.csv,202601,202606,,강동구,성내동,강동구 / 성내동,확장권 baseline task molit-rowhouse-rent-exp-market-gd-seongnae-202601,"지역/법정동, 건물명, 계약년월일, 거래/보증금/월세, 전용면적, 층, 건축년도",2026-06-24T07:30:27.224Z,LAWD_CD=11740; 계약년월=202601~202606; 법정동 baseline=성내동,확장권 latest-window 수동 다운로드 파일 자동 반입; packet_rank=3; 1차 direct 최신분
exp-task-seoul-open-data-exp-market-ys-sindang-202601,expansion_download_task,seoul-open-data-exp-market-ys-sindang-202601,seoul-open-data-real-estate-csv,서울특별시,서울시 부동산 실거래가 정보,https://data.seoul.go.kr/dataList/OA-21275/S/1/datasetView.do,csv,data/market/manual-import/files/seoul-open-data_중구_신당동_202601_202606.csv,202601,202606,,중구,신당동,중구 / 신당동,확장권 baseline task seoul-open-data-exp-market-ys-sindang-202601,"자치구, 법정동, 건물명 또는 단지명, 계약/신고일, 거래금액, 면적",2026-06-24T07:29:14.039Z,신고년도=2026; 자치구=중구; 법정동 필터=법정동=신당동,확장권 latest-window 수동 다운로드 파일 자동 반입; packet_rank=4; 2차 adjacent 최신분
exp-task-molit-apt-trade-exp-market-ys-sindang-202601,expansion_download_task,molit-apt-trade-exp-market-ys-sindang-202601,molit-rtms-apt-trade-rent-manual,국토교통부,아파트 매매·전월세 실거래 원자료,https://rt.molit.go.kr/pt/xls/xls.do?mobileAt=,csv,data/market/manual-import/files/molit-apt-trade_중구_신당동_202601_202606.csv,202601,202606,,중구,신당동,중구 / 신당동,확장권 baseline task molit-apt-trade-exp-market-ys-sindang-202601,"지역/법정동, 단지명, 계약년월일, 거래/보증금/월세, 전용면적, 층, 건축년도",2026-06-24T07:30:27.224Z,LAWD_CD=11140; 계약년월=202601~202606; 법정동 baseline=신당동,확장권 latest-window 수동 다운로드 파일 자동 반입; packet_rank=4; 2차 adjacent 최신분
exp-task-molit-apt-rent-exp-market-ys-sindang-202601,expansion_download_task,molit-apt-rent-exp-market-ys-sindang-202601,molit-rtms-apt-trade-rent-manual,국토교통부,아파트 매매·전월세 실거래 원자료,https://rt.molit.go.kr/pt/xls/xls.do?mobileAt=,csv,data/market/manual-import/files/molit-apt-rent_중구_신당동_202601_202606.csv,202601,202606,,중구,신당동,중구 / 신당동,확장권 baseline task molit-apt-rent-exp-market-ys-sindang-202601,"지역/법정동, 단지명, 계약년월일, 거래/보증금/월세, 전용면적, 층, 건축년도",2026-06-24T07:30:27.224Z,LAWD_CD=11140; 계약년월=202601~202606; 법정동 baseline=신당동,확장권 latest-window 수동 다운로드 파일 자동 반입; packet_rank=4; 2차 adjacent 최신분
exp-task-molit-rowhouse-trade-exp-market-ys-sindang-202601,expansion_download_task,molit-rowhouse-trade-exp-market-ys-sindang-202601,molit-rtms-rowhouse-trade-rent-manual,국토교통부,연립·다세대 매매·전월세 실거래 원자료,https://rt.molit.go.kr/pt/xls/xls.do?mobileAt=,csv,data/market/manual-import/files/molit-rowhouse-trade_중구_신당동_202601_202606.csv,202601,202606,,중구,신당동,중구 / 신당동,확장권 baseline task molit-rowhouse-trade-exp-market-ys-sindang-202601,"지역/법정동, 건물명, 계약년월일, 거래/보증금/월세, 전용면적, 층, 건축년도",2026-06-24T07:30:27.224Z,LAWD_CD=11140; 계약년월=202601~202606; 법정동 baseline=신당동,확장권 latest-window 수동 다운로드 파일 자동 반입; packet_rank=4; 2차 adjacent 최신분
exp-task-molit-rowhouse-rent-exp-market-ys-sindang-202601,expansion_download_task,molit-rowhouse-rent-exp-market-ys-sindang-202601,molit-rtms-rowhouse-trade-rent-manual,국토교통부,연립·다세대 매매·전월세 실거래 원자료,https://rt.molit.go.kr/pt/xls/xls.do?mobileAt=,csv,data/market/manual-import/files/molit-rowhouse-rent_중구_신당동_202601_202606.csv,202601,202606,,중구,신당동,중구 / 신당동,확장권 baseline task molit-rowhouse-rent-exp-market-ys-sindang-202601,"지역/법정동, 건물명, 계약년월일, 거래/보증금/월세, 전용면적, 층, 건축년도",2026-06-24T07:30:27.224Z,LAWD_CD=11140; 계약년월=202601~202606; 법정동 baseline=신당동,확장권 latest-window 수동 다운로드 파일 자동 반입; packet_rank=4; 2차 adjacent 최신분
exp-task-seoul-open-data-exp-market-ys-geumho-202601,expansion_download_task,seoul-open-data-exp-market-ys-geumho-202601,seoul-open-data-real-estate-csv,서울특별시,서울시 부동산 실거래가 정보,https://data.seoul.go.kr/dataList/OA-21275/S/1/datasetView.do,csv,data/market/manual-import/files/seoul-open-data_성동구_금호동_202601_202606.csv,202601,202606,,성동구,금호동,성동구 / 금호동,확장권 baseline task seoul-open-data-exp-market-ys-geumho-202601,"자치구, 법정동, 건물명 또는 단지명, 계약/신고일, 거래금액, 면적",2026-06-24T07:29:14.039Z,신고년도=2026; 자치구=성동구; 법정동 필터=법정동 like 금호동%,확장권 latest-window 수동 다운로드 파일 자동 반입; packet_rank=5; 2차 adjacent 최신분
exp-task-molit-apt-trade-exp-market-ys-geumho-202601,expansion_download_task,molit-apt-trade-exp-market-ys-geumho-202601,molit-rtms-apt-trade-rent-manual,국토교통부,아파트 매매·전월세 실거래 원자료,https://rt.molit.go.kr/pt/xls/xls.do?mobileAt=,csv,data/market/manual-import/files/molit-apt-trade_성동구_금호동_202601_202606.csv,202601,202606,,성동구,금호동,성동구 / 금호동,확장권 baseline task molit-apt-trade-exp-market-ys-geumho-202601,"지역/법정동, 단지명, 계약년월일, 거래/보증금/월세, 전용면적, 층, 건축년도",2026-06-24T07:30:27.224Z,LAWD_CD=11200; 계약년월=202601~202606; 법정동 baseline=금호동,확장권 latest-window 수동 다운로드 파일 자동 반입; packet_rank=5; 2차 adjacent 최신분
exp-task-molit-apt-rent-exp-market-ys-geumho-202601,expansion_download_task,molit-apt-rent-exp-market-ys-geumho-202601,molit-rtms-apt-trade-rent-manual,국토교통부,아파트 매매·전월세 실거래 원자료,https://rt.molit.go.kr/pt/xls/xls.do?mobileAt=,csv,data/market/manual-import/files/molit-apt-rent_성동구_금호동_202601_202606.csv,202601,202606,,성동구,금호동,성동구 / 금호동,확장권 baseline task molit-apt-rent-exp-market-ys-geumho-202601,"지역/법정동, 단지명, 계약년월일, 거래/보증금/월세, 전용면적, 층, 건축년도",2026-06-24T07:30:27.224Z,LAWD_CD=11200; 계약년월=202601~202606; 법정동 baseline=금호동,확장권 latest-window 수동 다운로드 파일 자동 반입; packet_rank=5; 2차 adjacent 최신분
exp-task-molit-rowhouse-trade-exp-market-ys-geumho-202601,expansion_download_task,molit-rowhouse-trade-exp-market-ys-geumho-202601,molit-rtms-rowhouse-trade-rent-manual,국토교통부,연립·다세대 매매·전월세 실거래 원자료,https://rt.molit.go.kr/pt/xls/xls.do?mobileAt=,csv,data/market/manual-import/files/molit-rowhouse-trade_성동구_금호동_202601_202606.csv,202601,202606,,성동구,금호동,성동구 / 금호동,확장권 baseline task molit-rowhouse-trade-exp-market-ys-geumho-202601,"지역/법정동, 건물명, 계약년월일, 거래/보증금/월세, 전용면적, 층, 건축년도",2026-06-24T07:30:27.224Z,LAWD_CD=11200; 계약년월=202601~202606; 법정동 baseline=금호동,확장권 latest-window 수동 다운로드 파일 자동 반입; packet_rank=5; 2차 adjacent 최신분
exp-task-molit-rowhouse-rent-exp-market-ys-geumho-202601,expansion_download_task,molit-rowhouse-rent-exp-market-ys-geumho-202601,molit-rtms-rowhouse-trade-rent-manual,국토교통부,연립·다세대 매매·전월세 실거래 원자료,https://rt.molit.go.kr/pt/xls/xls.do?mobileAt=,csv,data/market/manual-import/files/molit-rowhouse-rent_성동구_금호동_202601_202606.csv,202601,202606,,성동구,금호동,성동구 / 금호동,확장권 baseline task molit-rowhouse-rent-exp-market-ys-geumho-202601,"지역/법정동, 건물명, 계약년월일, 거래/보증금/월세, 전용면적, 층, 건축년도",2026-06-24T07:30:27.224Z,LAWD_CD=11200; 계약년월=202601~202606; 법정동 baseline=금호동,확장권 latest-window 수동 다운로드 파일 자동 반입; packet_rank=5; 2차 adjacent 최신분
exp-task-seoul-open-data-exp-market-ys-oksu-202601,expansion_download_task,seoul-open-data-exp-market-ys-oksu-202601,seoul-open-data-real-estate-csv,서울특별시,서울시 부동산 실거래가 정보,https://data.seoul.go.kr/dataList/OA-21275/S/1/datasetView.do,csv,data/market/manual-import/files/seoul-open-data_성동구_옥수동_202601_202606.csv,202601,202606,,성동구,옥수동,성동구 / 옥수동,확장권 baseline task seoul-open-data-exp-market-ys-oksu-202601,"자치구, 법정동, 건물명 또는 단지명, 계약/신고일, 거래금액, 면적",2026-06-24T07:29:14.039Z,신고년도=2026; 자치구=성동구; 법정동 필터=법정동=옥수동,확장권 latest-window 수동 다운로드 파일 자동 반입; packet_rank=6; 3차 edge 최신분
exp-task-molit-apt-trade-exp-market-ys-oksu-202601,expansion_download_task,molit-apt-trade-exp-market-ys-oksu-202601,molit-rtms-apt-trade-rent-manual,국토교통부,아파트 매매·전월세 실거래 원자료,https://rt.molit.go.kr/pt/xls/xls.do?mobileAt=,csv,data/market/manual-import/files/molit-apt-trade_성동구_옥수동_202601_202606.csv,202601,202606,,성동구,옥수동,성동구 / 옥수동,확장권 baseline task molit-apt-trade-exp-market-ys-oksu-202601,"지역/법정동, 단지명, 계약년월일, 거래/보증금/월세, 전용면적, 층, 건축년도",2026-06-24T07:30:27.224Z,LAWD_CD=11200; 계약년월=202601~202606; 법정동 baseline=옥수동,확장권 latest-window 수동 다운로드 파일 자동 반입; packet_rank=6; 3차 edge 최신분
exp-task-molit-apt-rent-exp-market-ys-oksu-202601,expansion_download_task,molit-apt-rent-exp-market-ys-oksu-202601,molit-rtms-apt-trade-rent-manual,국토교통부,아파트 매매·전월세 실거래 원자료,https://rt.molit.go.kr/pt/xls/xls.do?mobileAt=,csv,data/market/manual-import/files/molit-apt-rent_성동구_옥수동_202601_202606.csv,202601,202606,,성동구,옥수동,성동구 / 옥수동,확장권 baseline task molit-apt-rent-exp-market-ys-oksu-202601,"지역/법정동, 단지명, 계약년월일, 거래/보증금/월세, 전용면적, 층, 건축년도",2026-06-24T07:30:27.224Z,LAWD_CD=11200; 계약년월=202601~202606; 법정동 baseline=옥수동,확장권 latest-window 수동 다운로드 파일 자동 반입; packet_rank=6; 3차 edge 최신분
exp-task-molit-rowhouse-trade-exp-market-ys-oksu-202601,expansion_download_task,molit-rowhouse-trade-exp-market-ys-oksu-202601,molit-rtms-rowhouse-trade-rent-manual,국토교통부,연립·다세대 매매·전월세 실거래 원자료,https://rt.molit.go.kr/pt/xls/xls.do?mobileAt=,csv,data/market/manual-import/files/molit-rowhouse-trade_성동구_옥수동_202601_202606.csv,202601,202606,,성동구,옥수동,성동구 / 옥수동,확장권 baseline task molit-rowhouse-trade-exp-market-ys-oksu-202601,"지역/법정동, 건물명, 계약년월일, 거래/보증금/월세, 전용면적, 층, 건축년도",2026-06-24T07:30:27.224Z,LAWD_CD=11200; 계약년월=202601~202606; 법정동 baseline=옥수동,확장권 latest-window 수동 다운로드 파일 자동 반입; packet_rank=6; 3차 edge 최신분
exp-task-molit-rowhouse-rent-exp-market-ys-oksu-202601,expansion_download_task,molit-rowhouse-rent-exp-market-ys-oksu-202601,molit-rtms-rowhouse-trade-rent-manual,국토교통부,연립·다세대 매매·전월세 실거래 원자료,https://rt.molit.go.kr/pt/xls/xls.do?mobileAt=,csv,data/market/manual-import/files/molit-rowhouse-rent_성동구_옥수동_202601_202606.csv,202601,202606,,성동구,옥수동,성동구 / 옥수동,확장권 baseline task molit-rowhouse-rent-exp-market-ys-oksu-202601,"지역/법정동, 건물명, 계약년월일, 거래/보증금/월세, 전용면적, 층, 건축년도",2026-06-24T07:30:27.224Z,LAWD_CD=11200; 계약년월=202601~202606; 법정동 baseline=옥수동,확장권 latest-window 수동 다운로드 파일 자동 반입; packet_rank=6; 3차 edge 최신분
