manual_source_id,output_table,local_path,task_id,ingest_scope,raw_rows,normalized_rows,matched_rows,missing_mapping_fields,normalization_status,next_action
seoul-open-data-real-estate-csv,transactions,data/market/manual-import/files/seoul-open-data_강동구_천호동_202601_202606.csv,seoul-open-data-exp-market-gd-cheonho-202601,expansion_download_task,692,692,0,,normalized,샘플 행과 사업장 매칭 결과 수동 검수
molit-rtms-apt-trade-rent-manual,transactions,data/market/manual-import/files/molit-apt-trade_강동구_천호동_202601_202606.csv,molit-apt-trade-exp-market-gd-cheonho-202601,expansion_download_task,228,228,0,,normalized,샘플 행과 사업장 매칭 결과 수동 검수
molit-rtms-apt-trade-rent-manual,transactions,data/market/manual-import/files/molit-apt-rent_강동구_천호동_202601_202606.csv,molit-apt-rent-exp-market-gd-cheonho-202601,expansion_download_task,619,619,0,,normalized,샘플 행과 사업장 매칭 결과 수동 검수
molit-rtms-rowhouse-trade-rent-manual,transactions,data/market/manual-import/files/molit-rowhouse-trade_강동구_천호동_202601_202606.csv,molit-rowhouse-trade-exp-market-gd-cheonho-202601,expansion_download_task,333,333,0,,normalized,샘플 행과 사업장 매칭 결과 수동 검수
molit-rtms-rowhouse-trade-rent-manual,transactions,data/market/manual-import/files/molit-rowhouse-rent_강동구_천호동_202601_202606.csv,molit-rowhouse-rent-exp-market-gd-cheonho-202601,expansion_download_task,1172,1172,0,,normalized,샘플 행과 사업장 매칭 결과 수동 검수
seoul-open-data-real-estate-csv,transactions,data/market/manual-import/files/seoul-open-data_강동구_길동_202601_202606.csv,seoul-open-data-exp-market-gd-gildong-202601,expansion_download_task,309,309,0,,normalized,샘플 행과 사업장 매칭 결과 수동 검수
molit-rtms-apt-trade-rent-manual,transactions,data/market/manual-import/files/molit-apt-trade_강동구_길동_202601_202606.csv,molit-apt-trade-exp-market-gd-gildong-202601,expansion_download_task,199,199,0,,normalized,샘플 행과 사업장 매칭 결과 수동 검수
molit-rtms-apt-trade-rent-manual,transactions,data/market/manual-import/files/molit-apt-rent_강동구_길동_202601_202606.csv,molit-apt-rent-exp-market-gd-gildong-202601,expansion_download_task,662,662,0,,normalized,샘플 행과 사업장 매칭 결과 수동 검수
molit-rtms-rowhouse-trade-rent-manual,transactions,data/market/manual-import/files/molit-rowhouse-trade_강동구_길동_202601_202606.csv,molit-rowhouse-trade-exp-market-gd-gildong-202601,expansion_download_task,78,78,0,,normalized,샘플 행과 사업장 매칭 결과 수동 검수
molit-rtms-rowhouse-trade-rent-manual,transactions,data/market/manual-import/files/molit-rowhouse-rent_강동구_길동_202601_202606.csv,molit-rowhouse-rent-exp-market-gd-gildong-202601,expansion_download_task,395,395,0,,normalized,샘플 행과 사업장 매칭 결과 수동 검수
seoul-open-data-real-estate-csv,transactions,data/market/manual-import/files/seoul-open-data_강동구_성내동_202601_202606.csv,seoul-open-data-exp-market-gd-seongnae-202601,expansion_download_task,429,429,0,,normalized,샘플 행과 사업장 매칭 결과 수동 검수
molit-rtms-apt-trade-rent-manual,transactions,data/market/manual-import/files/molit-apt-trade_강동구_성내동_202601_202606.csv,molit-apt-trade-exp-market-gd-seongnae-202601,expansion_download_task,173,173,0,,normalized,샘플 행과 사업장 매칭 결과 수동 검수
molit-rtms-apt-trade-rent-manual,transactions,data/market/manual-import/files/molit-apt-rent_강동구_성내동_202601_202606.csv,molit-apt-rent-exp-market-gd-seongnae-202601,expansion_download_task,501,501,0,,normalized,샘플 행과 사업장 매칭 결과 수동 검수
molit-rtms-rowhouse-trade-rent-manual,transactions,data/market/manual-import/files/molit-rowhouse-trade_강동구_성내동_202601_202606.csv,molit-rowhouse-trade-exp-market-gd-seongnae-202601,expansion_download_task,194,194,0,,normalized,샘플 행과 사업장 매칭 결과 수동 검수
molit-rtms-rowhouse-trade-rent-manual,transactions,data/market/manual-import/files/molit-rowhouse-rent_강동구_성내동_202601_202606.csv,molit-rowhouse-rent-exp-market-gd-seongnae-202601,expansion_download_task,923,923,0,,normalized,샘플 행과 사업장 매칭 결과 수동 검수
seoul-open-data-real-estate-csv,transactions,data/market/manual-import/files/seoul-open-data_중구_신당동_202601_202606.csv,seoul-open-data-exp-market-ys-sindang-202601,expansion_download_task,425,425,0,,normalized,샘플 행과 사업장 매칭 결과 수동 검수
molit-rtms-apt-trade-rent-manual,transactions,data/market/manual-import/files/molit-apt-trade_중구_신당동_202601_202606.csv,molit-apt-trade-exp-market-ys-sindang-202601,expansion_download_task,224,224,0,,normalized,샘플 행과 사업장 매칭 결과 수동 검수
molit-rtms-apt-trade-rent-manual,transactions,data/market/manual-import/files/molit-apt-rent_중구_신당동_202601_202606.csv,molit-apt-rent-exp-market-ys-sindang-202601,expansion_download_task,630,630,0,,normalized,샘플 행과 사업장 매칭 결과 수동 검수
molit-rtms-rowhouse-trade-rent-manual,transactions,data/market/manual-import/files/molit-rowhouse-trade_중구_신당동_202601_202606.csv,molit-rowhouse-trade-exp-market-ys-sindang-202601,expansion_download_task,150,150,0,,normalized,샘플 행과 사업장 매칭 결과 수동 검수
molit-rtms-rowhouse-trade-rent-manual,transactions,data/market/manual-import/files/molit-rowhouse-rent_중구_신당동_202601_202606.csv,molit-rowhouse-rent-exp-market-ys-sindang-202601,expansion_download_task,416,416,0,,normalized,샘플 행과 사업장 매칭 결과 수동 검수
seoul-open-data-real-estate-csv,transactions,data/market/manual-import/files/seoul-open-data_성동구_금호동_202601_202606.csv,seoul-open-data-exp-market-ys-geumho-202601,expansion_download_task,314,314,0,,normalized,샘플 행과 사업장 매칭 결과 수동 검수
molit-rtms-apt-trade-rent-manual,transactions,data/market/manual-import/files/molit-apt-trade_성동구_금호동_202601_202606.csv,molit-apt-trade-exp-market-ys-geumho-202601,expansion_download_task,168,168,0,,normalized,샘플 행과 사업장 매칭 결과 수동 검수
molit-rtms-apt-trade-rent-manual,transactions,data/market/manual-import/files/molit-apt-rent_성동구_금호동_202601_202606.csv,molit-apt-rent-exp-market-ys-geumho-202601,expansion_download_task,1118,1118,0,,normalized,샘플 행과 사업장 매칭 결과 수동 검수
molit-rtms-rowhouse-trade-rent-manual,transactions,data/market/manual-import/files/molit-rowhouse-trade_성동구_금호동_202601_202606.csv,molit-rowhouse-trade-exp-market-ys-geumho-202601,expansion_download_task,100,100,0,,normalized,샘플 행과 사업장 매칭 결과 수동 검수
molit-rtms-rowhouse-trade-rent-manual,transactions,data/market/manual-import/files/molit-rowhouse-rent_성동구_금호동_202601_202606.csv,molit-rowhouse-rent-exp-market-ys-geumho-202601,expansion_download_task,137,137,0,,normalized,샘플 행과 사업장 매칭 결과 수동 검수
seoul-open-data-real-estate-csv,transactions,data/market/manual-import/files/seoul-open-data_성동구_옥수동_202601_202606.csv,seoul-open-data-exp-market-ys-oksu-202601,expansion_download_task,146,146,0,,normalized,샘플 행과 사업장 매칭 결과 수동 검수
molit-rtms-apt-trade-rent-manual,transactions,data/market/manual-import/files/molit-apt-trade_성동구_옥수동_202601_202606.csv,molit-apt-trade-exp-market-ys-oksu-202601,expansion_download_task,129,129,0,,normalized,샘플 행과 사업장 매칭 결과 수동 검수
molit-rtms-apt-trade-rent-manual,transactions,data/market/manual-import/files/molit-apt-rent_성동구_옥수동_202601_202606.csv,molit-apt-rent-exp-market-ys-oksu-202601,expansion_download_task,648,648,0,,normalized,샘플 행과 사업장 매칭 결과 수동 검수
molit-rtms-rowhouse-trade-rent-manual,transactions,data/market/manual-import/files/molit-rowhouse-trade_성동구_옥수동_202601_202606.csv,molit-rowhouse-trade-exp-market-ys-oksu-202601,expansion_download_task,5,5,0,,normalized,샘플 행과 사업장 매칭 결과 수동 검수
molit-rtms-rowhouse-trade-rent-manual,transactions,data/market/manual-import/files/molit-rowhouse-rent_성동구_옥수동_202601_202606.csv,molit-rowhouse-rent-exp-market-ys-oksu-202601,expansion_download_task,13,13,0,,normalized,샘플 행과 사업장 매칭 결과 수동 검수
