source_group,source_label,rank,focus_area,district,project_name,source_title,source_ext,source_file,extraction_status,conversion_path,text_path,text_char_count,resolved_text,hwp_ocr_image_count,hwp_ocr_unique_image_count,hwp_ocr_text_path,hwp_ocr_status,review_status,next_action,extraction_error
seoul_urban_notice,서울도시공간포털 고시 원문,3,잠실/송파,송파구,잠실우성아파트 재건축정비사업조합,2015-401,hwp,data/urban/files/03-11000NTC201512177681-notice_file-서울특별시2015-401.HWP,extracted,hwp5_body_stream_direct,data/urban/text/files/03-11000NTC201512177681-03-11000NTC201512177681-notice_file-서울특별시2015-401.txt,6025,Y,,,,,native_text_ready,핵심 수치 스니펫 대조 대상으로 사용 가능하다.,
seoul_urban_notice,서울도시공간포털 고시 원문,13,구의/광진,광진구,자양제7구역 주택재건축정비사업 조합,2018-268,hwp,data/urban/files/13-11000NTC201808300002-notice_file-서울특별시2018-268.HWP,extracted,hwp5_body_stream_direct,data/urban/text/files/13-11000NTC201808300002-13-11000NTC201808300002-notice_file-서울특별시2018-268.txt,8122,Y,,,,,native_text_ready,핵심 수치 스니펫 대조 대상으로 사용 가능하다.,
seoul_urban_notice,서울도시공간포털 고시 원문,14,강남,강남구,"개포주공6,7단지아파트 재건축정비사업조합",2017-431,hwp,data/urban/files/14-11000NTC201804262948-notice_file-서울특별시2017-431.HWP,hwp_ocr_extracted,hwp_bindata_image_ocr,data/urban/text/files/14-11000NTC201804262948-14-11000NTC201804262948-notice_file-서울특별시2017-431.txt,16152,Y,20,19,data/urban/text/ocr/files/14-11000NTC201804262948-14-11000NTC201804262948-notice_file-서울특별시2017-431.txt,hwp_ocr_extracted,ocr_image_review,OCR 텍스트를 원문 이미지와 대조한 뒤 핵심 수치 장부에 반영한다.,
seoul_urban_notice,서울도시공간포털 고시 원문,22,구의/광진,광진구,중곡아파트 주택재건축정비사업조합,2014-382,hwp,data/urban/files/22-11000NTC201411137333-notice_file-서울특별시2014-382.HWP,extracted,hwp5_body_stream_direct,data/urban/text/files/22-11000NTC201411137333-22-11000NTC201411137333-notice_file-서울특별시2014-382.txt,5035,Y,,,,,native_text_ready,핵심 수치 스니펫 대조 대상으로 사용 가능하다.,
gwangjin_district_notice,광진구청 고시공고 첨부,24,구의/광진,광진구,워커힐아파트1단지 재건축정비사업 조합설립추진위원회,도시관리계획(워커힐아파트 일대 지구단위계획구역 지정 및 계획) 결정(안) 주민 열람공고,hwpx,data/urban/files/24-B0000378-16096-gwangjin-gu-1-공고문.hwpx,extracted,hwpx_zip_xml_direct,data/urban/text/gwangjin-gu/files/24-B0000378-16096-1-24-B0000378-16096-gwangjin-gu-1-공고문.txt,965,Y,,,,,native_text_ready,핵심 수치 스니펫 대조 대상으로 사용 가능하다.,
gwangjin_district_notice,광진구청 고시공고 첨부,24,구의/광진,광진구,워커힐아파트1단지 재건축정비사업 조합설립추진위원회,도시관리계획(워커힐아파트 일대 지구단위계획구역 지정 및 계획) 결정(안) 주민 열람공고,hwp,data/urban/files/24-B0000378-16096-gwangjin-gu-2-공람의견서-서식.hwp,extracted,hwp5_body_stream_direct,data/urban/text/gwangjin-gu/files/24-B0000378-16096-2-24-B0000378-16096-gwangjin-gu-2-공람의견서-서식.txt,192,Y,,,,,short_text_review,짧은 서식/표지성 문서인지 확인하고 필요한 본문 첨부를 추가로 찾는다.,
gwangjin_district_notice,광진구청 고시공고 첨부,27,구의/광진,광진구,광장극동아파트 재건축사업 (신속통합기획),광장극동아파트 재건축사업 조합설립계획 공고,hwpx,data/urban/files/27-B0000378-15155-gwangjin-gu-1-조합설립계획-공고문_광장극동.hwpx,extracted,hwpx_zip_xml_direct,data/urban/text/gwangjin-gu/files/27-B0000378-15155-1-27-B0000378-15155-gwangjin-gu-1-조합설립계획-공고문_광장극동.txt,3268,Y,,,,,native_text_ready,핵심 수치 스니펫 대조 대상으로 사용 가능하다.,
gwangjin_district_notice,광진구청 고시공고 첨부,27,구의/광진,광진구,광장극동아파트 재건축사업 (신속통합기획),광장극동아파트 재건축사업 정비계획 수립 및 정비구역 지정(안) 재공람・공고,hwpx,data/urban/files/27-B0000378-15811-gwangjin-gu-2-2-재공람의견서_광장극동아파트-재건축사업.hwpx,extracted,hwpx_zip_xml_direct,data/urban/text/gwangjin-gu/files/27-B0000378-15811-2-27-B0000378-15811-gwangjin-gu-2-2-재공람의견서_광장극동아파트-재건축사업.txt,195,Y,,,,,short_text_review,짧은 서식/표지성 문서인지 확인하고 필요한 본문 첨부를 추가로 찾는다.,
gwangjin_district_notice,광진구청 고시공고 첨부,29,구의/광진,광진구,자양1의4구역 가로주택정비사업,자양1의4구역 가로주택정비사업(자양4동 249-2 일대) 조합설립(변경)인가를 위한 공람 · 공고,hwpx,data/urban/files/29-B0000003-6353195-gwangjin-gu-2-공람의견서.hwpx,extracted,hwpx_zip_xml_direct,data/urban/text/gwangjin-gu/files/29-B0000003-6353195-2-29-B0000003-6353195-gwangjin-gu-2-공람의견서.txt,187,Y,,,,,short_text_review,짧은 서식/표지성 문서인지 확인하고 필요한 본문 첨부를 추가로 찾는다.,
