rank,focus_area,district,dong,project_name,current_stage,mobility_axis,location_score,stage_score,scale_score,external_driver_score,confidence_score,risk_signal_score,long_term_potential_score,research_priority_score,evidence_grade,p0_tasks,source_link_items,upside_watch,downside_watch,revisit_trigger,long_term_thesis,project_note
1,잠실/송파,송파구,잠실동,잠실5단지아파트 주택재건축정비사업조합,조합설립인가,잠실역·종합운동장 환승축,10,6.7,9.5,8.5,8.9,10,8.9,7.8,A,0,0,잠실 MICE·국제교류복합지구 일정과 정비사업 단계 동조; 한강 접근·경관·보행축 원문과 현장 동선 개선,행사·상업 집객에 따른 혼잡; 한강·탄천·대형도로 단절; 이주기 전세 압력,잠실 MICE/국제교류복합지구 일정 또는 고시 변경 시 재평가,동남권 광역업무·전시·스포츠 거점과 대단지 재건축이 결합되는 축이다. 역 접근성보다 공공개발 일정과 민간 정비사업 이주/착공 타이밍을 분리해서 봐야 한다.,project-notes/01-jamsil5apt.md
5,잠실/송파,송파구,신천동,"장미1,2,3차아파트 주택재건축정비사업 조합",조합설립인가,잠실나루·잠실 한강축,9.5,6.7,8.7,8.5,7.9,10,8.5,7.7,B,0,0,잠실 MICE·국제교류복합지구 일정과 정비사업 단계 동조; 한강 접근·경관·보행축 원문과 현장 동선 개선,잠실역까지 실제 보행거리; 올림픽대로/한강 접근 단절; 대단지 이주기 혼잡,잠실 MICE/국제교류복합지구 일정 또는 고시 변경 시 재평가,"잠실 핵심 생활권의 배후축이다. 한강 접근성과 잠실역 접근성은 강점이지만, 단지별 구역계와 도로 단절을 현장 확인해야 한다.",project-notes/05-jmapt1.md
10,강남,강남구,압구정동,압구정아파트지구 특별계획구역③ 재건축정비사업 조합,조합설립인가,압구정 한강변·강남북 연결축,10,6.7,9.1,6,7.9,10,8.2,7.5,B,0,0,한강 접근·경관·보행축 원문과 현장 동선 개선,한강변 경관/높이 규제; 압구정로 혼잡; 조합별 사업속도 차이,한강변관리·경관·공공기여 조건 변경 시 재평가,"서울 최상급 한강변 재건축 축이다. 교통보다 한강변 경관, 높이, 공공기여, 조합별 단계 차이가 가치와 리스크를 가른다.",project-notes/10-apgujeong3.md
9,잠실/송파,송파구,잠실동,잠실우성4차 주택재건축정비사업조합,관리처분인가,잠실역·종합운동장 환승축,10,10,1.7,8.5,9,10,8.1,7.2,B,0,0,잠실 MICE·국제교류복합지구 일정과 정비사업 단계 동조; 한강 접근·경관·보행축 원문과 현장 동선 개선; 대치 학군 수요와 사업시행 이후 비용 안정,행사·상업 집객에 따른 혼잡; 한강·탄천·대형도로 단절; 이주기 전세 압력,잠실 MICE/국제교류복합지구 일정 또는 고시 변경 시 재평가,동남권 광역업무·전시·스포츠 거점과 대단지 재건축이 결합되는 축이다. 역 접근성보다 공공개발 일정과 민간 정비사업 이주/착공 타이밍을 분리해서 봐야 한다.,project-notes/09-tw2w7iwv.md
3,잠실/송파,송파구,잠실동,잠실우성아파트 재건축정비사업조합,조합설립인가,잠실역·종합운동장 환승축,10,6.7,3.7,8.5,7.9,10,7.7,7.1,B,0,0,잠실 MICE·국제교류복합지구 일정과 정비사업 단계 동조; 한강 접근·경관·보행축 원문과 현장 동선 개선; 대치 학군 수요와 사업시행 이후 비용 안정,행사·상업 집객에 따른 혼잡; 한강·탄천·대형도로 단절; 이주기 전세 압력,잠실 MICE/국제교류복합지구 일정 또는 고시 변경 시 재평가,동남권 광역업무·전시·스포츠 거점과 대단지 재건축이 결합되는 축이다. 역 접근성보다 공공개발 일정과 민간 정비사업 이주/착공 타이밍을 분리해서 봐야 한다.,project-notes/03-q1qk5nf6.md
2,강남,강남구,압구정동,압구정아파트지구 특별계획구역② 재건축정비사업조합,조합설립인가,압구정 한강변·강남북 연결축,10,6.7,4.7,6,7.9,10,7.4,6.9,B,0,0,한강 접근·경관·보행축 원문과 현장 동선 개선,한강변 경관/높이 규제; 압구정로 혼잡; 조합별 사업속도 차이,한강변관리·경관·공공기여 조건 변경 시 재평가,"서울 최상급 한강변 재건축 축이다. 교통보다 한강변 경관, 높이, 공공기여, 조합별 단계 차이가 가치와 리스크를 가른다.",project-notes/02-apgujeong2.md
25,구의/광진,광진구,구의동,한양연립 일대 가로주택정비사업,사업시행인가,구의·강변 동서울터미널축,9.5,8.3,1.1,8,7.9,8,7.3,6.6,B,0,0,한강 접근·경관·보행축 원문과 현장 동선 개선; 동서울터미널/강변역 도시계획·사전협상 구체화; 관리처분 이후 이주·착공 전환,핵심 수치 공란 3건; 터미널/강변역 혼잡; 큰 도로와 한강 접근 단절; 공식 일정 불확실성,동서울터미널 관련 도시계획·사전협상 문서 갱신 시 재평가,동서울터미널과 강변역 일대 변화가 광진 동부의 생활권 위상을 바꿀 수 있다. 공식 도시계획/사전협상 자료 확인이 먼저다.,project-notes/25-hanyanggaro.md
4,강남,강남구,대치동,은마아파트 재건축정비사업조합,조합설립인가,대치·학여울 학군·3호선축,8,6.7,7.6,5.5,8.9,10,7.2,6.6,A,0,0,대치 학군 수요와 사업시행 이후 비용 안정,학원가/학교 주변 혼잡; 대치권 가격 선반영; 단지별 역 접근 차이,"단계 변경, 공개자료 수 증가, 사업개요 수치 변경 시 재평가","학군과 기존 생활 인프라가 강한 축이다. 교통개선 호재보다 재건축 단계, 분담금, 이주 가능성, 대체 신축 공급을 봐야 한다.",project-notes/04-the-eunma.md
11,강남,강남구,압구정동,압구정아파트지구 특별계획구역4,조합설립인가,압구정 한강변·강남북 연결축,10,6.7,3.7,6,7.9,8,7.2,6.5,B,0,0,한강 접근·경관·보행축 원문과 현장 동선 개선,핵심 수치 공란 4건; 한강변 경관/높이 규제; 압구정로 혼잡; 조합별 사업속도 차이,한강변관리·경관·공공기여 조건 변경 시 재평가,"서울 최상급 한강변 재건축 축이다. 교통보다 한강변 경관, 높이, 공공기여, 조합별 단계 차이가 가치와 리스크를 가른다.",project-notes/11-apgujeong4.md
15,강남,강남구,압구정동,압구정한양7차아파트 재건축정비사업조합,조합설립인가,압구정 한강변·강남북 연결축,10,6.7,1.4,6,7.9,8,6.8,6.2,B,0,0,한강 접근·경관·보행축 원문과 현장 동선 개선,핵심 수치 공란 9건; 한강변 경관/높이 규제; 압구정로 혼잡; 조합별 사업속도 차이,한강변관리·경관·공공기여 조건 변경 시 재평가,"서울 최상급 한강변 재건축 축이다. 교통보다 한강변 경관, 높이, 공공기여, 조합별 단계 차이가 가치와 리스크를 가른다.",project-notes/15-hanyang7.md
12,강남,강남구,압구정동,압구정아파트지구 특별계획구역5 재건축정비사업조합,조합설립인가,압구정 한강변·강남북 연결축,10,6.7,1,6,7.9,8,6.7,6.1,B,0,0,한강 접근·경관·보행축 원문과 현장 동선 개선,핵심 수치 공란 8건; 한강변 경관/높이 규제; 압구정로 혼잡; 조합별 사업속도 차이,한강변관리·경관·공공기여 조건 변경 시 재평가,"서울 최상급 한강변 재건축 축이다. 교통보다 한강변 경관, 높이, 공공기여, 조합별 단계 차이가 가치와 리스크를 가른다.",project-notes/12-apgujeong5.md
6,강남,강남구,대치동,대치우성1차아파트 재건축정비사업조합,사업시행인가,대치·학여울 학군·3호선축,8,8.3,1.7,5.5,8.9,8,6.5,5.8,A,0,0,대치 학군 수요와 사업시행 이후 비용 안정; 관리처분 이후 이주·착공 전환,학원가/학교 주변 혼잡; 대치권 가격 선반영; 단지별 역 접근 차이,"단계 변경, 공개자료 수 증가, 사업개요 수치 변경 시 재평가","학군과 기존 생활 인프라가 강한 축이다. 교통개선 호재보다 재건축 단계, 분담금, 이주 가능성, 대체 신축 공급을 봐야 한다.",project-notes/06-woosung1.md
8,강남,강남구,대치동,대치쌍용1차아파트 주택재건축정비사업조합,사업시행인가,대치·학여울 학군·3호선축,8,8.3,2.1,5.5,7.9,8,6.4,5.9,B,0,0,대치 학군 수요와 사업시행 이후 비용 안정; 관리처분 이후 이주·착공 전환,핵심 수치 공란 5건; 학원가/학교 주변 혼잡; 대치권 가격 선반영; 단지별 역 접근 차이,"단계 변경, 공개자료 수 증가, 사업개요 수치 변경 시 재평가","학군과 기존 생활 인프라가 강한 축이다. 교통개선 호재보다 재건축 단계, 분담금, 이주 가능성, 대체 신축 공급을 봐야 한다.",project-notes/08-ssang1.md
14,강남,강남구,개포동,"개포주공6,7단지아파트 재건축정비사업조합",사업시행인가,개포·대모산입구 강남 남부축,7.5,8.3,4.1,4,8.9,10,6.4,6,A,0,0,관리처분 이후 이주·착공 전환,공사비·분담금·일정 지연 신호,"단계 변경, 공개자료 수 증가, 사업개요 수치 변경 시 재평가",개포 일대 신축 누적 효과와 녹지 접근성이 강점이다. 추가 정비사업은 주변 신축 가격과 공급 물량을 함께 비교해야 한다.,project-notes/14-gaepo6_7.md
21,잠실/송파,송파구,송파동,가락삼익맨숀아파트 재건축정비사업 조합,관리처분인가,송파·석촌 8/9호선 배후축,7.5,10,2.6,4,9,10,6.4,6,B,0,0,관리처분 이후 이주·착공 전환,잠실 핵심부 대비 역세권 강도 차이; 상업/관광 혼잡; 단지별 도로 접속,"단계 변경, 공개자료 수 증가, 사업개요 수치 변경 시 재평가","잠실 핵심부보다 가격 기대는 낮지만, 8·9호선 접근과 송파대로 생활권을 통해 재건축 진척의 파급을 받을 수 있다.",project-notes/21-grsamik.md
24,구의/광진,광진구,광장동,워커힐아파트1단지 재건축정비사업 조합설립추진위원회,추진위원회승인,광나루·강변 한강 동부축,7.5,5,3,8,8,8,6.4,5.9,C,0,0,한강 접근·경관·보행축 원문과 현장 동선 개선; 동서울터미널/강변역 도시계획·사전협상 구체화,핵심 수치 공란 7건; 5호선 단일 접근성; 강변북로/한강 단절; 구역계와 고시/인가 원문 연결 확인 필요,동서울터미널 관련 도시계획·사전협상 문서 갱신 시 재평가,"한강 조망과 광나루 생활권이 강점이지만, 공식 지도·고시 매칭이 부족한 사업이 있어 기초 검증이 먼저다.",project-notes/24-walkerhill1.md
7,강남,강남구,대치동,대치쌍용2차아파트 주택재건축정비사업조합,사업시행인가,대치·학여울 학군·3호선축,8,8.3,1.5,5.5,7.9,8,6.3,5.8,B,0,0,대치 학군 수요와 사업시행 이후 비용 안정; 관리처분 이후 이주·착공 전환,핵심 수치 공란 4건; 학원가/학교 주변 혼잡; 대치권 가격 선반영; 단지별 역 접근 차이,"단계 변경, 공개자료 수 증가, 사업개요 수치 변경 시 재평가","학군과 기존 생활 인프라가 강한 축이다. 교통개선 호재보다 재건축 단계, 분담금, 이주 가능성, 대체 신축 공급을 봐야 한다.",project-notes/07-ssang2.md
13,구의/광진,광진구,자양동,자양제7구역 주택재건축정비사업 조합,조합설립인가,구의·건대입구 2/7호선·한강축,7.5,6.7,2,6,8.9,10,6.2,5.8,A,0,0,한강 접근·경관·보행축 원문과 현장 동선 개선,한강/뚝섬 접근의 도로 단절; 상권 혼잡; 소규모정비의 사업성 편차,한강변관리·경관·공공기여 조건 변경 시 재평가,"강남·잠실보다 덜 완성된 생활권이지만, 2·7호선과 한강 접근을 동시에 가진 축이다. 자양·구의 정비사업의 구역계와 속도가 핵심이다.",project-notes/13-jayang7.md
19,잠실/송파,송파구,방이동,대림가락아파트 재건축정비사업조합,조합설립인가,방이·올림픽공원 5/9호선축,7,6.7,1.8,6.5,7.9,8,6,5.6,B,0,0,공식 단계 상승과 공개자료 증가,핵심 수치 공란 3건; 역까지의 실제 거리; 공원 주변 도로 단절; 행사일 혼잡,"단계 변경, 공개자료 수 증가, 사업개요 수치 변경 시 재평가",공원 인접성과 5·9호선 접근이 장점이다. 잠실 MICE 직접 수혜보다는 생활환경과 배후 수요를 분리해서 본다.,project-notes/19-daelim.md
27,구의/광진,광진구,광장동,광장극동아파트 재건축사업 (신속통합기획),정비구역지정,광나루·강변 한강 동부축,7.5,3.3,2.8,8,7.9,8,6,5.6,B,0,0,한강 접근·경관·보행축 원문과 현장 동선 개선; 동서울터미널/강변역 도시계획·사전협상 구체화,핵심 수치 공란 1건; 5호선 단일 접근성; 강변북로/한강 단절; 구역계와 고시/인가 원문 연결 확인 필요,동서울터미널 관련 도시계획·사전협상 문서 갱신 시 재평가,"한강 조망과 광나루 생활권이 강점이지만, 공식 지도·고시 매칭이 부족한 사업이 있어 기초 검증이 먼저다.",project-notes/27-kukdong-reborn.md
29,구의/광진,광진구,자양동,자양1의4구역 가로주택정비사업,조합설립인가,구의·건대입구 2/7호선·한강축,7.5,6.7,1.2,6,8,8,5.9,5.5,C,0,0,한강 접근·경관·보행축 원문과 현장 동선 개선,핵심 수치 공란 8건; 한강/뚝섬 접근의 도로 단절; 상권 혼잡; 소규모정비의 사업성 편차,한강변관리·경관·공공기여 조건 변경 시 재평가,"강남·잠실보다 덜 완성된 생활권이지만, 2·7호선과 한강 접근을 동시에 가진 축이다. 자양·구의 정비사업의 구역계와 속도가 핵심이다.",project-notes/29-jayang104.md
26,구의/광진,광진구,자양동,자양한양아파트 재건축정비사업,추진위원회승인,구의·건대입구 2/7호선·한강축,7.5,5,1.9,6,7.9,10,5.8,5.7,B,0,0,한강 접근·경관·보행축 원문과 현장 동선 개선,한강/뚝섬 접근의 도로 단절; 상권 혼잡; 소규모정비의 사업성 편차,한강변관리·경관·공공기여 조건 변경 시 재평가,"강남·잠실보다 덜 완성된 생활권이지만, 2·7호선과 한강 접근을 동시에 가진 축이다. 자양·구의 정비사업의 구역계와 속도가 핵심이다.",project-notes/26-jyhy2024.md
30,구의/광진,광진구,자양동,자양4동 A구역 주택재개발사업,정비구역지정,구의·건대입구 2/7호선·한강축,7.5,3.3,4.1,6,7.9,8,5.8,5.5,B,0,0,한강 접근·경관·보행축 원문과 현장 동선 개선,핵심 수치 공란 5건; 한강/뚝섬 접근의 도로 단절; 상권 혼잡; 소규모정비의 사업성 편차,한강변관리·경관·공공기여 조건 변경 시 재평가,"강남·잠실보다 덜 완성된 생활권이지만, 2·7호선과 한강 접근을 동시에 가진 축이다. 자양·구의 정비사업의 구역계와 속도가 핵심이다.",project-notes/30-jayangdong.md
16,잠실/송파,송파구,문정동,가락1차현대아파트 재건축정비사업 조합,사업시행인가,문정·장지 8호선 업무지구축,6,8.3,1.8,5,7.9,10,5.6,5.5,B,0,0,관리처분 이후 이주·착공 전환,공사비·분담금·일정 지연 신호,"단계 변경, 공개자료 수 증가, 사업개요 수치 변경 시 재평가",잠실 핵심축보다는 업무지구 배후 주거 성격이 강하다. 직주근접 수요와 재건축 속도를 함께 봐야 한다.,project-notes/16-hyundai.md
17,잠실/송파,송파구,송파동,송파한양2차아파트 재건축정비사업 조합,조합설립인가,송파·석촌 8/9호선 배후축,7,6.7,2.5,4,7.9,8,5.6,5.3,B,0,0,공식 단계 상승과 공개자료 증가,핵심 수치 공란 3건; 잠실 핵심부 대비 역세권 강도 차이; 상업/관광 혼잡; 단지별 도로 접속,"단계 변경, 공개자료 수 증가, 사업개요 수치 변경 시 재평가","잠실 핵심부보다 가격 기대는 낮지만, 8·9호선 접근과 송파대로 생활권을 통해 재건축 진척의 파급을 받을 수 있다.",project-notes/17-songpa2.md
20,잠실/송파,송파구,마천동,마천1재정비촉진구역 주택재개발정비사업조합,조합설립인가,마천·거여 5호선 재정비축,5,6.7,4.9,4.5,7.9,10,5.5,5.4,B,0,0,공식 단계 상승과 공개자료 증가,강남 핵심부 접근 시간; 언덕/도로폭/생활편의 격차; 재정비구역 장기 지연,"단계 변경, 공개자료 수 증가, 사업개요 수치 변경 시 재평가","상급지 재건축과 다른 재개발 성격이다. 교통 프리미엄보다 정비구역 확정도, 권리관계, 공급 물량과 사업속도가 중요하다.",project-notes/20-macheon-1.md
23,구의/광진,광진구,광장동,광장동 삼성1차아파트 소규모재건축정비사업,조합설립인가,광나루·강변 한강 동부축,7,6.7,1.1,8,0.9,8,5.5,6.3,D,0,0,한강 접근·경관·보행축 원문과 현장 동선 개선; 동서울터미널/강변역 도시계획·사전협상 구체화,"고시/인가 원문 미연결; 핵심 수치 공란 3건; 5호선 단일 접근성; 강변북로/한강 단절; 사업구역 레이어 확인, 고시 recordCode/인가 원문 미연결","고시번호, 인가일, 결정조서 원문이 확보되면 즉시 재평가","한강 조망과 광나루 생활권이 강점이지만, 사업구역 레이어는 확인됐지만 고시/인가 원문 연결이 필요한 사업이 있어 기초 검증이 먼저다.",project-notes/23-j15171517.md
18,잠실/송파,송파구,송파동,송파미성아파트 재건축정비사업조합,조합설립인가,송파·석촌 8/9호선 배후축,7,6.7,1.7,4,7.9,4,5.4,4.8,B,0,0,공식 단계 상승과 공개자료 증가,핵심 수치 공란 3건; 잠실 핵심부 대비 역세권 강도 차이; 상업/관광 혼잡; 단지별 도로 접속,"단계 변경, 공개자료 수 증가, 사업개요 수치 변경 시 재평가","잠실 핵심부보다 가격 기대는 낮지만, 8·9호선 접근과 송파대로 생활권을 통해 재건축 진척의 파급을 받을 수 있다.",project-notes/18-songpams.md
28,구의/광진,광진구,자양동,자양번영로3나길 일대 가로주택정비사업,조합설립인가,구의·건대입구 2/7호선·한강축,7,6.7,1,6,0.9,8,5,5.9,D,0,0,한강 접근·경관·보행축 원문과 현장 동선 개선,고시/인가 원문 미연결; 핵심 수치 공란 4건; 한강/뚝섬 접근의 도로 단절; 상권 혼잡; 소규모정비의 사업성 편차,"고시번호, 인가일, 결정조서 원문이 확보되면 즉시 재평가","강남·잠실보다 덜 완성된 생활권이지만, 2·7호선과 한강 접근을 동시에 가진 축이다. 자양·구의 정비사업의 구역계와 속도가 핵심이다.",project-notes/28-jayang588-22.md
22,구의/광진,광진구,중곡동,중곡아파트 주택재건축정비사업조합,조합설립인가,중곡 7호선 생활권,5,6.7,1.2,4,7.9,8,4.7,4.6,B,0,0,공식 단계 상승과 공개자료 증가,핵심 수치 공란 4건; 대형 업무·상업 거점과의 거리; 도로폭/노후도; 사업규모 한계,"단계 변경, 공개자료 수 증가, 사업개요 수치 변경 시 재평가","대형 개발축보다 생활권 개선형 정비에 가깝다. 사업성, 조합 단계, 주변 공급과 역 접근성을 차분히 봐야 한다.",project-notes/22-junggokapt.md
