rank,focus_area,project_name,current_stage,field_id,field_label,current_summary_value,notice_value,public_stage_value,source_date_basis,resolution_status,recommended_recording,next_source_to_check,project_note,fact_check_source
9,잠실/송파,잠실우성4차 주택재건축정비사업조합,관리처분인가,district_area_sqm,정비구역 면적,"31,961.1",31630.5,,사업개요 현재값 vs 2017-239 2017-07-06 고시,keep_values_by_source_date,사업개요 현재값과 정비구역 지정 고시 값을 별도 열로 유지,"정보몽땅 공개항목의 별첨 원문, 최신 변경고시, 관리처분 인가 고시 원문",project-notes/09-tw2w7iwv.md,analysis/management-stage-fact-check.md
9,잠실/송파,잠실우성4차 주택재건축정비사업조합,관리처분인가,total_households,총 세대수,732,916,,정비구역 고시 2017-07-06 vs 사업시행/관리처분 공개항목,keep_values_by_source_date,사업개요와 고시문 세대수 차이를 시점차로 두고 최신 인가 원문 확인,"정보몽땅 공개항목의 별첨 원문, 최신 변경고시, 관리처분 인가 고시 원문",project-notes/09-tw2w7iwv.md,analysis/management-stage-fact-check.md
9,잠실/송파,잠실우성4차 주택재건축정비사업조합,관리처분인가,floor_area_ratio_pct,용적률,300,299.7,,정비계획 법적상한/계획 용적률 vs 사업시행 공개항목,confirmed_match,정비계획 법적상한은 고시문 기준값으로 유지,"정보몽땅 공개항목의 별첨 원문, 최신 변경고시, 관리처분 인가 고시 원문",project-notes/09-tw2w7iwv.md,analysis/management-stage-fact-check.md
9,잠실/송파,잠실우성4차 주택재건축정비사업조합,관리처분인가,building_coverage_ratio_pct,건폐율,25,30,,정비계획 고시 후보값 vs 사업시행 공개항목,keep_values_by_source_date,고시문 후보값과 사업개요 값 차이를 시점차로 유지,"정보몽땅 공개항목의 별첨 원문, 최신 변경고시, 관리처분 인가 고시 원문",project-notes/09-tw2w7iwv.md,analysis/management-stage-fact-check.md
9,잠실/송파,잠실우성4차 주택재건축정비사업조합,관리처분인가,floors,층수,지상:32/지하:4,32,,정비구역 고시 최고층 후보 vs 사업개요 층수,confirmed_match,층수는 고시문과 사업개요가 같은 방향으로 확인됨,"정보몽땅 공개항목의 별첨 원문, 최신 변경고시, 관리처분 인가 고시 원문",project-notes/09-tw2w7iwv.md,analysis/management-stage-fact-check.md
9,잠실/송파,잠실우성4차 주택재건축정비사업조합,관리처분인가,project_approval_date,사업시행인가일,,,2023-08-31,정보몽땅 사업시행계획서 공개항목,public_stage_date_confirmed,공개항목 기준 사업시행인가일로 기록,"정보몽땅 공개항목의 별첨 원문, 최신 변경고시, 관리처분 인가 고시 원문",project-notes/09-tw2w7iwv.md,analysis/management-stage-fact-check.md
9,잠실/송파,잠실우성4차 주택재건축정비사업조합,관리처분인가,management_approval_date,관리처분인가일,,,2025-12-31,정보몽땅 관리처분계획서 공개항목,public_stage_date_confirmed,공개항목 기준 관리처분인가일로 기록,"정보몽땅 공개항목의 별첨 원문, 최신 변경고시, 관리처분 인가 고시 원문",project-notes/09-tw2w7iwv.md,analysis/management-stage-fact-check.md
9,잠실/송파,잠실우성4차 주택재건축정비사업조합,관리처분인가,management_construction_cost,관리처분 공사비,,,,정보몽땅 관리처분 공개항목,public_stage_value_missing,관리처분 별첨 또는 조합 공개표에서 공사비 보강,"정보몽땅 공개항목의 별첨 원문, 최신 변경고시, 관리처분 인가 고시 원문",project-notes/09-tw2w7iwv.md,analysis/management-stage-fact-check.md
21,잠실/송파,가락삼익맨숀아파트 재건축정비사업 조합,관리처분인가,district_area_sqm,정비구역 면적,"59,721.7",59721.63,,사업개요 현재값 vs 2020-111 2020-10-08 고시,confirmed_match,구역면적은 사업개요와 고시문이 같은 값으로 취급 가능,"정보몽땅 공개항목의 별첨 원문, 최신 변경고시, 관리처분 인가 고시 원문",project-notes/21-grsamik.md,analysis/management-stage-fact-check.md
21,잠실/송파,가락삼익맨숀아파트 재건축정비사업 조합,관리처분인가,total_households,총 세대수,"1,358","1,570","1,531세대",정비구역 고시 2020-10-08 vs 사업시행/관리처분 공개항목,public_stage_value_available,"정비구역 고시 세대수, 사업시행 세대수, 사업개요 세대수를 시점별로 분리","정보몽땅 공개항목의 별첨 원문, 최신 변경고시, 관리처분 인가 고시 원문",project-notes/21-grsamik.md,analysis/management-stage-fact-check.md
21,잠실/송파,가락삼익맨숀아파트 재건축정비사업 조합,관리처분인가,floor_area_ratio_pct,용적률,300,299.98,299.975%,정비계획 법적상한/계획 용적률 vs 사업시행 공개항목,public_stage_value_available,정비계획 법적상한과 사업시행 용적률을 구분해 기록,"정보몽땅 공개항목의 별첨 원문, 최신 변경고시, 관리처분 인가 고시 원문",project-notes/21-grsamik.md,analysis/management-stage-fact-check.md
21,잠실/송파,가락삼익맨숀아파트 재건축정비사업 조합,관리처분인가,building_coverage_ratio_pct,건폐율,24,50,18.67%,정비계획 고시 후보값 vs 사업시행 공개항목,public_stage_value_available,사업시행 공개항목 건폐율을 최신 사업계획 수치로 별도 기록,"정보몽땅 공개항목의 별첨 원문, 최신 변경고시, 관리처분 인가 고시 원문",project-notes/21-grsamik.md,analysis/management-stage-fact-check.md
21,잠실/송파,가락삼익맨숀아파트 재건축정비사업 조합,관리처분인가,floors,층수,지상:30/지하:3,31,,정비구역 고시 최고층 후보 vs 사업개요 층수,keep_values_by_source_date,최고층 후보와 사업개요 층수를 별도 기록하고 최신 사업시행 원문 확인,"정보몽땅 공개항목의 별첨 원문, 최신 변경고시, 관리처분 인가 고시 원문",project-notes/21-grsamik.md,analysis/management-stage-fact-check.md
21,잠실/송파,가락삼익맨숀아파트 재건축정비사업 조합,관리처분인가,project_approval_date,사업시행인가일,,,2023-11-13,정보몽땅 사업시행계획서 공개항목,public_stage_date_confirmed,공개항목 기준 사업시행인가일로 기록,"정보몽땅 공개항목의 별첨 원문, 최신 변경고시, 관리처분 인가 고시 원문",project-notes/21-grsamik.md,analysis/management-stage-fact-check.md
21,잠실/송파,가락삼익맨숀아파트 재건축정비사업 조합,관리처분인가,management_approval_date,관리처분인가일,,,2025-10-15,정보몽땅 관리처분계획서 공개항목,public_stage_date_confirmed,공개항목 기준 관리처분인가일로 기록,"정보몽땅 공개항목의 별첨 원문, 최신 변경고시, 관리처분 인가 고시 원문",project-notes/21-grsamik.md,analysis/management-stage-fact-check.md
21,잠실/송파,가락삼익맨숀아파트 재건축정비사업 조합,관리처분인가,management_construction_cost,관리처분 공사비,,,"689,150,000,000",정보몽땅 관리처분 공개항목,public_stage_value_available,관리처분 공개항목 공사비로 기록하고 단위 원 유지,"정보몽땅 공개항목의 별첨 원문, 최신 변경고시, 관리처분 인가 고시 원문",project-notes/21-grsamik.md,analysis/management-stage-fact-check.md
