task_id,manual_source_id,source,source_kind,district,dong,coverage_from,coverage_to,project_count,suggested_output_filename,inferred_path,local_path,file_exists,file_bytes,file_ext,downloaded_at,source_page_or_url,filter_applied,download_status,next_action,operator_note
seoul-open-data-01,seoul-open-data-real-estate-csv,seoul-open-data,서울시 실거래 전체 원자료,강남구,개포동,202401,202412,1,seoul-open-data_강남구_개포동_202401_202412.csv,data/market/manual-import/files/seoul-open-data_강남구_개포동_202401_202412.csv,data/market/manual-import/files/seoul-open-data_강남구_개포동_202401_202412.csv,Y,126672,.csv,2026-06-23T07:34:39.365Z,https://data.seoul.go.kr/dataList/OA-21275/S/1/datasetView.do,신고년도=2024; 자치구=강남구; 법정동=개포동; 건물명/단지명 키워드=개포; 주공; 디에이치; 래미안; 자이,file_ready_for_column_audit,컬럼 감사/정규화로 넘기기 전 source-level manifest 또는 task-level 반입 경로와 연결한다.,auto_split_from_official_seoul_sheet_csv; rows=779; generated_at=2026-06-23 KST
seoul-open-data-02,seoul-open-data-real-estate-csv,seoul-open-data,서울시 실거래 전체 원자료,강남구,개포동,202501,202512,1,seoul-open-data_강남구_개포동_202501_202512.csv,data/market/manual-import/files/seoul-open-data_강남구_개포동_202501_202512.csv,data/market/manual-import/files/seoul-open-data_강남구_개포동_202501_202512.csv,Y,141565,.csv,2026-06-23T07:34:39.365Z,https://data.seoul.go.kr/dataList/OA-21275/S/1/datasetView.do,신고년도=2025; 자치구=강남구; 법정동=개포동; 건물명/단지명 키워드=개포; 주공; 디에이치; 래미안; 자이,file_ready_for_column_audit,컬럼 감사/정규화로 넘기기 전 source-level manifest 또는 task-level 반입 경로와 연결한다.,auto_split_from_official_seoul_sheet_csv; rows=870; generated_at=2026-06-23 KST
seoul-open-data-03,seoul-open-data-real-estate-csv,seoul-open-data,서울시 실거래 전체 원자료,강남구,개포동,202601,202606,1,seoul-open-data_강남구_개포동_202601_202606.csv,data/market/manual-import/files/seoul-open-data_강남구_개포동_202601_202606.csv,data/market/manual-import/files/seoul-open-data_강남구_개포동_202601_202606.csv,Y,64813,.csv,2026-06-23T07:34:39.365Z,https://data.seoul.go.kr/dataList/OA-21275/S/1/datasetView.do,신고년도=2026; 자치구=강남구; 법정동=개포동; 건물명/단지명 키워드=개포; 주공; 디에이치; 래미안; 자이,file_ready_for_column_audit,컬럼 감사/정규화로 넘기기 전 source-level manifest 또는 task-level 반입 경로와 연결한다.,auto_split_from_official_seoul_sheet_csv; rows=393; generated_at=2026-06-23 KST
seoul-open-data-04,seoul-open-data-real-estate-csv,seoul-open-data,서울시 실거래 전체 원자료,강남구,대치동,202401,202412,4,seoul-open-data_강남구_대치동_202401_202412.csv,data/market/manual-import/files/seoul-open-data_강남구_대치동_202401_202412.csv,data/market/manual-import/files/seoul-open-data_강남구_대치동_202401_202412.csv,Y,92681,.csv,2026-06-23T07:34:39.365Z,https://data.seoul.go.kr/dataList/OA-21275/S/1/datasetView.do,신고년도=2024; 자치구=강남구; 법정동=대치동; 건물명/단지명 키워드=은마; 우성; 쌍용; 대치,file_ready_for_column_audit,컬럼 감사/정규화로 넘기기 전 source-level manifest 또는 task-level 반입 경로와 연결한다.,auto_split_from_official_seoul_sheet_csv; rows=583; generated_at=2026-06-23 KST
seoul-open-data-05,seoul-open-data-real-estate-csv,seoul-open-data,서울시 실거래 전체 원자료,강남구,대치동,202501,202512,4,seoul-open-data_강남구_대치동_202501_202512.csv,data/market/manual-import/files/seoul-open-data_강남구_대치동_202501_202512.csv,data/market/manual-import/files/seoul-open-data_강남구_대치동_202501_202512.csv,Y,113334,.csv,2026-06-23T07:34:39.365Z,https://data.seoul.go.kr/dataList/OA-21275/S/1/datasetView.do,신고년도=2025; 자치구=강남구; 법정동=대치동; 건물명/단지명 키워드=은마; 우성; 쌍용; 대치,file_ready_for_column_audit,컬럼 감사/정규화로 넘기기 전 source-level manifest 또는 task-level 반입 경로와 연결한다.,auto_split_from_official_seoul_sheet_csv; rows=710; generated_at=2026-06-23 KST
seoul-open-data-06,seoul-open-data-real-estate-csv,seoul-open-data,서울시 실거래 전체 원자료,강남구,대치동,202601,202606,4,seoul-open-data_강남구_대치동_202601_202606.csv,data/market/manual-import/files/seoul-open-data_강남구_대치동_202601_202606.csv,data/market/manual-import/files/seoul-open-data_강남구_대치동_202601_202606.csv,Y,42380,.csv,2026-06-23T07:34:39.365Z,https://data.seoul.go.kr/dataList/OA-21275/S/1/datasetView.do,신고년도=2026; 자치구=강남구; 법정동=대치동; 건물명/단지명 키워드=은마; 우성; 쌍용; 대치,file_ready_for_column_audit,컬럼 감사/정규화로 넘기기 전 source-level manifest 또는 task-level 반입 경로와 연결한다.,auto_split_from_official_seoul_sheet_csv; rows=264; generated_at=2026-06-23 KST
seoul-open-data-07,seoul-open-data-real-estate-csv,seoul-open-data,서울시 실거래 전체 원자료,강남구,압구정동,202401,202412,5,seoul-open-data_강남구_압구정동_202401_202412.csv,data/market/manual-import/files/seoul-open-data_강남구_압구정동_202401_202412.csv,data/market/manual-import/files/seoul-open-data_강남구_압구정동_202401_202412.csv,Y,48462,.csv,2026-06-23T07:34:39.365Z,https://data.seoul.go.kr/dataList/OA-21275/S/1/datasetView.do,신고년도=2024; 자치구=강남구; 법정동=압구정동; 건물명/단지명 키워드=압구정; 현대; 한양; 미성; 신현대,file_ready_for_column_audit,컬럼 감사/정규화로 넘기기 전 source-level manifest 또는 task-level 반입 경로와 연결한다.,auto_split_from_official_seoul_sheet_csv; rows=295; generated_at=2026-06-23 KST
seoul-open-data-08,seoul-open-data-real-estate-csv,seoul-open-data,서울시 실거래 전체 원자료,강남구,압구정동,202501,202512,5,seoul-open-data_강남구_압구정동_202501_202512.csv,data/market/manual-import/files/seoul-open-data_강남구_압구정동_202501_202512.csv,data/market/manual-import/files/seoul-open-data_강남구_압구정동_202501_202512.csv,Y,48265,.csv,2026-06-23T07:34:39.365Z,https://data.seoul.go.kr/dataList/OA-21275/S/1/datasetView.do,신고년도=2025; 자치구=강남구; 법정동=압구정동; 건물명/단지명 키워드=압구정; 현대; 한양; 미성; 신현대,file_ready_for_column_audit,컬럼 감사/정규화로 넘기기 전 source-level manifest 또는 task-level 반입 경로와 연결한다.,auto_split_from_official_seoul_sheet_csv; rows=293; generated_at=2026-06-23 KST
seoul-open-data-09,seoul-open-data-real-estate-csv,seoul-open-data,서울시 실거래 전체 원자료,강남구,압구정동,202601,202606,5,seoul-open-data_강남구_압구정동_202601_202606.csv,data/market/manual-import/files/seoul-open-data_강남구_압구정동_202601_202606.csv,data/market/manual-import/files/seoul-open-data_강남구_압구정동_202601_202606.csv,Y,15334,.csv,2026-06-23T07:34:39.365Z,https://data.seoul.go.kr/dataList/OA-21275/S/1/datasetView.do,신고년도=2026; 자치구=강남구; 법정동=압구정동; 건물명/단지명 키워드=압구정; 현대; 한양; 미성; 신현대,file_ready_for_column_audit,컬럼 감사/정규화로 넘기기 전 source-level manifest 또는 task-level 반입 경로와 연결한다.,auto_split_from_official_seoul_sheet_csv; rows=92; generated_at=2026-06-23 KST
seoul-open-data-10,seoul-open-data-real-estate-csv,seoul-open-data,서울시 실거래 전체 원자료,광진구,광장동,202401,202412,3,seoul-open-data_광진구_광장동_202401_202412.csv,data/market/manual-import/files/seoul-open-data_광진구_광장동_202401_202412.csv,data/market/manual-import/files/seoul-open-data_광진구_광장동_202401_202412.csv,Y,73309,.csv,2026-06-23T07:34:39.365Z,https://data.seoul.go.kr/dataList/OA-21275/S/1/datasetView.do,신고년도=2024; 자치구=광진구; 법정동=광장동; 건물명/단지명 키워드=광장; 극동; 워커힐; 삼성,file_ready_for_column_audit,컬럼 감사/정규화로 넘기기 전 source-level manifest 또는 task-level 반입 경로와 연결한다.,auto_split_from_official_seoul_sheet_csv; rows=479; generated_at=2026-06-23 KST
seoul-open-data-11,seoul-open-data-real-estate-csv,seoul-open-data,서울시 실거래 전체 원자료,광진구,광장동,202501,202512,3,seoul-open-data_광진구_광장동_202501_202512.csv,data/market/manual-import/files/seoul-open-data_광진구_광장동_202501_202512.csv,data/market/manual-import/files/seoul-open-data_광진구_광장동_202501_202512.csv,Y,110076,.csv,2026-06-23T07:34:39.365Z,https://data.seoul.go.kr/dataList/OA-21275/S/1/datasetView.do,신고년도=2025; 자치구=광진구; 법정동=광장동; 건물명/단지명 키워드=광장; 극동; 워커힐; 삼성,file_ready_for_column_audit,컬럼 감사/정규화로 넘기기 전 source-level manifest 또는 task-level 반입 경로와 연결한다.,auto_split_from_official_seoul_sheet_csv; rows=713; generated_at=2026-06-23 KST
seoul-open-data-12,seoul-open-data-real-estate-csv,seoul-open-data,서울시 실거래 전체 원자료,광진구,광장동,202601,202606,3,seoul-open-data_광진구_광장동_202601_202606.csv,data/market/manual-import/files/seoul-open-data_광진구_광장동_202601_202606.csv,data/market/manual-import/files/seoul-open-data_광진구_광장동_202601_202606.csv,Y,19717,.csv,2026-06-23T07:34:39.365Z,https://data.seoul.go.kr/dataList/OA-21275/S/1/datasetView.do,신고년도=2026; 자치구=광진구; 법정동=광장동; 건물명/단지명 키워드=광장; 극동; 워커힐; 삼성,file_ready_for_column_audit,컬럼 감사/정규화로 넘기기 전 source-level manifest 또는 task-level 반입 경로와 연결한다.,auto_split_from_official_seoul_sheet_csv; rows=127; generated_at=2026-06-23 KST
seoul-open-data-13,seoul-open-data-real-estate-csv,seoul-open-data,서울시 실거래 전체 원자료,광진구,구의동,202401,202412,1,seoul-open-data_광진구_구의동_202401_202412.csv,data/market/manual-import/files/seoul-open-data_광진구_구의동_202401_202412.csv,data/market/manual-import/files/seoul-open-data_광진구_구의동_202401_202412.csv,Y,104176,.csv,2026-06-23T07:34:39.365Z,https://data.seoul.go.kr/dataList/OA-21275/S/1/datasetView.do,신고년도=2024; 자치구=광진구; 법정동=구의동; 건물명/단지명 키워드=구의; 한양; 강변,file_ready_for_column_audit,컬럼 감사/정규화로 넘기기 전 source-level manifest 또는 task-level 반입 경로와 연결한다.,auto_split_from_official_seoul_sheet_csv; rows=664; generated_at=2026-06-23 KST
seoul-open-data-14,seoul-open-data-real-estate-csv,seoul-open-data,서울시 실거래 전체 원자료,광진구,구의동,202501,202512,1,seoul-open-data_광진구_구의동_202501_202512.csv,data/market/manual-import/files/seoul-open-data_광진구_구의동_202501_202512.csv,data/market/manual-import/files/seoul-open-data_광진구_구의동_202501_202512.csv,Y,190363,.csv,2026-06-23T07:34:39.365Z,https://data.seoul.go.kr/dataList/OA-21275/S/1/datasetView.do,신고년도=2025; 자치구=광진구; 법정동=구의동; 건물명/단지명 키워드=구의; 한양; 강변,file_ready_for_column_audit,컬럼 감사/정규화로 넘기기 전 source-level manifest 또는 task-level 반입 경로와 연결한다.,auto_split_from_official_seoul_sheet_csv; rows=1200; generated_at=2026-06-23 KST
seoul-open-data-15,seoul-open-data-real-estate-csv,seoul-open-data,서울시 실거래 전체 원자료,광진구,구의동,202601,202606,1,seoul-open-data_광진구_구의동_202601_202606.csv,data/market/manual-import/files/seoul-open-data_광진구_구의동_202601_202606.csv,data/market/manual-import/files/seoul-open-data_광진구_구의동_202601_202606.csv,Y,106005,.csv,2026-06-23T07:34:39.365Z,https://data.seoul.go.kr/dataList/OA-21275/S/1/datasetView.do,신고년도=2026; 자치구=광진구; 법정동=구의동; 건물명/단지명 키워드=구의; 한양; 강변,file_ready_for_column_audit,컬럼 감사/정규화로 넘기기 전 source-level manifest 또는 task-level 반입 경로와 연결한다.,auto_split_from_official_seoul_sheet_csv; rows=682; generated_at=2026-06-23 KST
seoul-open-data-16,seoul-open-data-real-estate-csv,seoul-open-data,서울시 실거래 전체 원자료,광진구,자양동,202401,202412,5,seoul-open-data_광진구_자양동_202401_202412.csv,data/market/manual-import/files/seoul-open-data_광진구_자양동_202401_202412.csv,data/market/manual-import/files/seoul-open-data_광진구_자양동_202401_202412.csv,Y,203627,.csv,2026-06-23T07:34:39.365Z,https://data.seoul.go.kr/dataList/OA-21275/S/1/datasetView.do,신고년도=2024; 자치구=광진구; 법정동=자양동; 건물명/단지명 키워드=자양; 한양; 자양7; 자양4,file_ready_for_column_audit,컬럼 감사/정규화로 넘기기 전 source-level manifest 또는 task-level 반입 경로와 연결한다.,auto_split_from_official_seoul_sheet_csv; rows=1315; generated_at=2026-06-23 KST
seoul-open-data-17,seoul-open-data-real-estate-csv,seoul-open-data,서울시 실거래 전체 원자료,광진구,자양동,202501,202512,5,seoul-open-data_광진구_자양동_202501_202512.csv,data/market/manual-import/files/seoul-open-data_광진구_자양동_202501_202512.csv,data/market/manual-import/files/seoul-open-data_광진구_자양동_202501_202512.csv,Y,261499,.csv,2026-06-23T07:34:39.365Z,https://data.seoul.go.kr/dataList/OA-21275/S/1/datasetView.do,신고년도=2025; 자치구=광진구; 법정동=자양동; 건물명/단지명 키워드=자양; 한양; 자양7; 자양4,file_ready_for_column_audit,컬럼 감사/정규화로 넘기기 전 source-level manifest 또는 task-level 반입 경로와 연결한다.,auto_split_from_official_seoul_sheet_csv; rows=1691; generated_at=2026-06-23 KST
seoul-open-data-18,seoul-open-data-real-estate-csv,seoul-open-data,서울시 실거래 전체 원자료,광진구,자양동,202601,202606,5,seoul-open-data_광진구_자양동_202601_202606.csv,data/market/manual-import/files/seoul-open-data_광진구_자양동_202601_202606.csv,data/market/manual-import/files/seoul-open-data_광진구_자양동_202601_202606.csv,Y,89845,.csv,2026-06-23T07:34:39.365Z,https://data.seoul.go.kr/dataList/OA-21275/S/1/datasetView.do,신고년도=2026; 자치구=광진구; 법정동=자양동; 건물명/단지명 키워드=자양; 한양; 자양7; 자양4,file_ready_for_column_audit,컬럼 감사/정규화로 넘기기 전 source-level manifest 또는 task-level 반입 경로와 연결한다.,auto_split_from_official_seoul_sheet_csv; rows=573; generated_at=2026-06-23 KST
seoul-open-data-19,seoul-open-data-real-estate-csv,seoul-open-data,서울시 실거래 전체 원자료,광진구,중곡동,202401,202412,1,seoul-open-data_광진구_중곡동_202401_202412.csv,data/market/manual-import/files/seoul-open-data_광진구_중곡동_202401_202412.csv,data/market/manual-import/files/seoul-open-data_광진구_중곡동_202401_202412.csv,Y,77544,.csv,2026-06-23T07:34:39.365Z,https://data.seoul.go.kr/dataList/OA-21275/S/1/datasetView.do,신고년도=2024; 자치구=광진구; 법정동=중곡동; 건물명/단지명 키워드=중곡; 중곡아파트,file_ready_for_column_audit,컬럼 감사/정규화로 넘기기 전 source-level manifest 또는 task-level 반입 경로와 연결한다.,auto_split_from_official_seoul_sheet_csv; rows=503; generated_at=2026-06-23 KST
seoul-open-data-20,seoul-open-data-real-estate-csv,seoul-open-data,서울시 실거래 전체 원자료,광진구,중곡동,202501,202512,1,seoul-open-data_광진구_중곡동_202501_202512.csv,data/market/manual-import/files/seoul-open-data_광진구_중곡동_202501_202512.csv,data/market/manual-import/files/seoul-open-data_광진구_중곡동_202501_202512.csv,Y,121178,.csv,2026-06-23T07:34:39.365Z,https://data.seoul.go.kr/dataList/OA-21275/S/1/datasetView.do,신고년도=2025; 자치구=광진구; 법정동=중곡동; 건물명/단지명 키워드=중곡; 중곡아파트,file_ready_for_column_audit,컬럼 감사/정규화로 넘기기 전 source-level manifest 또는 task-level 반입 경로와 연결한다.,auto_split_from_official_seoul_sheet_csv; rows=795; generated_at=2026-06-23 KST
seoul-open-data-21,seoul-open-data-real-estate-csv,seoul-open-data,서울시 실거래 전체 원자료,광진구,중곡동,202601,202606,1,seoul-open-data_광진구_중곡동_202601_202606.csv,data/market/manual-import/files/seoul-open-data_광진구_중곡동_202601_202606.csv,data/market/manual-import/files/seoul-open-data_광진구_중곡동_202601_202606.csv,Y,106470,.csv,2026-06-23T07:34:39.365Z,https://data.seoul.go.kr/dataList/OA-21275/S/1/datasetView.do,신고년도=2026; 자치구=광진구; 법정동=중곡동; 건물명/단지명 키워드=중곡; 중곡아파트,file_ready_for_column_audit,컬럼 감사/정규화로 넘기기 전 source-level manifest 또는 task-level 반입 경로와 연결한다.,auto_split_from_official_seoul_sheet_csv; rows=683; generated_at=2026-06-23 KST
seoul-open-data-22,seoul-open-data-real-estate-csv,seoul-open-data,서울시 실거래 전체 원자료,송파구,마천동,202401,202412,1,seoul-open-data_송파구_마천동_202401_202412.csv,data/market/manual-import/files/seoul-open-data_송파구_마천동_202401_202412.csv,data/market/manual-import/files/seoul-open-data_송파구_마천동_202401_202412.csv,Y,23400,.csv,2026-06-23T07:34:39.365Z,https://data.seoul.go.kr/dataList/OA-21275/S/1/datasetView.do,신고년도=2024; 자치구=송파구; 법정동=마천동; 건물명/단지명 키워드=마천; 거여; 재정비촉진,file_ready_for_column_audit,컬럼 감사/정규화로 넘기기 전 source-level manifest 또는 task-level 반입 경로와 연결한다.,auto_split_from_official_seoul_sheet_csv; rows=150; generated_at=2026-06-23 KST
seoul-open-data-23,seoul-open-data-real-estate-csv,seoul-open-data,서울시 실거래 전체 원자료,송파구,마천동,202501,202512,1,seoul-open-data_송파구_마천동_202501_202512.csv,data/market/manual-import/files/seoul-open-data_송파구_마천동_202501_202512.csv,data/market/manual-import/files/seoul-open-data_송파구_마천동_202501_202512.csv,Y,57057,.csv,2026-06-23T07:34:39.365Z,https://data.seoul.go.kr/dataList/OA-21275/S/1/datasetView.do,신고년도=2025; 자치구=송파구; 법정동=마천동; 건물명/단지명 키워드=마천; 거여; 재정비촉진,file_ready_for_column_audit,컬럼 감사/정규화로 넘기기 전 source-level manifest 또는 task-level 반입 경로와 연결한다.,auto_split_from_official_seoul_sheet_csv; rows=363; generated_at=2026-06-23 KST
seoul-open-data-24,seoul-open-data-real-estate-csv,seoul-open-data,서울시 실거래 전체 원자료,송파구,마천동,202601,202606,1,seoul-open-data_송파구_마천동_202601_202606.csv,data/market/manual-import/files/seoul-open-data_송파구_마천동_202601_202606.csv,data/market/manual-import/files/seoul-open-data_송파구_마천동_202601_202606.csv,Y,42394,.csv,2026-06-23T07:34:39.365Z,https://data.seoul.go.kr/dataList/OA-21275/S/1/datasetView.do,신고년도=2026; 자치구=송파구; 법정동=마천동; 건물명/단지명 키워드=마천; 거여; 재정비촉진,file_ready_for_column_audit,컬럼 감사/정규화로 넘기기 전 source-level manifest 또는 task-level 반입 경로와 연결한다.,auto_split_from_official_seoul_sheet_csv; rows=271; generated_at=2026-06-23 KST
seoul-open-data-25,seoul-open-data-real-estate-csv,seoul-open-data,서울시 실거래 전체 원자료,송파구,문정동,202401,202412,1,seoul-open-data_송파구_문정동_202401_202412.csv,data/market/manual-import/files/seoul-open-data_송파구_문정동_202401_202412.csv,data/market/manual-import/files/seoul-open-data_송파구_문정동_202401_202412.csv,Y,151802,.csv,2026-06-23T07:34:39.365Z,https://data.seoul.go.kr/dataList/OA-21275/S/1/datasetView.do,신고년도=2024; 자치구=송파구; 법정동=문정동; 건물명/단지명 키워드=가락; 현대; 문정,file_ready_for_column_audit,컬럼 감사/정규화로 넘기기 전 source-level manifest 또는 task-level 반입 경로와 연결한다.,auto_split_from_official_seoul_sheet_csv; rows=952; generated_at=2026-06-23 KST
seoul-open-data-26,seoul-open-data-real-estate-csv,seoul-open-data,서울시 실거래 전체 원자료,송파구,문정동,202501,202512,1,seoul-open-data_송파구_문정동_202501_202512.csv,data/market/manual-import/files/seoul-open-data_송파구_문정동_202501_202512.csv,data/market/manual-import/files/seoul-open-data_송파구_문정동_202501_202512.csv,Y,199375,.csv,2026-06-23T07:34:39.365Z,https://data.seoul.go.kr/dataList/OA-21275/S/1/datasetView.do,신고년도=2025; 자치구=송파구; 법정동=문정동; 건물명/단지명 키워드=가락; 현대; 문정,file_ready_for_column_audit,컬럼 감사/정규화로 넘기기 전 source-level manifest 또는 task-level 반입 경로와 연결한다.,auto_split_from_official_seoul_sheet_csv; rows=1256; generated_at=2026-06-23 KST
seoul-open-data-27,seoul-open-data-real-estate-csv,seoul-open-data,서울시 실거래 전체 원자료,송파구,문정동,202601,202606,1,seoul-open-data_송파구_문정동_202601_202606.csv,data/market/manual-import/files/seoul-open-data_송파구_문정동_202601_202606.csv,data/market/manual-import/files/seoul-open-data_송파구_문정동_202601_202606.csv,Y,102224,.csv,2026-06-23T07:34:39.365Z,https://data.seoul.go.kr/dataList/OA-21275/S/1/datasetView.do,신고년도=2026; 자치구=송파구; 법정동=문정동; 건물명/단지명 키워드=가락; 현대; 문정,file_ready_for_column_audit,컬럼 감사/정규화로 넘기기 전 source-level manifest 또는 task-level 반입 경로와 연결한다.,auto_split_from_official_seoul_sheet_csv; rows=646; generated_at=2026-06-23 KST
seoul-open-data-28,seoul-open-data-real-estate-csv,seoul-open-data,서울시 실거래 전체 원자료,송파구,방이동,202401,202412,1,seoul-open-data_송파구_방이동_202401_202412.csv,data/market/manual-import/files/seoul-open-data_송파구_방이동_202401_202412.csv,data/market/manual-import/files/seoul-open-data_송파구_방이동_202401_202412.csv,Y,114711,.csv,2026-06-23T07:34:39.365Z,https://data.seoul.go.kr/dataList/OA-21275/S/1/datasetView.do,신고년도=2024; 자치구=송파구; 법정동=방이동; 건물명/단지명 키워드=대림; 가락; 방이,file_ready_for_column_audit,컬럼 감사/정규화로 넘기기 전 source-level manifest 또는 task-level 반입 경로와 연결한다.,auto_split_from_official_seoul_sheet_csv; rows=729; generated_at=2026-06-23 KST
seoul-open-data-29,seoul-open-data-real-estate-csv,seoul-open-data,서울시 실거래 전체 원자료,송파구,방이동,202501,202512,1,seoul-open-data_송파구_방이동_202501_202512.csv,data/market/manual-import/files/seoul-open-data_송파구_방이동_202501_202512.csv,data/market/manual-import/files/seoul-open-data_송파구_방이동_202501_202512.csv,Y,111508,.csv,2026-06-23T07:34:39.365Z,https://data.seoul.go.kr/dataList/OA-21275/S/1/datasetView.do,신고년도=2025; 자치구=송파구; 법정동=방이동; 건물명/단지명 키워드=대림; 가락; 방이,file_ready_for_column_audit,컬럼 감사/정규화로 넘기기 전 source-level manifest 또는 task-level 반입 경로와 연결한다.,auto_split_from_official_seoul_sheet_csv; rows=699; generated_at=2026-06-23 KST
seoul-open-data-30,seoul-open-data-real-estate-csv,seoul-open-data,서울시 실거래 전체 원자료,송파구,방이동,202601,202606,1,seoul-open-data_송파구_방이동_202601_202606.csv,data/market/manual-import/files/seoul-open-data_송파구_방이동_202601_202606.csv,data/market/manual-import/files/seoul-open-data_송파구_방이동_202601_202606.csv,Y,67587,.csv,2026-06-23T07:34:39.365Z,https://data.seoul.go.kr/dataList/OA-21275/S/1/datasetView.do,신고년도=2026; 자치구=송파구; 법정동=방이동; 건물명/단지명 키워드=대림; 가락; 방이,file_ready_for_column_audit,컬럼 감사/정규화로 넘기기 전 source-level manifest 또는 task-level 반입 경로와 연결한다.,auto_split_from_official_seoul_sheet_csv; rows=425; generated_at=2026-06-23 KST
seoul-open-data-31,seoul-open-data-real-estate-csv,seoul-open-data,서울시 실거래 전체 원자료,송파구,송파동,202401,202412,3,seoul-open-data_송파구_송파동_202401_202412.csv,data/market/manual-import/files/seoul-open-data_송파구_송파동_202401_202412.csv,data/market/manual-import/files/seoul-open-data_송파구_송파동_202401_202412.csv,Y,64841,.csv,2026-06-23T07:34:39.365Z,https://data.seoul.go.kr/dataList/OA-21275/S/1/datasetView.do,신고년도=2024; 자치구=송파구; 법정동=송파동; 건물명/단지명 키워드=송파; 한양; 미성; 가락삼익; 삼익,file_ready_for_column_audit,컬럼 감사/정규화로 넘기기 전 source-level manifest 또는 task-level 반입 경로와 연결한다.,auto_split_from_official_seoul_sheet_csv; rows=413; generated_at=2026-06-23 KST
seoul-open-data-32,seoul-open-data-real-estate-csv,seoul-open-data,서울시 실거래 전체 원자료,송파구,송파동,202501,202512,3,seoul-open-data_송파구_송파동_202501_202512.csv,data/market/manual-import/files/seoul-open-data_송파구_송파동_202501_202512.csv,data/market/manual-import/files/seoul-open-data_송파구_송파동_202501_202512.csv,Y,91999,.csv,2026-06-23T07:34:39.365Z,https://data.seoul.go.kr/dataList/OA-21275/S/1/datasetView.do,신고년도=2025; 자치구=송파구; 법정동=송파동; 건물명/단지명 키워드=송파; 한양; 미성; 가락삼익; 삼익,file_ready_for_column_audit,컬럼 감사/정규화로 넘기기 전 source-level manifest 또는 task-level 반입 경로와 연결한다.,auto_split_from_official_seoul_sheet_csv; rows=580; generated_at=2026-06-23 KST
seoul-open-data-33,seoul-open-data-real-estate-csv,seoul-open-data,서울시 실거래 전체 원자료,송파구,송파동,202601,202606,3,seoul-open-data_송파구_송파동_202601_202606.csv,data/market/manual-import/files/seoul-open-data_송파구_송파동_202601_202606.csv,data/market/manual-import/files/seoul-open-data_송파구_송파동_202601_202606.csv,Y,49925,.csv,2026-06-23T07:34:39.365Z,https://data.seoul.go.kr/dataList/OA-21275/S/1/datasetView.do,신고년도=2026; 자치구=송파구; 법정동=송파동; 건물명/단지명 키워드=송파; 한양; 미성; 가락삼익; 삼익,file_ready_for_column_audit,컬럼 감사/정규화로 넘기기 전 source-level manifest 또는 task-level 반입 경로와 연결한다.,auto_split_from_official_seoul_sheet_csv; rows=319; generated_at=2026-06-23 KST
seoul-open-data-34,seoul-open-data-real-estate-csv,seoul-open-data,서울시 실거래 전체 원자료,송파구,신천동,202401,202412,1,seoul-open-data_송파구_신천동_202401_202412.csv,data/market/manual-import/files/seoul-open-data_송파구_신천동_202401_202412.csv,data/market/manual-import/files/seoul-open-data_송파구_신천동_202401_202412.csv,Y,72107,.csv,2026-06-23T07:34:39.365Z,https://data.seoul.go.kr/dataList/OA-21275/S/1/datasetView.do,신고년도=2024; 자치구=송파구; 법정동=신천동; 건물명/단지명 키워드=장미; 파크리오; 진주; 미성; 크로바,file_ready_for_column_audit,컬럼 감사/정규화로 넘기기 전 source-level manifest 또는 task-level 반입 경로와 연결한다.,auto_split_from_official_seoul_sheet_csv; rows=477; generated_at=2026-06-23 KST
seoul-open-data-35,seoul-open-data-real-estate-csv,seoul-open-data,서울시 실거래 전체 원자료,송파구,신천동,202501,202512,1,seoul-open-data_송파구_신천동_202501_202512.csv,data/market/manual-import/files/seoul-open-data_송파구_신천동_202501_202512.csv,data/market/manual-import/files/seoul-open-data_송파구_신천동_202501_202512.csv,Y,91618,.csv,2026-06-23T07:34:39.365Z,https://data.seoul.go.kr/dataList/OA-21275/S/1/datasetView.do,신고년도=2025; 자치구=송파구; 법정동=신천동; 건물명/단지명 키워드=장미; 파크리오; 진주; 미성; 크로바,file_ready_for_column_audit,컬럼 감사/정규화로 넘기기 전 source-level manifest 또는 task-level 반입 경로와 연결한다.,auto_split_from_official_seoul_sheet_csv; rows=585; generated_at=2026-06-23 KST
seoul-open-data-36,seoul-open-data-real-estate-csv,seoul-open-data,서울시 실거래 전체 원자료,송파구,신천동,202601,202606,1,seoul-open-data_송파구_신천동_202601_202606.csv,data/market/manual-import/files/seoul-open-data_송파구_신천동_202601_202606.csv,data/market/manual-import/files/seoul-open-data_송파구_신천동_202601_202606.csv,Y,40240,.csv,2026-06-23T07:34:39.365Z,https://data.seoul.go.kr/dataList/OA-21275/S/1/datasetView.do,신고년도=2026; 자치구=송파구; 법정동=신천동; 건물명/단지명 키워드=장미; 파크리오; 진주; 미성; 크로바,file_ready_for_column_audit,컬럼 감사/정규화로 넘기기 전 source-level manifest 또는 task-level 반입 경로와 연결한다.,auto_split_from_official_seoul_sheet_csv; rows=259; generated_at=2026-06-23 KST
seoul-open-data-37,seoul-open-data-real-estate-csv,seoul-open-data,서울시 실거래 전체 원자료,송파구,잠실동,202401,202412,3,seoul-open-data_송파구_잠실동_202401_202412.csv,data/market/manual-import/files/seoul-open-data_송파구_잠실동_202401_202412.csv,data/market/manual-import/files/seoul-open-data_송파구_잠실동_202401_202412.csv,Y,130534,.csv,2026-06-23T07:34:39.365Z,https://data.seoul.go.kr/dataList/OA-21275/S/1/datasetView.do,신고년도=2024; 자치구=송파구; 법정동=잠실동; 건물명/단지명 키워드=잠실; 주공; 우성; 엘스; 리센츠; 트리지움,file_ready_for_column_audit,컬럼 감사/정규화로 넘기기 전 source-level manifest 또는 task-level 반입 경로와 연결한다.,auto_split_from_official_seoul_sheet_csv; rows=847; generated_at=2026-06-23 KST
seoul-open-data-38,seoul-open-data-real-estate-csv,seoul-open-data,서울시 실거래 전체 원자료,송파구,잠실동,202501,202512,3,seoul-open-data_송파구_잠실동_202501_202512.csv,data/market/manual-import/files/seoul-open-data_송파구_잠실동_202501_202512.csv,data/market/manual-import/files/seoul-open-data_송파구_잠실동_202501_202512.csv,Y,223735,.csv,2026-06-23T07:34:39.365Z,https://data.seoul.go.kr/dataList/OA-21275/S/1/datasetView.do,신고년도=2025; 자치구=송파구; 법정동=잠실동; 건물명/단지명 키워드=잠실; 주공; 우성; 엘스; 리센츠; 트리지움,file_ready_for_column_audit,컬럼 감사/정규화로 넘기기 전 source-level manifest 또는 task-level 반입 경로와 연결한다.,auto_split_from_official_seoul_sheet_csv; rows=1445; generated_at=2026-06-23 KST
seoul-open-data-39,seoul-open-data-real-estate-csv,seoul-open-data,서울시 실거래 전체 원자료,송파구,잠실동,202601,202606,3,seoul-open-data_송파구_잠실동_202601_202606.csv,data/market/manual-import/files/seoul-open-data_송파구_잠실동_202601_202606.csv,data/market/manual-import/files/seoul-open-data_송파구_잠실동_202601_202606.csv,Y,106222,.csv,2026-06-23T07:34:39.365Z,https://data.seoul.go.kr/dataList/OA-21275/S/1/datasetView.do,신고년도=2026; 자치구=송파구; 법정동=잠실동; 건물명/단지명 키워드=잠실; 주공; 우성; 엘스; 리센츠; 트리지움,file_ready_for_column_audit,컬럼 감사/정규화로 넘기기 전 source-level manifest 또는 task-level 반입 경로와 연결한다.,auto_split_from_official_seoul_sheet_csv; rows=686; generated_at=2026-06-23 KST
molit-apt-rent-01,molit-rtms-apt-trade-rent-manual,molit-apt-rent,국토부 아파트 전월세,강남구,압구정동; 대치동; 개포동,202401,202412,10,molit-apt-rent_강남구_압구정동-대치동-개포동_202401_202412.csv,data/market/manual-import/files/molit-apt-rent_강남구_압구정동-대치동-개포동_202401_202412.csv,data/market/manual-import/files/molit-apt-rent_강남구_압구정동-대치동-개포동_202401_202412.csv,Y,1610108,.csv,2026-06-23T07:44:37.142Z,https://rt.molit.go.kr/,계약년도=2024; LAWD_CD=11680; 계약년월=202401~202412; 자료유형=국토부 아파트 전월세,file_ready_for_column_audit,컬럼 감사/정규화로 넘기기 전 source-level manifest 또는 task-level 반입 경로와 연결한다.,auto_downloaded_from_official_rtms_csv; source_rows=22765; filtered_rows=9040; generated_at=2026-06-23 KST
molit-apt-rent-02,molit-rtms-apt-trade-rent-manual,molit-apt-rent,국토부 아파트 전월세,강남구,압구정동; 대치동; 개포동,202501,202512,10,molit-apt-rent_강남구_압구정동-대치동-개포동_202501_202512.csv,data/market/manual-import/files/molit-apt-rent_강남구_압구정동-대치동-개포동_202501_202512.csv,data/market/manual-import/files/molit-apt-rent_강남구_압구정동-대치동-개포동_202501_202512.csv,Y,1700230,.csv,2026-06-23T07:44:37.142Z,https://rt.molit.go.kr/,계약년도=2025; LAWD_CD=11680; 계약년월=202501~202512; 자료유형=국토부 아파트 전월세,file_ready_for_column_audit,컬럼 감사/정규화로 넘기기 전 source-level manifest 또는 task-level 반입 경로와 연결한다.,auto_downloaded_from_official_rtms_csv; source_rows=23835; filtered_rows=9487; generated_at=2026-06-23 KST
molit-apt-rent-03,molit-rtms-apt-trade-rent-manual,molit-apt-rent,국토부 아파트 전월세,강남구,압구정동; 대치동; 개포동,202601,202606,10,molit-apt-rent_강남구_압구정동-대치동-개포동_202601_202606.csv,data/market/manual-import/files/molit-apt-rent_강남구_압구정동-대치동-개포동_202601_202606.csv,data/market/manual-import/files/molit-apt-rent_강남구_압구정동-대치동-개포동_202601_202606.csv,Y,529418,.csv,2026-06-23T07:44:37.142Z,https://rt.molit.go.kr/,계약년도=2026; LAWD_CD=11680; 계약년월=202601~202606; 자료유형=국토부 아파트 전월세,file_ready_for_column_audit,컬럼 감사/정규화로 넘기기 전 source-level manifest 또는 task-level 반입 경로와 연결한다.,auto_downloaded_from_official_rtms_csv; source_rows=9210; filtered_rows=2967; generated_at=2026-06-23 KST
molit-apt-rent-04,molit-rtms-apt-trade-rent-manual,molit-apt-rent,국토부 아파트 전월세,광진구,자양동; 중곡동; 광장동,202401,202412,6,molit-apt-rent_광진구_자양동-중곡동-광장동_202401_202412.csv,data/market/manual-import/files/molit-apt-rent_광진구_자양동-중곡동-광장동_202401_202412.csv,data/market/manual-import/files/molit-apt-rent_광진구_자양동-중곡동-광장동_202401_202412.csv,Y,484462,.csv,2026-06-23T07:44:37.142Z,https://rt.molit.go.kr/,계약년도=2024; LAWD_CD=11215; 계약년월=202401~202412; 자료유형=국토부 아파트 전월세,file_ready_for_column_audit,컬럼 감사/정규화로 넘기기 전 source-level manifest 또는 task-level 반입 경로와 연결한다.,auto_downloaded_from_official_rtms_csv; source_rows=4457; filtered_rows=2839; generated_at=2026-06-23 KST
molit-apt-rent-05,molit-rtms-apt-trade-rent-manual,molit-apt-rent,국토부 아파트 전월세,광진구,자양동; 중곡동; 광장동,202501,202512,6,molit-apt-rent_광진구_자양동-중곡동-광장동_202501_202512.csv,data/market/manual-import/files/molit-apt-rent_광진구_자양동-중곡동-광장동_202501_202512.csv,data/market/manual-import/files/molit-apt-rent_광진구_자양동-중곡동-광장동_202501_202512.csv,Y,647085,.csv,2026-06-23T07:44:37.142Z,https://rt.molit.go.kr/,계약년도=2025; LAWD_CD=11215; 계약년월=202501~202512; 자료유형=국토부 아파트 전월세,file_ready_for_column_audit,컬럼 감사/정규화로 넘기기 전 source-level manifest 또는 task-level 반입 경로와 연결한다.,auto_downloaded_from_official_rtms_csv; source_rows=5552; filtered_rows=3793; generated_at=2026-06-23 KST
molit-apt-rent-06,molit-rtms-apt-trade-rent-manual,molit-apt-rent,국토부 아파트 전월세,광진구,자양동; 중곡동; 광장동,202601,202606,6,molit-apt-rent_광진구_자양동-중곡동-광장동_202601_202606.csv,data/market/manual-import/files/molit-apt-rent_광진구_자양동-중곡동-광장동_202601_202606.csv,data/market/manual-import/files/molit-apt-rent_광진구_자양동-중곡동-광장동_202601_202606.csv,Y,223207,.csv,2026-06-23T07:44:37.142Z,https://rt.molit.go.kr/,계약년도=2026; LAWD_CD=11215; 계약년월=202601~202606; 자료유형=국토부 아파트 전월세,file_ready_for_column_audit,컬럼 감사/정규화로 넘기기 전 source-level manifest 또는 task-level 반입 경로와 연결한다.,auto_downloaded_from_official_rtms_csv; source_rows=2157; filtered_rows=1297; generated_at=2026-06-23 KST
molit-apt-rent-07,molit-rtms-apt-trade-rent-manual,molit-apt-rent,국토부 아파트 전월세,송파구,잠실동; 신천동; 문정동; 송파동; 방이동,202401,202412,9,molit-apt-rent_송파구_잠실동-신천동-문정동-송파동-방이동_202401_202412.csv,data/market/manual-import/files/molit-apt-rent_송파구_잠실동-신천동-문정동-송파동-방이동_202401_202412.csv,data/market/manual-import/files/molit-apt-rent_송파구_잠실동-신천동-문정동-송파동-방이동_202401_202412.csv,Y,1736841,.csv,2026-06-23T07:44:37.142Z,https://rt.molit.go.kr/,계약년도=2024; LAWD_CD=11710; 계약년월=202401~202412; 자료유형=국토부 아파트 전월세,file_ready_for_column_audit,컬럼 감사/정규화로 넘기기 전 source-level manifest 또는 task-level 반입 경로와 연결한다.,auto_downloaded_from_official_rtms_csv; source_rows=21292; filtered_rows=10067; generated_at=2026-06-23 KST
molit-apt-rent-08,molit-rtms-apt-trade-rent-manual,molit-apt-rent,국토부 아파트 전월세,송파구,잠실동; 신천동; 문정동; 송파동; 방이동,202501,202512,9,molit-apt-rent_송파구_잠실동-신천동-문정동-송파동-방이동_202501_202512.csv,data/market/manual-import/files/molit-apt-rent_송파구_잠실동-신천동-문정동-송파동-방이동_202501_202512.csv,data/market/manual-import/files/molit-apt-rent_송파구_잠실동-신천동-문정동-송파동-방이동_202501_202512.csv,Y,1790663,.csv,2026-06-23T07:44:37.142Z,https://rt.molit.go.kr/,계약년도=2025; LAWD_CD=11710; 계약년월=202501~202512; 자료유형=국토부 아파트 전월세,file_ready_for_column_audit,컬럼 감사/정규화로 넘기기 전 source-level manifest 또는 task-level 반입 경로와 연결한다.,auto_downloaded_from_official_rtms_csv; source_rows=22767; filtered_rows=10311; generated_at=2026-06-23 KST
molit-apt-rent-09,molit-rtms-apt-trade-rent-manual,molit-apt-rent,국토부 아파트 전월세,송파구,잠실동; 신천동; 문정동; 송파동; 방이동,202601,202606,9,molit-apt-rent_송파구_잠실동-신천동-문정동-송파동-방이동_202601_202606.csv,data/market/manual-import/files/molit-apt-rent_송파구_잠실동-신천동-문정동-송파동-방이동_202601_202606.csv,data/market/manual-import/files/molit-apt-rent_송파구_잠실동-신천동-문정동-송파동-방이동_202601_202606.csv,Y,696683,.csv,2026-06-23T07:44:37.142Z,https://rt.molit.go.kr/,계약년도=2026; LAWD_CD=11710; 계약년월=202601~202606; 자료유형=국토부 아파트 전월세,file_ready_for_column_audit,컬럼 감사/정규화로 넘기기 전 source-level manifest 또는 task-level 반입 경로와 연결한다.,auto_downloaded_from_official_rtms_csv; source_rows=8912; filtered_rows=4013; generated_at=2026-06-23 KST
molit-apt-trade-01,molit-rtms-apt-trade-rent-manual,molit-apt-trade,국토부 아파트 매매,강남구,압구정동; 대치동; 개포동,202401,202412,10,molit-apt-trade_강남구_압구정동-대치동-개포동_202401_202412.csv,data/market/manual-import/files/molit-apt-trade_강남구_압구정동-대치동-개포동_202401_202412.csv,data/market/manual-import/files/molit-apt-trade_강남구_압구정동-대치동-개포동_202401_202412.csv,Y,267692,.csv,2026-06-23T07:44:37.142Z,https://rt.molit.go.kr/,계약년도=2024; LAWD_CD=11680; 계약년월=202401~202412; 자료유형=국토부 아파트 매매,file_ready_for_column_audit,컬럼 감사/정규화로 넘기기 전 source-level manifest 또는 task-level 반입 경로와 연결한다.,auto_downloaded_from_official_rtms_csv; source_rows=3754; filtered_rows=1418; generated_at=2026-06-23 KST
molit-apt-trade-02,molit-rtms-apt-trade-rent-manual,molit-apt-trade,국토부 아파트 매매,강남구,압구정동; 대치동; 개포동,202501,202512,10,molit-apt-trade_강남구_압구정동-대치동-개포동_202501_202512.csv,data/market/manual-import/files/molit-apt-trade_강남구_압구정동-대치동-개포동_202501_202512.csv,data/market/manual-import/files/molit-apt-trade_강남구_압구정동-대치동-개포동_202501_202512.csv,Y,286171,.csv,2026-06-23T07:44:37.142Z,https://rt.molit.go.kr/,계약년도=2025; LAWD_CD=11680; 계약년월=202501~202512; 자료유형=국토부 아파트 매매,file_ready_for_column_audit,컬럼 감사/정규화로 넘기기 전 source-level manifest 또는 task-level 반입 경로와 연결한다.,auto_downloaded_from_official_rtms_csv; source_rows=4318; filtered_rows=1511; generated_at=2026-06-23 KST
molit-apt-trade-03,molit-rtms-apt-trade-rent-manual,molit-apt-trade,국토부 아파트 매매,강남구,압구정동; 대치동; 개포동,202601,202606,10,molit-apt-trade_강남구_압구정동-대치동-개포동_202601_202606.csv,data/market/manual-import/files/molit-apt-trade_강남구_압구정동-대치동-개포동_202601_202606.csv,data/market/manual-import/files/molit-apt-trade_강남구_압구정동-대치동-개포동_202601_202606.csv,Y,89922,.csv,2026-06-23T07:44:37.142Z,https://rt.molit.go.kr/,계약년도=2026; LAWD_CD=11680; 계약년월=202601~202606; 자료유형=국토부 아파트 매매,file_ready_for_column_audit,컬럼 감사/정규화로 넘기기 전 source-level manifest 또는 task-level 반입 경로와 연결한다.,auto_downloaded_from_official_rtms_csv; source_rows=1445; filtered_rows=485; generated_at=2026-06-23 KST
molit-apt-trade-04,molit-rtms-apt-trade-rent-manual,molit-apt-trade,국토부 아파트 매매,광진구,자양동; 중곡동; 광장동; 구의동,202401,202412,10,molit-apt-trade_광진구_자양동-중곡동-광장동-구의동_202401_202412.csv,data/market/manual-import/files/molit-apt-trade_광진구_자양동-중곡동-광장동-구의동_202401_202412.csv,data/market/manual-import/files/molit-apt-trade_광진구_자양동-중곡동-광장동-구의동_202401_202412.csv,Y,223526,.csv,2026-06-23T07:44:37.142Z,https://rt.molit.go.kr/,계약년도=2024; LAWD_CD=11215; 계약년월=202401~202412; 자료유형=국토부 아파트 매매,file_ready_for_column_audit,컬럼 감사/정규화로 넘기기 전 source-level manifest 또는 task-level 반입 경로와 연결한다.,auto_downloaded_from_official_rtms_csv; source_rows=1403; filtered_rows=1199; generated_at=2026-06-23 KST
molit-apt-trade-05,molit-rtms-apt-trade-rent-manual,molit-apt-trade,국토부 아파트 매매,광진구,자양동; 중곡동; 광장동; 구의동,202501,202512,10,molit-apt-trade_광진구_자양동-중곡동-광장동-구의동_202501_202512.csv,data/market/manual-import/files/molit-apt-trade_광진구_자양동-중곡동-광장동-구의동_202501_202512.csv,data/market/manual-import/files/molit-apt-trade_광진구_자양동-중곡동-광장동-구의동_202501_202512.csv,Y,386665,.csv,2026-06-23T07:44:37.142Z,https://rt.molit.go.kr/,계약년도=2025; LAWD_CD=11215; 계약년월=202501~202512; 자료유형=국토부 아파트 매매,file_ready_for_column_audit,컬럼 감사/정규화로 넘기기 전 source-level manifest 또는 task-level 반입 경로와 연결한다.,auto_downloaded_from_official_rtms_csv; source_rows=2182; filtered_rows=2064; generated_at=2026-06-23 KST
molit-apt-trade-06,molit-rtms-apt-trade-rent-manual,molit-apt-trade,국토부 아파트 매매,광진구,자양동; 중곡동; 광장동; 구의동,202601,202606,10,molit-apt-trade_광진구_자양동-중곡동-광장동-구의동_202601_202606.csv,data/market/manual-import/files/molit-apt-trade_광진구_자양동-중곡동-광장동-구의동_202601_202606.csv,data/market/manual-import/files/molit-apt-trade_광진구_자양동-중곡동-광장동-구의동_202601_202606.csv,Y,91877,.csv,2026-06-23T07:44:37.142Z,https://rt.molit.go.kr/,계약년도=2026; LAWD_CD=11215; 계약년월=202601~202606; 자료유형=국토부 아파트 매매,file_ready_for_column_audit,컬럼 감사/정규화로 넘기기 전 source-level manifest 또는 task-level 반입 경로와 연결한다.,auto_downloaded_from_official_rtms_csv; source_rows=554; filtered_rows=507; generated_at=2026-06-23 KST
molit-apt-trade-07,molit-rtms-apt-trade-rent-manual,molit-apt-trade,국토부 아파트 매매,송파구,잠실동; 신천동; 문정동; 송파동; 방이동; 마천동,202401,202412,10,molit-apt-trade_송파구_잠실동-신천동-문정동-송파동-방이동-마천동_202401_202412.csv,data/market/manual-import/files/molit-apt-trade_송파구_잠실동-신천동-문정동-송파동-방이동-마천동_202401_202412.csv,data/market/manual-import/files/molit-apt-trade_송파구_잠실동-신천동-문정동-송파동-방이동-마천동_202401_202412.csv,Y,438218,.csv,2026-06-23T07:44:37.142Z,https://rt.molit.go.kr/,계약년도=2024; LAWD_CD=11710; 계약년월=202401~202412; 자료유형=국토부 아파트 매매,file_ready_for_column_audit,컬럼 감사/정규화로 넘기기 전 source-level manifest 또는 task-level 반입 경로와 연결한다.,auto_downloaded_from_official_rtms_csv; source_rows=4357; filtered_rows=2348; generated_at=2026-06-23 KST
molit-apt-trade-08,molit-rtms-apt-trade-rent-manual,molit-apt-trade,국토부 아파트 매매,송파구,잠실동; 신천동; 문정동; 송파동; 방이동; 마천동,202501,202512,10,molit-apt-trade_송파구_잠실동-신천동-문정동-송파동-방이동-마천동_202501_202512.csv,data/market/manual-import/files/molit-apt-trade_송파구_잠실동-신천동-문정동-송파동-방이동-마천동_202501_202512.csv,data/market/manual-import/files/molit-apt-trade_송파구_잠실동-신천동-문정동-송파동-방이동-마천동_202501_202512.csv,Y,541866,.csv,2026-06-23T07:44:37.142Z,https://rt.molit.go.kr/,계약년도=2025; LAWD_CD=11710; 계약년월=202501~202512; 자료유형=국토부 아파트 매매,file_ready_for_column_audit,컬럼 감사/정규화로 넘기기 전 source-level manifest 또는 task-level 반입 경로와 연결한다.,auto_downloaded_from_official_rtms_csv; source_rows=5640; filtered_rows=2908; generated_at=2026-06-23 KST
molit-apt-trade-09,molit-rtms-apt-trade-rent-manual,molit-apt-trade,국토부 아파트 매매,송파구,잠실동; 신천동; 문정동; 송파동; 방이동; 마천동,202601,202606,10,molit-apt-trade_송파구_잠실동-신천동-문정동-송파동-방이동-마천동_202601_202606.csv,data/market/manual-import/files/molit-apt-trade_송파구_잠실동-신천동-문정동-송파동-방이동-마천동_202601_202606.csv,data/market/manual-import/files/molit-apt-trade_송파구_잠실동-신천동-문정동-송파동-방이동-마천동_202601_202606.csv,Y,208768,.csv,2026-06-23T07:44:37.142Z,https://rt.molit.go.kr/,계약년도=2026; LAWD_CD=11710; 계약년월=202601~202606; 자료유형=국토부 아파트 매매,file_ready_for_column_audit,컬럼 감사/정규화로 넘기기 전 source-level manifest 또는 task-level 반입 경로와 연결한다.,auto_downloaded_from_official_rtms_csv; source_rows=2156; filtered_rows=1163; generated_at=2026-06-23 KST
molit-rowhouse-rent-01,molit-rtms-rowhouse-trade-rent-manual,molit-rowhouse-rent,국토부 연립·다세대 전월세,광진구,구의동; 자양동,202401,202412,4,molit-rowhouse-rent_광진구_구의동-자양동_202401_202412.csv,data/market/manual-import/files/molit-rowhouse-rent_광진구_구의동-자양동_202401_202412.csv,data/market/manual-import/files/molit-rowhouse-rent_광진구_구의동-자양동_202401_202412.csv,Y,773012,.csv,2026-06-23T07:44:37.142Z,https://rt.molit.go.kr/,계약년도=2024; LAWD_CD=11215; 계약년월=202401~202412; 자료유형=국토부 연립·다세대 전월세,file_ready_for_column_audit,컬럼 감사/정규화로 넘기기 전 source-level manifest 또는 task-level 반입 경로와 연결한다.,auto_downloaded_from_official_rtms_csv; source_rows=8201; filtered_rows=4318; generated_at=2026-06-23 KST
molit-rowhouse-rent-02,molit-rtms-rowhouse-trade-rent-manual,molit-rowhouse-rent,국토부 연립·다세대 전월세,광진구,구의동; 자양동,202501,202512,4,molit-rowhouse-rent_광진구_구의동-자양동_202501_202512.csv,data/market/manual-import/files/molit-rowhouse-rent_광진구_구의동-자양동_202501_202512.csv,data/market/manual-import/files/molit-rowhouse-rent_광진구_구의동-자양동_202501_202512.csv,Y,755127,.csv,2026-06-23T07:44:37.142Z,https://rt.molit.go.kr/,계약년도=2025; LAWD_CD=11215; 계약년월=202501~202512; 자료유형=국토부 연립·다세대 전월세,file_ready_for_column_audit,컬럼 감사/정규화로 넘기기 전 source-level manifest 또는 task-level 반입 경로와 연결한다.,auto_downloaded_from_official_rtms_csv; source_rows=8019; filtered_rows=4199; generated_at=2026-06-23 KST
molit-rowhouse-rent-03,molit-rtms-rowhouse-trade-rent-manual,molit-rowhouse-rent,국토부 연립·다세대 전월세,광진구,구의동; 자양동,202601,202606,4,molit-rowhouse-rent_광진구_구의동-자양동_202601_202606.csv,data/market/manual-import/files/molit-rowhouse-rent_광진구_구의동-자양동_202601_202606.csv,data/market/manual-import/files/molit-rowhouse-rent_광진구_구의동-자양동_202601_202606.csv,Y,384074,.csv,2026-06-23T07:44:37.142Z,https://rt.molit.go.kr/,계약년도=2026; LAWD_CD=11215; 계약년월=202601~202606; 자료유형=국토부 연립·다세대 전월세,file_ready_for_column_audit,컬럼 감사/정규화로 넘기기 전 source-level manifest 또는 task-level 반입 경로와 연결한다.,auto_downloaded_from_official_rtms_csv; source_rows=4054; filtered_rows=2134; generated_at=2026-06-23 KST
molit-rowhouse-rent-04,molit-rtms-rowhouse-trade-rent-manual,molit-rowhouse-rent,국토부 연립·다세대 전월세,송파구,마천동,202401,202412,1,molit-rowhouse-rent_송파구_마천동_202401_202412.csv,data/market/manual-import/files/molit-rowhouse-rent_송파구_마천동_202401_202412.csv,data/market/manual-import/files/molit-rowhouse-rent_송파구_마천동_202401_202412.csv,Y,136825,.csv,2026-06-23T07:44:37.142Z,https://rt.molit.go.kr/,계약년도=2024; LAWD_CD=11710; 계약년월=202401~202412; 자료유형=국토부 연립·다세대 전월세,file_ready_for_column_audit,컬럼 감사/정규화로 넘기기 전 source-level manifest 또는 task-level 반입 경로와 연결한다.,auto_downloaded_from_official_rtms_csv; source_rows=18332; filtered_rows=758; generated_at=2026-06-23 KST
molit-rowhouse-rent-05,molit-rtms-rowhouse-trade-rent-manual,molit-rowhouse-rent,국토부 연립·다세대 전월세,송파구,마천동,202501,202512,1,molit-rowhouse-rent_송파구_마천동_202501_202512.csv,data/market/manual-import/files/molit-rowhouse-rent_송파구_마천동_202501_202512.csv,data/market/manual-import/files/molit-rowhouse-rent_송파구_마천동_202501_202512.csv,Y,109024,.csv,2026-06-23T07:44:37.142Z,https://rt.molit.go.kr/,계약년도=2025; LAWD_CD=11710; 계약년월=202501~202512; 자료유형=국토부 연립·다세대 전월세,file_ready_for_column_audit,컬럼 감사/정규화로 넘기기 전 source-level manifest 또는 task-level 반입 경로와 연결한다.,auto_downloaded_from_official_rtms_csv; source_rows=18038; filtered_rows=600; generated_at=2026-06-23 KST
molit-rowhouse-rent-06,molit-rtms-rowhouse-trade-rent-manual,molit-rowhouse-rent,국토부 연립·다세대 전월세,송파구,마천동,202601,202606,1,molit-rowhouse-rent_송파구_마천동_202601_202606.csv,data/market/manual-import/files/molit-rowhouse-rent_송파구_마천동_202601_202606.csv,data/market/manual-import/files/molit-rowhouse-rent_송파구_마천동_202601_202606.csv,Y,56248,.csv,2026-06-23T07:44:37.142Z,https://rt.molit.go.kr/,계약년도=2026; LAWD_CD=11710; 계약년월=202601~202606; 자료유형=국토부 연립·다세대 전월세,file_ready_for_column_audit,컬럼 감사/정규화로 넘기기 전 source-level manifest 또는 task-level 반입 경로와 연결한다.,auto_downloaded_from_official_rtms_csv; source_rows=8510; filtered_rows=310; generated_at=2026-06-23 KST
molit-rowhouse-trade-01,molit-rtms-rowhouse-trade-rent-manual,molit-rowhouse-trade,국토부 연립·다세대 매매,광진구,구의동; 자양동,202401,202412,4,molit-rowhouse-trade_광진구_구의동-자양동_202401_202412.csv,data/market/manual-import/files/molit-rowhouse-trade_광진구_구의동-자양동_202401_202412.csv,data/market/manual-import/files/molit-rowhouse-trade_광진구_구의동-자양동_202401_202412.csv,Y,192076,.csv,2026-06-23T07:44:37.142Z,https://rt.molit.go.kr/,계약년도=2024; LAWD_CD=11215; 계약년월=202401~202412; 자료유형=국토부 연립·다세대 매매,file_ready_for_column_audit,컬럼 감사/정규화로 넘기기 전 source-level manifest 또는 task-level 반입 경로와 연결한다.,auto_downloaded_from_official_rtms_csv; source_rows=1620; filtered_rows=1021; generated_at=2026-06-23 KST
molit-rowhouse-trade-02,molit-rtms-rowhouse-trade-rent-manual,molit-rowhouse-trade,국토부 연립·다세대 매매,광진구,구의동; 자양동,202501,202512,4,molit-rowhouse-trade_광진구_구의동-자양동_202501_202512.csv,data/market/manual-import/files/molit-rowhouse-trade_광진구_구의동-자양동_202501_202512.csv,data/market/manual-import/files/molit-rowhouse-trade_광진구_구의동-자양동_202501_202512.csv,Y,258558,.csv,2026-06-23T07:44:37.142Z,https://rt.molit.go.kr/,계약년도=2025; LAWD_CD=11215; 계약년월=202501~202512; 자료유형=국토부 연립·다세대 매매,file_ready_for_column_audit,컬럼 감사/정규화로 넘기기 전 source-level manifest 또는 task-level 반입 경로와 연결한다.,auto_downloaded_from_official_rtms_csv; source_rows=2287; filtered_rows=1363; generated_at=2026-06-23 KST
molit-rowhouse-trade-03,molit-rtms-rowhouse-trade-rent-manual,molit-rowhouse-trade,국토부 연립·다세대 매매,광진구,구의동; 자양동,202601,202606,4,molit-rowhouse-trade_광진구_구의동-자양동_202601_202606.csv,data/market/manual-import/files/molit-rowhouse-trade_광진구_구의동-자양동_202601_202606.csv,data/market/manual-import/files/molit-rowhouse-trade_광진구_구의동-자양동_202601_202606.csv,Y,126588,.csv,2026-06-23T07:44:37.142Z,https://rt.molit.go.kr/,계약년도=2026; LAWD_CD=11215; 계약년월=202601~202606; 자료유형=국토부 연립·다세대 매매,file_ready_for_column_audit,컬럼 감사/정규화로 넘기기 전 source-level manifest 또는 task-level 반입 경로와 연결한다.,auto_downloaded_from_official_rtms_csv; source_rows=1414; filtered_rows=675; generated_at=2026-06-23 KST
molit-rowhouse-trade-04,molit-rtms-rowhouse-trade-rent-manual,molit-rowhouse-trade,국토부 연립·다세대 매매,송파구,마천동,202401,202412,1,molit-rowhouse-trade_송파구_마천동_202401_202412.csv,data/market/manual-import/files/molit-rowhouse-trade_송파구_마천동_202401_202412.csv,data/market/manual-import/files/molit-rowhouse-trade_송파구_마천동_202401_202412.csv,Y,19829,.csv,2026-06-23T07:44:37.142Z,https://rt.molit.go.kr/,계약년도=2024; LAWD_CD=11710; 계약년월=202401~202412; 자료유형=국토부 연립·다세대 매매,file_ready_for_column_audit,컬럼 감사/정규화로 넘기기 전 source-level manifest 또는 task-level 반입 경로와 연결한다.,auto_downloaded_from_official_rtms_csv; source_rows=1552; filtered_rows=104; generated_at=2026-06-23 KST
molit-rowhouse-trade-05,molit-rtms-rowhouse-trade-rent-manual,molit-rowhouse-trade,국토부 연립·다세대 매매,송파구,마천동,202501,202512,1,molit-rowhouse-trade_송파구_마천동_202501_202512.csv,data/market/manual-import/files/molit-rowhouse-trade_송파구_마천동_202501_202512.csv,data/market/manual-import/files/molit-rowhouse-trade_송파구_마천동_202501_202512.csv,Y,53309,.csv,2026-06-23T07:44:37.142Z,https://rt.molit.go.kr/,계약년도=2025; LAWD_CD=11710; 계약년월=202501~202512; 자료유형=국토부 연립·다세대 매매,file_ready_for_column_audit,컬럼 감사/정규화로 넘기기 전 source-level manifest 또는 task-level 반입 경로와 연결한다.,auto_downloaded_from_official_rtms_csv; source_rows=2616; filtered_rows=278; generated_at=2026-06-23 KST
molit-rowhouse-trade-06,molit-rtms-rowhouse-trade-rent-manual,molit-rowhouse-trade,국토부 연립·다세대 매매,송파구,마천동,202601,202606,1,molit-rowhouse-trade_송파구_마천동_202601_202606.csv,data/market/manual-import/files/molit-rowhouse-trade_송파구_마천동_202601_202606.csv,data/market/manual-import/files/molit-rowhouse-trade_송파구_마천동_202601_202606.csv,Y,33656,.csv,2026-06-23T07:44:37.142Z,https://rt.molit.go.kr/,계약년도=2026; LAWD_CD=11710; 계약년월=202601~202606; 자료유형=국토부 연립·다세대 매매,file_ready_for_column_audit,컬럼 감사/정규화로 넘기기 전 source-level manifest 또는 task-level 반입 경로와 연결한다.,auto_downloaded_from_official_rtms_csv; source_rows=1702; filtered_rows=178; generated_at=2026-06-23 KST
r-one-statistics-01,r-one-price-and-volume-statistics,r-one-statistics,R-ONE 가격지수·거래현황,서울/권역/자치구,,2024-01,2026-06,30,r-one-statistics_서울-권역-자치구_2024-01_2026-06.xlsx,data/market/manual-import/files/r-one-statistics_서울-권역-자치구_2024-01_2026-06.xlsx,data/market/manual-import/files/r-one-statistics_서울-권역-자치구_2024-01_2026-06.csv,Y,201437,.csv,2026-06-23T08:02:17.711Z,https://www.reb.or.kr/r-one/main.do,"Open API STATBL_ID=A_2024_00045,A_2024_00050,A_2024_00176,A_2024_00546,A_2024_00903; 지역=서울/동북권/동남권/광진구/강남구/송파구; 기준월=202401~202606",file_ready_for_column_audit,컬럼 감사/정규화로 넘기기 전 source-level manifest 또는 task-level 반입 경로와 연결한다.,auto_downloaded_from_official_r_one_openapi; rows=824; empty_requests=30; generated_at=2026-06-23 KST
