manual_source_id,provider,source_name,local_path,file_ext,parser,sheet_name,encoding,delimiter,header_count,sample_row_count,detected_columns,matched_required_fields,missing_required_fields,normalization_readiness,next_action
seoul-open-data-real-estate-csv,서울특별시,서울시 실거래 전체 원자료,data/market/manual-import/files/seoul-open-data_강남구_개포동_202401_202412.csv,.csv,csv,,utf-8-sig,",",21,50,접수연도; 자치구코드; 자치구명; 법정동코드; 법정동명; 지번구분; 지번구분명; 본번; 부번; 건물명; 계약일; 물건금액(만원); 건물면적(㎡); 토지면적(㎡); 층; 권리구분; 취소일; 건축년도,district->자치구코드(85); legal_dong->법정동코드(100); building_name->건물명(100); contract_date->계약일(100); transaction_amount->물건금액(만원)(100); exclusive_area_sqm->건물면적(㎡)(85),,ready_for_normalization_mapping,컬럼 매핑을 확정한 뒤 정규화 스크립트로 넘김
seoul-open-data-real-estate-csv,서울특별시,서울시 실거래 전체 원자료,data/market/manual-import/files/seoul-open-data_강남구_개포동_202501_202512.csv,.csv,csv,,utf-8-sig,",",21,50,접수연도; 자치구코드; 자치구명; 법정동코드; 법정동명; 지번구분; 지번구분명; 본번; 부번; 건물명; 계약일; 물건금액(만원); 건물면적(㎡); 토지면적(㎡); 층; 권리구분; 취소일; 건축년도,district->자치구코드(85); legal_dong->법정동코드(100); building_name->건물명(100); contract_date->계약일(100); transaction_amount->물건금액(만원)(100); exclusive_area_sqm->건물면적(㎡)(85),,ready_for_normalization_mapping,컬럼 매핑을 확정한 뒤 정규화 스크립트로 넘김
seoul-open-data-real-estate-csv,서울특별시,서울시 실거래 전체 원자료,data/market/manual-import/files/seoul-open-data_강남구_개포동_202601_202606.csv,.csv,csv,,utf-8-sig,",",21,50,접수연도; 자치구코드; 자치구명; 법정동코드; 법정동명; 지번구분; 지번구분명; 본번; 부번; 건물명; 계약일; 물건금액(만원); 건물면적(㎡); 토지면적(㎡); 층; 권리구분; 취소일; 건축년도,district->자치구코드(85); legal_dong->법정동코드(100); building_name->건물명(100); contract_date->계약일(100); transaction_amount->물건금액(만원)(100); exclusive_area_sqm->건물면적(㎡)(85),,ready_for_normalization_mapping,컬럼 매핑을 확정한 뒤 정규화 스크립트로 넘김
seoul-open-data-real-estate-csv,서울특별시,서울시 실거래 전체 원자료,data/market/manual-import/files/seoul-open-data_강남구_대치동_202401_202412.csv,.csv,csv,,utf-8-sig,",",21,50,접수연도; 자치구코드; 자치구명; 법정동코드; 법정동명; 지번구분; 지번구분명; 본번; 부번; 건물명; 계약일; 물건금액(만원); 건물면적(㎡); 토지면적(㎡); 층; 권리구분; 취소일; 건축년도,district->자치구코드(85); legal_dong->법정동코드(100); building_name->건물명(100); contract_date->계약일(100); transaction_amount->물건금액(만원)(100); exclusive_area_sqm->건물면적(㎡)(85),,ready_for_normalization_mapping,컬럼 매핑을 확정한 뒤 정규화 스크립트로 넘김
seoul-open-data-real-estate-csv,서울특별시,서울시 실거래 전체 원자료,data/market/manual-import/files/seoul-open-data_강남구_대치동_202501_202512.csv,.csv,csv,,utf-8-sig,",",21,50,접수연도; 자치구코드; 자치구명; 법정동코드; 법정동명; 지번구분; 지번구분명; 본번; 부번; 건물명; 계약일; 물건금액(만원); 건물면적(㎡); 토지면적(㎡); 층; 권리구분; 취소일; 건축년도,district->자치구코드(85); legal_dong->법정동코드(100); building_name->건물명(100); contract_date->계약일(100); transaction_amount->물건금액(만원)(100); exclusive_area_sqm->건물면적(㎡)(85),,ready_for_normalization_mapping,컬럼 매핑을 확정한 뒤 정규화 스크립트로 넘김
seoul-open-data-real-estate-csv,서울특별시,서울시 실거래 전체 원자료,data/market/manual-import/files/seoul-open-data_강남구_대치동_202601_202606.csv,.csv,csv,,utf-8-sig,",",21,50,접수연도; 자치구코드; 자치구명; 법정동코드; 법정동명; 지번구분; 지번구분명; 본번; 부번; 건물명; 계약일; 물건금액(만원); 건물면적(㎡); 토지면적(㎡); 층; 권리구분; 취소일; 건축년도,district->자치구코드(85); legal_dong->법정동코드(100); building_name->건물명(100); contract_date->계약일(100); transaction_amount->물건금액(만원)(100); exclusive_area_sqm->건물면적(㎡)(85),,ready_for_normalization_mapping,컬럼 매핑을 확정한 뒤 정규화 스크립트로 넘김
seoul-open-data-real-estate-csv,서울특별시,서울시 실거래 전체 원자료,data/market/manual-import/files/seoul-open-data_강남구_압구정동_202401_202412.csv,.csv,csv,,utf-8-sig,",",21,50,접수연도; 자치구코드; 자치구명; 법정동코드; 법정동명; 지번구분; 지번구분명; 본번; 부번; 건물명; 계약일; 물건금액(만원); 건물면적(㎡); 토지면적(㎡); 층; 권리구분; 취소일; 건축년도,district->자치구코드(85); legal_dong->법정동코드(100); building_name->건물명(100); contract_date->계약일(100); transaction_amount->물건금액(만원)(100); exclusive_area_sqm->건물면적(㎡)(85),,ready_for_normalization_mapping,컬럼 매핑을 확정한 뒤 정규화 스크립트로 넘김
seoul-open-data-real-estate-csv,서울특별시,서울시 실거래 전체 원자료,data/market/manual-import/files/seoul-open-data_강남구_압구정동_202501_202512.csv,.csv,csv,,utf-8-sig,",",21,50,접수연도; 자치구코드; 자치구명; 법정동코드; 법정동명; 지번구분; 지번구분명; 본번; 부번; 건물명; 계약일; 물건금액(만원); 건물면적(㎡); 토지면적(㎡); 층; 권리구분; 취소일; 건축년도,district->자치구코드(85); legal_dong->법정동코드(100); building_name->건물명(100); contract_date->계약일(100); transaction_amount->물건금액(만원)(100); exclusive_area_sqm->건물면적(㎡)(85),,ready_for_normalization_mapping,컬럼 매핑을 확정한 뒤 정규화 스크립트로 넘김
seoul-open-data-real-estate-csv,서울특별시,서울시 실거래 전체 원자료,data/market/manual-import/files/seoul-open-data_강남구_압구정동_202601_202606.csv,.csv,csv,,utf-8-sig,",",21,50,접수연도; 자치구코드; 자치구명; 법정동코드; 법정동명; 지번구분; 지번구분명; 본번; 부번; 건물명; 계약일; 물건금액(만원); 건물면적(㎡); 토지면적(㎡); 층; 권리구분; 취소일; 건축년도,district->자치구코드(85); legal_dong->법정동코드(100); building_name->건물명(100); contract_date->계약일(100); transaction_amount->물건금액(만원)(100); exclusive_area_sqm->건물면적(㎡)(85),,ready_for_normalization_mapping,컬럼 매핑을 확정한 뒤 정규화 스크립트로 넘김
seoul-open-data-real-estate-csv,서울특별시,서울시 실거래 전체 원자료,data/market/manual-import/files/seoul-open-data_광진구_광장동_202401_202412.csv,.csv,csv,,utf-8-sig,",",21,50,접수연도; 자치구코드; 자치구명; 법정동코드; 법정동명; 지번구분; 지번구분명; 본번; 부번; 건물명; 계약일; 물건금액(만원); 건물면적(㎡); 토지면적(㎡); 층; 권리구분; 취소일; 건축년도,district->자치구코드(85); legal_dong->법정동코드(100); building_name->건물명(100); contract_date->계약일(100); transaction_amount->물건금액(만원)(100); exclusive_area_sqm->건물면적(㎡)(85),,ready_for_normalization_mapping,컬럼 매핑을 확정한 뒤 정규화 스크립트로 넘김
seoul-open-data-real-estate-csv,서울특별시,서울시 실거래 전체 원자료,data/market/manual-import/files/seoul-open-data_광진구_광장동_202501_202512.csv,.csv,csv,,utf-8-sig,",",21,50,접수연도; 자치구코드; 자치구명; 법정동코드; 법정동명; 지번구분; 지번구분명; 본번; 부번; 건물명; 계약일; 물건금액(만원); 건물면적(㎡); 토지면적(㎡); 층; 권리구분; 취소일; 건축년도,district->자치구코드(85); legal_dong->법정동코드(100); building_name->건물명(100); contract_date->계약일(100); transaction_amount->물건금액(만원)(100); exclusive_area_sqm->건물면적(㎡)(85),,ready_for_normalization_mapping,컬럼 매핑을 확정한 뒤 정규화 스크립트로 넘김
seoul-open-data-real-estate-csv,서울특별시,서울시 실거래 전체 원자료,data/market/manual-import/files/seoul-open-data_광진구_광장동_202601_202606.csv,.csv,csv,,utf-8-sig,",",21,50,접수연도; 자치구코드; 자치구명; 법정동코드; 법정동명; 지번구분; 지번구분명; 본번; 부번; 건물명; 계약일; 물건금액(만원); 건물면적(㎡); 토지면적(㎡); 층; 권리구분; 취소일; 건축년도,district->자치구코드(85); legal_dong->법정동코드(100); building_name->건물명(100); contract_date->계약일(100); transaction_amount->물건금액(만원)(100); exclusive_area_sqm->건물면적(㎡)(85),,ready_for_normalization_mapping,컬럼 매핑을 확정한 뒤 정규화 스크립트로 넘김
seoul-open-data-real-estate-csv,서울특별시,서울시 실거래 전체 원자료,data/market/manual-import/files/seoul-open-data_광진구_구의동_202401_202412.csv,.csv,csv,,utf-8-sig,",",21,50,접수연도; 자치구코드; 자치구명; 법정동코드; 법정동명; 지번구분; 지번구분명; 본번; 부번; 건물명; 계약일; 물건금액(만원); 건물면적(㎡); 토지면적(㎡); 층; 권리구분; 취소일; 건축년도,district->자치구코드(85); legal_dong->법정동코드(100); building_name->건물명(100); contract_date->계약일(100); transaction_amount->물건금액(만원)(100); exclusive_area_sqm->건물면적(㎡)(85),,ready_for_normalization_mapping,컬럼 매핑을 확정한 뒤 정규화 스크립트로 넘김
seoul-open-data-real-estate-csv,서울특별시,서울시 실거래 전체 원자료,data/market/manual-import/files/seoul-open-data_광진구_구의동_202501_202512.csv,.csv,csv,,utf-8-sig,",",21,50,접수연도; 자치구코드; 자치구명; 법정동코드; 법정동명; 지번구분; 지번구분명; 본번; 부번; 건물명; 계약일; 물건금액(만원); 건물면적(㎡); 토지면적(㎡); 층; 권리구분; 취소일; 건축년도,district->자치구코드(85); legal_dong->법정동코드(100); building_name->건물명(100); contract_date->계약일(100); transaction_amount->물건금액(만원)(100); exclusive_area_sqm->건물면적(㎡)(85),,ready_for_normalization_mapping,컬럼 매핑을 확정한 뒤 정규화 스크립트로 넘김
seoul-open-data-real-estate-csv,서울특별시,서울시 실거래 전체 원자료,data/market/manual-import/files/seoul-open-data_광진구_구의동_202601_202606.csv,.csv,csv,,utf-8-sig,",",21,50,접수연도; 자치구코드; 자치구명; 법정동코드; 법정동명; 지번구분; 지번구분명; 본번; 부번; 건물명; 계약일; 물건금액(만원); 건물면적(㎡); 토지면적(㎡); 층; 권리구분; 취소일; 건축년도,district->자치구코드(85); legal_dong->법정동코드(100); building_name->건물명(100); contract_date->계약일(100); transaction_amount->물건금액(만원)(100); exclusive_area_sqm->건물면적(㎡)(85),,ready_for_normalization_mapping,컬럼 매핑을 확정한 뒤 정규화 스크립트로 넘김
seoul-open-data-real-estate-csv,서울특별시,서울시 실거래 전체 원자료,data/market/manual-import/files/seoul-open-data_광진구_자양동_202401_202412.csv,.csv,csv,,utf-8-sig,",",21,50,접수연도; 자치구코드; 자치구명; 법정동코드; 법정동명; 지번구분; 지번구분명; 본번; 부번; 건물명; 계약일; 물건금액(만원); 건물면적(㎡); 토지면적(㎡); 층; 권리구분; 취소일; 건축년도,district->자치구코드(85); legal_dong->법정동코드(100); building_name->건물명(100); contract_date->계약일(100); transaction_amount->물건금액(만원)(100); exclusive_area_sqm->건물면적(㎡)(85),,ready_for_normalization_mapping,컬럼 매핑을 확정한 뒤 정규화 스크립트로 넘김
seoul-open-data-real-estate-csv,서울특별시,서울시 실거래 전체 원자료,data/market/manual-import/files/seoul-open-data_광진구_자양동_202501_202512.csv,.csv,csv,,utf-8-sig,",",21,50,접수연도; 자치구코드; 자치구명; 법정동코드; 법정동명; 지번구분; 지번구분명; 본번; 부번; 건물명; 계약일; 물건금액(만원); 건물면적(㎡); 토지면적(㎡); 층; 권리구분; 취소일; 건축년도,district->자치구코드(85); legal_dong->법정동코드(100); building_name->건물명(100); contract_date->계약일(100); transaction_amount->물건금액(만원)(100); exclusive_area_sqm->건물면적(㎡)(85),,ready_for_normalization_mapping,컬럼 매핑을 확정한 뒤 정규화 스크립트로 넘김
seoul-open-data-real-estate-csv,서울특별시,서울시 실거래 전체 원자료,data/market/manual-import/files/seoul-open-data_광진구_자양동_202601_202606.csv,.csv,csv,,utf-8-sig,",",21,50,접수연도; 자치구코드; 자치구명; 법정동코드; 법정동명; 지번구분; 지번구분명; 본번; 부번; 건물명; 계약일; 물건금액(만원); 건물면적(㎡); 토지면적(㎡); 층; 권리구분; 취소일; 건축년도,district->자치구코드(85); legal_dong->법정동코드(100); building_name->건물명(100); contract_date->계약일(100); transaction_amount->물건금액(만원)(100); exclusive_area_sqm->건물면적(㎡)(85),,ready_for_normalization_mapping,컬럼 매핑을 확정한 뒤 정규화 스크립트로 넘김
seoul-open-data-real-estate-csv,서울특별시,서울시 실거래 전체 원자료,data/market/manual-import/files/seoul-open-data_광진구_중곡동_202401_202412.csv,.csv,csv,,utf-8-sig,",",21,50,접수연도; 자치구코드; 자치구명; 법정동코드; 법정동명; 지번구분; 지번구분명; 본번; 부번; 건물명; 계약일; 물건금액(만원); 건물면적(㎡); 토지면적(㎡); 층; 권리구분; 취소일; 건축년도,district->자치구코드(85); legal_dong->법정동코드(100); building_name->건물명(100); contract_date->계약일(100); transaction_amount->물건금액(만원)(100); exclusive_area_sqm->건물면적(㎡)(85),,ready_for_normalization_mapping,컬럼 매핑을 확정한 뒤 정규화 스크립트로 넘김
seoul-open-data-real-estate-csv,서울특별시,서울시 실거래 전체 원자료,data/market/manual-import/files/seoul-open-data_광진구_중곡동_202501_202512.csv,.csv,csv,,utf-8-sig,",",21,50,접수연도; 자치구코드; 자치구명; 법정동코드; 법정동명; 지번구분; 지번구분명; 본번; 부번; 건물명; 계약일; 물건금액(만원); 건물면적(㎡); 토지면적(㎡); 층; 권리구분; 취소일; 건축년도,district->자치구코드(85); legal_dong->법정동코드(100); building_name->건물명(100); contract_date->계약일(100); transaction_amount->물건금액(만원)(100); exclusive_area_sqm->건물면적(㎡)(85),,ready_for_normalization_mapping,컬럼 매핑을 확정한 뒤 정규화 스크립트로 넘김
seoul-open-data-real-estate-csv,서울특별시,서울시 실거래 전체 원자료,data/market/manual-import/files/seoul-open-data_광진구_중곡동_202601_202606.csv,.csv,csv,,utf-8-sig,",",21,50,접수연도; 자치구코드; 자치구명; 법정동코드; 법정동명; 지번구분; 지번구분명; 본번; 부번; 건물명; 계약일; 물건금액(만원); 건물면적(㎡); 토지면적(㎡); 층; 권리구분; 취소일; 건축년도,district->자치구코드(85); legal_dong->법정동코드(100); building_name->건물명(100); contract_date->계약일(100); transaction_amount->물건금액(만원)(100); exclusive_area_sqm->건물면적(㎡)(85),,ready_for_normalization_mapping,컬럼 매핑을 확정한 뒤 정규화 스크립트로 넘김
seoul-open-data-real-estate-csv,서울특별시,서울시 실거래 전체 원자료,data/market/manual-import/files/seoul-open-data_송파구_마천동_202401_202412.csv,.csv,csv,,utf-8-sig,",",21,50,접수연도; 자치구코드; 자치구명; 법정동코드; 법정동명; 지번구분; 지번구분명; 본번; 부번; 건물명; 계약일; 물건금액(만원); 건물면적(㎡); 토지면적(㎡); 층; 권리구분; 취소일; 건축년도,district->자치구코드(85); legal_dong->법정동코드(100); building_name->건물명(100); contract_date->계약일(100); transaction_amount->물건금액(만원)(100); exclusive_area_sqm->건물면적(㎡)(85),,ready_for_normalization_mapping,컬럼 매핑을 확정한 뒤 정규화 스크립트로 넘김
seoul-open-data-real-estate-csv,서울특별시,서울시 실거래 전체 원자료,data/market/manual-import/files/seoul-open-data_송파구_마천동_202501_202512.csv,.csv,csv,,utf-8-sig,",",21,50,접수연도; 자치구코드; 자치구명; 법정동코드; 법정동명; 지번구분; 지번구분명; 본번; 부번; 건물명; 계약일; 물건금액(만원); 건물면적(㎡); 토지면적(㎡); 층; 권리구분; 취소일; 건축년도,district->자치구코드(85); legal_dong->법정동코드(100); building_name->건물명(100); contract_date->계약일(100); transaction_amount->물건금액(만원)(100); exclusive_area_sqm->건물면적(㎡)(85),,ready_for_normalization_mapping,컬럼 매핑을 확정한 뒤 정규화 스크립트로 넘김
seoul-open-data-real-estate-csv,서울특별시,서울시 실거래 전체 원자료,data/market/manual-import/files/seoul-open-data_송파구_마천동_202601_202606.csv,.csv,csv,,utf-8-sig,",",21,50,접수연도; 자치구코드; 자치구명; 법정동코드; 법정동명; 지번구분; 지번구분명; 본번; 부번; 건물명; 계약일; 물건금액(만원); 건물면적(㎡); 토지면적(㎡); 층; 권리구분; 취소일; 건축년도,district->자치구코드(85); legal_dong->법정동코드(100); building_name->건물명(100); contract_date->계약일(100); transaction_amount->물건금액(만원)(100); exclusive_area_sqm->건물면적(㎡)(85),,ready_for_normalization_mapping,컬럼 매핑을 확정한 뒤 정규화 스크립트로 넘김
seoul-open-data-real-estate-csv,서울특별시,서울시 실거래 전체 원자료,data/market/manual-import/files/seoul-open-data_송파구_문정동_202401_202412.csv,.csv,csv,,utf-8-sig,",",21,50,접수연도; 자치구코드; 자치구명; 법정동코드; 법정동명; 지번구분; 지번구분명; 본번; 부번; 건물명; 계약일; 물건금액(만원); 건물면적(㎡); 토지면적(㎡); 층; 권리구분; 취소일; 건축년도,district->자치구코드(85); legal_dong->법정동코드(100); building_name->건물명(100); contract_date->계약일(100); transaction_amount->물건금액(만원)(100); exclusive_area_sqm->건물면적(㎡)(85),,ready_for_normalization_mapping,컬럼 매핑을 확정한 뒤 정규화 스크립트로 넘김
seoul-open-data-real-estate-csv,서울특별시,서울시 실거래 전체 원자료,data/market/manual-import/files/seoul-open-data_송파구_문정동_202501_202512.csv,.csv,csv,,utf-8-sig,",",21,50,접수연도; 자치구코드; 자치구명; 법정동코드; 법정동명; 지번구분; 지번구분명; 본번; 부번; 건물명; 계약일; 물건금액(만원); 건물면적(㎡); 토지면적(㎡); 층; 권리구분; 취소일; 건축년도,district->자치구코드(85); legal_dong->법정동코드(100); building_name->건물명(100); contract_date->계약일(100); transaction_amount->물건금액(만원)(100); exclusive_area_sqm->건물면적(㎡)(85),,ready_for_normalization_mapping,컬럼 매핑을 확정한 뒤 정규화 스크립트로 넘김
seoul-open-data-real-estate-csv,서울특별시,서울시 실거래 전체 원자료,data/market/manual-import/files/seoul-open-data_송파구_문정동_202601_202606.csv,.csv,csv,,utf-8-sig,",",21,50,접수연도; 자치구코드; 자치구명; 법정동코드; 법정동명; 지번구분; 지번구분명; 본번; 부번; 건물명; 계약일; 물건금액(만원); 건물면적(㎡); 토지면적(㎡); 층; 권리구분; 취소일; 건축년도,district->자치구코드(85); legal_dong->법정동코드(100); building_name->건물명(100); contract_date->계약일(100); transaction_amount->물건금액(만원)(100); exclusive_area_sqm->건물면적(㎡)(85),,ready_for_normalization_mapping,컬럼 매핑을 확정한 뒤 정규화 스크립트로 넘김
seoul-open-data-real-estate-csv,서울특별시,서울시 실거래 전체 원자료,data/market/manual-import/files/seoul-open-data_송파구_방이동_202401_202412.csv,.csv,csv,,utf-8-sig,",",21,50,접수연도; 자치구코드; 자치구명; 법정동코드; 법정동명; 지번구분; 지번구분명; 본번; 부번; 건물명; 계약일; 물건금액(만원); 건물면적(㎡); 토지면적(㎡); 층; 권리구분; 취소일; 건축년도,district->자치구코드(85); legal_dong->법정동코드(100); building_name->건물명(100); contract_date->계약일(100); transaction_amount->물건금액(만원)(100); exclusive_area_sqm->건물면적(㎡)(85),,ready_for_normalization_mapping,컬럼 매핑을 확정한 뒤 정규화 스크립트로 넘김
seoul-open-data-real-estate-csv,서울특별시,서울시 실거래 전체 원자료,data/market/manual-import/files/seoul-open-data_송파구_방이동_202501_202512.csv,.csv,csv,,utf-8-sig,",",21,50,접수연도; 자치구코드; 자치구명; 법정동코드; 법정동명; 지번구분; 지번구분명; 본번; 부번; 건물명; 계약일; 물건금액(만원); 건물면적(㎡); 토지면적(㎡); 층; 권리구분; 취소일; 건축년도,district->자치구코드(85); legal_dong->법정동코드(100); building_name->건물명(100); contract_date->계약일(100); transaction_amount->물건금액(만원)(100); exclusive_area_sqm->건물면적(㎡)(85),,ready_for_normalization_mapping,컬럼 매핑을 확정한 뒤 정규화 스크립트로 넘김
seoul-open-data-real-estate-csv,서울특별시,서울시 실거래 전체 원자료,data/market/manual-import/files/seoul-open-data_송파구_방이동_202601_202606.csv,.csv,csv,,utf-8-sig,",",21,50,접수연도; 자치구코드; 자치구명; 법정동코드; 법정동명; 지번구분; 지번구분명; 본번; 부번; 건물명; 계약일; 물건금액(만원); 건물면적(㎡); 토지면적(㎡); 층; 권리구분; 취소일; 건축년도,district->자치구코드(85); legal_dong->법정동코드(100); building_name->건물명(100); contract_date->계약일(100); transaction_amount->물건금액(만원)(100); exclusive_area_sqm->건물면적(㎡)(85),,ready_for_normalization_mapping,컬럼 매핑을 확정한 뒤 정규화 스크립트로 넘김
seoul-open-data-real-estate-csv,서울특별시,서울시 실거래 전체 원자료,data/market/manual-import/files/seoul-open-data_송파구_송파동_202401_202412.csv,.csv,csv,,utf-8-sig,",",21,50,접수연도; 자치구코드; 자치구명; 법정동코드; 법정동명; 지번구분; 지번구분명; 본번; 부번; 건물명; 계약일; 물건금액(만원); 건물면적(㎡); 토지면적(㎡); 층; 권리구분; 취소일; 건축년도,district->자치구코드(85); legal_dong->법정동코드(100); building_name->건물명(100); contract_date->계약일(100); transaction_amount->물건금액(만원)(100); exclusive_area_sqm->건물면적(㎡)(85),,ready_for_normalization_mapping,컬럼 매핑을 확정한 뒤 정규화 스크립트로 넘김
seoul-open-data-real-estate-csv,서울특별시,서울시 실거래 전체 원자료,data/market/manual-import/files/seoul-open-data_송파구_송파동_202501_202512.csv,.csv,csv,,utf-8-sig,",",21,50,접수연도; 자치구코드; 자치구명; 법정동코드; 법정동명; 지번구분; 지번구분명; 본번; 부번; 건물명; 계약일; 물건금액(만원); 건물면적(㎡); 토지면적(㎡); 층; 권리구분; 취소일; 건축년도,district->자치구코드(85); legal_dong->법정동코드(100); building_name->건물명(100); contract_date->계약일(100); transaction_amount->물건금액(만원)(100); exclusive_area_sqm->건물면적(㎡)(85),,ready_for_normalization_mapping,컬럼 매핑을 확정한 뒤 정규화 스크립트로 넘김
seoul-open-data-real-estate-csv,서울특별시,서울시 실거래 전체 원자료,data/market/manual-import/files/seoul-open-data_송파구_송파동_202601_202606.csv,.csv,csv,,utf-8-sig,",",21,50,접수연도; 자치구코드; 자치구명; 법정동코드; 법정동명; 지번구분; 지번구분명; 본번; 부번; 건물명; 계약일; 물건금액(만원); 건물면적(㎡); 토지면적(㎡); 층; 권리구분; 취소일; 건축년도,district->자치구코드(85); legal_dong->법정동코드(100); building_name->건물명(100); contract_date->계약일(100); transaction_amount->물건금액(만원)(100); exclusive_area_sqm->건물면적(㎡)(85),,ready_for_normalization_mapping,컬럼 매핑을 확정한 뒤 정규화 스크립트로 넘김
seoul-open-data-real-estate-csv,서울특별시,서울시 실거래 전체 원자료,data/market/manual-import/files/seoul-open-data_송파구_신천동_202401_202412.csv,.csv,csv,,utf-8-sig,",",21,50,접수연도; 자치구코드; 자치구명; 법정동코드; 법정동명; 지번구분; 지번구분명; 본번; 부번; 건물명; 계약일; 물건금액(만원); 건물면적(㎡); 토지면적(㎡); 층; 권리구분; 취소일; 건축년도,district->자치구코드(85); legal_dong->법정동코드(100); building_name->건물명(100); contract_date->계약일(100); transaction_amount->물건금액(만원)(100); exclusive_area_sqm->건물면적(㎡)(85),,ready_for_normalization_mapping,컬럼 매핑을 확정한 뒤 정규화 스크립트로 넘김
seoul-open-data-real-estate-csv,서울특별시,서울시 실거래 전체 원자료,data/market/manual-import/files/seoul-open-data_송파구_신천동_202501_202512.csv,.csv,csv,,utf-8-sig,",",21,50,접수연도; 자치구코드; 자치구명; 법정동코드; 법정동명; 지번구분; 지번구분명; 본번; 부번; 건물명; 계약일; 물건금액(만원); 건물면적(㎡); 토지면적(㎡); 층; 권리구분; 취소일; 건축년도,district->자치구코드(85); legal_dong->법정동코드(100); building_name->건물명(100); contract_date->계약일(100); transaction_amount->물건금액(만원)(100); exclusive_area_sqm->건물면적(㎡)(85),,ready_for_normalization_mapping,컬럼 매핑을 확정한 뒤 정규화 스크립트로 넘김
seoul-open-data-real-estate-csv,서울특별시,서울시 실거래 전체 원자료,data/market/manual-import/files/seoul-open-data_송파구_신천동_202601_202606.csv,.csv,csv,,utf-8-sig,",",21,50,접수연도; 자치구코드; 자치구명; 법정동코드; 법정동명; 지번구분; 지번구분명; 본번; 부번; 건물명; 계약일; 물건금액(만원); 건물면적(㎡); 토지면적(㎡); 층; 권리구분; 취소일; 건축년도,district->자치구코드(85); legal_dong->법정동코드(100); building_name->건물명(100); contract_date->계약일(100); transaction_amount->물건금액(만원)(100); exclusive_area_sqm->건물면적(㎡)(85),,ready_for_normalization_mapping,컬럼 매핑을 확정한 뒤 정규화 스크립트로 넘김
seoul-open-data-real-estate-csv,서울특별시,서울시 실거래 전체 원자료,data/market/manual-import/files/seoul-open-data_송파구_잠실동_202401_202412.csv,.csv,csv,,utf-8-sig,",",21,50,접수연도; 자치구코드; 자치구명; 법정동코드; 법정동명; 지번구분; 지번구분명; 본번; 부번; 건물명; 계약일; 물건금액(만원); 건물면적(㎡); 토지면적(㎡); 층; 권리구분; 취소일; 건축년도,district->자치구코드(85); legal_dong->법정동코드(100); building_name->건물명(100); contract_date->계약일(100); transaction_amount->물건금액(만원)(100); exclusive_area_sqm->건물면적(㎡)(85),,ready_for_normalization_mapping,컬럼 매핑을 확정한 뒤 정규화 스크립트로 넘김
seoul-open-data-real-estate-csv,서울특별시,서울시 실거래 전체 원자료,data/market/manual-import/files/seoul-open-data_송파구_잠실동_202501_202512.csv,.csv,csv,,utf-8-sig,",",21,50,접수연도; 자치구코드; 자치구명; 법정동코드; 법정동명; 지번구분; 지번구분명; 본번; 부번; 건물명; 계약일; 물건금액(만원); 건물면적(㎡); 토지면적(㎡); 층; 권리구분; 취소일; 건축년도,district->자치구코드(85); legal_dong->법정동코드(100); building_name->건물명(100); contract_date->계약일(100); transaction_amount->물건금액(만원)(100); exclusive_area_sqm->건물면적(㎡)(85),,ready_for_normalization_mapping,컬럼 매핑을 확정한 뒤 정규화 스크립트로 넘김
seoul-open-data-real-estate-csv,서울특별시,서울시 실거래 전체 원자료,data/market/manual-import/files/seoul-open-data_송파구_잠실동_202601_202606.csv,.csv,csv,,utf-8-sig,",",21,50,접수연도; 자치구코드; 자치구명; 법정동코드; 법정동명; 지번구분; 지번구분명; 본번; 부번; 건물명; 계약일; 물건금액(만원); 건물면적(㎡); 토지면적(㎡); 층; 권리구분; 취소일; 건축년도,district->자치구코드(85); legal_dong->법정동코드(100); building_name->건물명(100); contract_date->계약일(100); transaction_amount->물건금액(만원)(100); exclusive_area_sqm->건물면적(㎡)(85),,ready_for_normalization_mapping,컬럼 매핑을 확정한 뒤 정규화 스크립트로 넘김
molit-rtms-apt-trade-rent-manual,국토교통부,국토부 아파트 전월세,data/market/manual-import/files/molit-apt-rent_강남구_압구정동-대치동-개포동_202401_202412.csv,.csv,csv,,utf-8-sig,",",21,50,NO; 시군구; 번지; 본번; 부번; 단지명; 전월세구분; 전용면적(㎡); 계약년월; 계약일; 보증금(만원); 월세금(만원); 층; 건축년도; 도로명; 계약기간; 계약구분; 갱신요구권 사용,legal_dong_or_region->시군구(100); building_name->단지명(100); contract_date->계약년월(100); price_or_deposit->전월세구분(85); exclusive_area_sqm->전용면적(㎡)(100),,ready_for_normalization_mapping,컬럼 매핑을 확정한 뒤 정규화 스크립트로 넘김
molit-rtms-apt-trade-rent-manual,국토교통부,국토부 아파트 전월세,data/market/manual-import/files/molit-apt-rent_강남구_압구정동-대치동-개포동_202501_202512.csv,.csv,csv,,utf-8-sig,",",21,50,NO; 시군구; 번지; 본번; 부번; 단지명; 전월세구분; 전용면적(㎡); 계약년월; 계약일; 보증금(만원); 월세금(만원); 층; 건축년도; 도로명; 계약기간; 계약구분; 갱신요구권 사용,legal_dong_or_region->시군구(100); building_name->단지명(100); contract_date->계약년월(100); price_or_deposit->전월세구분(85); exclusive_area_sqm->전용면적(㎡)(100),,ready_for_normalization_mapping,컬럼 매핑을 확정한 뒤 정규화 스크립트로 넘김
molit-rtms-apt-trade-rent-manual,국토교통부,국토부 아파트 전월세,data/market/manual-import/files/molit-apt-rent_강남구_압구정동-대치동-개포동_202601_202606.csv,.csv,csv,,utf-8-sig,",",21,50,NO; 시군구; 번지; 본번; 부번; 단지명; 전월세구분; 전용면적(㎡); 계약년월; 계약일; 보증금(만원); 월세금(만원); 층; 건축년도; 도로명; 계약기간; 계약구분; 갱신요구권 사용,legal_dong_or_region->시군구(100); building_name->단지명(100); contract_date->계약년월(100); price_or_deposit->전월세구분(85); exclusive_area_sqm->전용면적(㎡)(100),,ready_for_normalization_mapping,컬럼 매핑을 확정한 뒤 정규화 스크립트로 넘김
molit-rtms-apt-trade-rent-manual,국토교통부,국토부 아파트 전월세,data/market/manual-import/files/molit-apt-rent_광진구_자양동-중곡동-광장동_202401_202412.csv,.csv,csv,,utf-8-sig,",",21,50,NO; 시군구; 번지; 본번; 부번; 단지명; 전월세구분; 전용면적(㎡); 계약년월; 계약일; 보증금(만원); 월세금(만원); 층; 건축년도; 도로명; 계약기간; 계약구분; 갱신요구권 사용,legal_dong_or_region->시군구(100); building_name->단지명(100); contract_date->계약년월(100); price_or_deposit->전월세구분(85); exclusive_area_sqm->전용면적(㎡)(100),,ready_for_normalization_mapping,컬럼 매핑을 확정한 뒤 정규화 스크립트로 넘김
molit-rtms-apt-trade-rent-manual,국토교통부,국토부 아파트 전월세,data/market/manual-import/files/molit-apt-rent_광진구_자양동-중곡동-광장동_202501_202512.csv,.csv,csv,,utf-8-sig,",",21,50,NO; 시군구; 번지; 본번; 부번; 단지명; 전월세구분; 전용면적(㎡); 계약년월; 계약일; 보증금(만원); 월세금(만원); 층; 건축년도; 도로명; 계약기간; 계약구분; 갱신요구권 사용,legal_dong_or_region->시군구(100); building_name->단지명(100); contract_date->계약년월(100); price_or_deposit->전월세구분(85); exclusive_area_sqm->전용면적(㎡)(100),,ready_for_normalization_mapping,컬럼 매핑을 확정한 뒤 정규화 스크립트로 넘김
molit-rtms-apt-trade-rent-manual,국토교통부,국토부 아파트 전월세,data/market/manual-import/files/molit-apt-rent_광진구_자양동-중곡동-광장동_202601_202606.csv,.csv,csv,,utf-8-sig,",",21,50,NO; 시군구; 번지; 본번; 부번; 단지명; 전월세구분; 전용면적(㎡); 계약년월; 계약일; 보증금(만원); 월세금(만원); 층; 건축년도; 도로명; 계약기간; 계약구분; 갱신요구권 사용,legal_dong_or_region->시군구(100); building_name->단지명(100); contract_date->계약년월(100); price_or_deposit->전월세구분(85); exclusive_area_sqm->전용면적(㎡)(100),,ready_for_normalization_mapping,컬럼 매핑을 확정한 뒤 정규화 스크립트로 넘김
molit-rtms-apt-trade-rent-manual,국토교통부,국토부 아파트 전월세,data/market/manual-import/files/molit-apt-rent_송파구_잠실동-신천동-문정동-송파동-방이동_202401_202412.csv,.csv,csv,,utf-8-sig,",",21,50,NO; 시군구; 번지; 본번; 부번; 단지명; 전월세구분; 전용면적(㎡); 계약년월; 계약일; 보증금(만원); 월세금(만원); 층; 건축년도; 도로명; 계약기간; 계약구분; 갱신요구권 사용,legal_dong_or_region->시군구(100); building_name->단지명(100); contract_date->계약년월(100); price_or_deposit->전월세구분(85); exclusive_area_sqm->전용면적(㎡)(100),,ready_for_normalization_mapping,컬럼 매핑을 확정한 뒤 정규화 스크립트로 넘김
molit-rtms-apt-trade-rent-manual,국토교통부,국토부 아파트 전월세,data/market/manual-import/files/molit-apt-rent_송파구_잠실동-신천동-문정동-송파동-방이동_202501_202512.csv,.csv,csv,,utf-8-sig,",",21,50,NO; 시군구; 번지; 본번; 부번; 단지명; 전월세구분; 전용면적(㎡); 계약년월; 계약일; 보증금(만원); 월세금(만원); 층; 건축년도; 도로명; 계약기간; 계약구분; 갱신요구권 사용,legal_dong_or_region->시군구(100); building_name->단지명(100); contract_date->계약년월(100); price_or_deposit->전월세구분(85); exclusive_area_sqm->전용면적(㎡)(100),,ready_for_normalization_mapping,컬럼 매핑을 확정한 뒤 정규화 스크립트로 넘김
molit-rtms-apt-trade-rent-manual,국토교통부,국토부 아파트 전월세,data/market/manual-import/files/molit-apt-rent_송파구_잠실동-신천동-문정동-송파동-방이동_202601_202606.csv,.csv,csv,,utf-8-sig,",",21,50,NO; 시군구; 번지; 본번; 부번; 단지명; 전월세구분; 전용면적(㎡); 계약년월; 계약일; 보증금(만원); 월세금(만원); 층; 건축년도; 도로명; 계약기간; 계약구분; 갱신요구권 사용,legal_dong_or_region->시군구(100); building_name->단지명(100); contract_date->계약년월(100); price_or_deposit->전월세구분(85); exclusive_area_sqm->전용면적(㎡)(100),,ready_for_normalization_mapping,컬럼 매핑을 확정한 뒤 정규화 스크립트로 넘김
molit-rtms-apt-trade-rent-manual,국토교통부,국토부 아파트 매매,data/market/manual-import/files/molit-apt-trade_강남구_압구정동-대치동-개포동_202401_202412.csv,.csv,csv,,utf-8-sig,",",20,50,NO; 시군구; 번지; 본번; 부번; 단지명; 전용면적(㎡); 계약년월; 계약일; 거래금액(만원); 동; 층; 매수자; 매도자; 건축년도; 도로명; 해제사유발생일; 거래유형,legal_dong_or_region->시군구(100); building_name->단지명(100); contract_date->계약년월(100); price_or_deposit->거래금액(만원)(85); exclusive_area_sqm->전용면적(㎡)(100),,ready_for_normalization_mapping,컬럼 매핑을 확정한 뒤 정규화 스크립트로 넘김
molit-rtms-apt-trade-rent-manual,국토교통부,국토부 아파트 매매,data/market/manual-import/files/molit-apt-trade_강남구_압구정동-대치동-개포동_202501_202512.csv,.csv,csv,,utf-8-sig,",",20,50,NO; 시군구; 번지; 본번; 부번; 단지명; 전용면적(㎡); 계약년월; 계약일; 거래금액(만원); 동; 층; 매수자; 매도자; 건축년도; 도로명; 해제사유발생일; 거래유형,legal_dong_or_region->시군구(100); building_name->단지명(100); contract_date->계약년월(100); price_or_deposit->거래금액(만원)(85); exclusive_area_sqm->전용면적(㎡)(100),,ready_for_normalization_mapping,컬럼 매핑을 확정한 뒤 정규화 스크립트로 넘김
molit-rtms-apt-trade-rent-manual,국토교통부,국토부 아파트 매매,data/market/manual-import/files/molit-apt-trade_강남구_압구정동-대치동-개포동_202601_202606.csv,.csv,csv,,utf-8-sig,",",20,50,NO; 시군구; 번지; 본번; 부번; 단지명; 전용면적(㎡); 계약년월; 계약일; 거래금액(만원); 동; 층; 매수자; 매도자; 건축년도; 도로명; 해제사유발생일; 거래유형,legal_dong_or_region->시군구(100); building_name->단지명(100); contract_date->계약년월(100); price_or_deposit->거래금액(만원)(85); exclusive_area_sqm->전용면적(㎡)(100),,ready_for_normalization_mapping,컬럼 매핑을 확정한 뒤 정규화 스크립트로 넘김
molit-rtms-apt-trade-rent-manual,국토교통부,국토부 아파트 매매,data/market/manual-import/files/molit-apt-trade_광진구_자양동-중곡동-광장동-구의동_202401_202412.csv,.csv,csv,,utf-8-sig,",",20,50,NO; 시군구; 번지; 본번; 부번; 단지명; 전용면적(㎡); 계약년월; 계약일; 거래금액(만원); 동; 층; 매수자; 매도자; 건축년도; 도로명; 해제사유발생일; 거래유형,legal_dong_or_region->시군구(100); building_name->단지명(100); contract_date->계약년월(100); price_or_deposit->거래금액(만원)(85); exclusive_area_sqm->전용면적(㎡)(100),,ready_for_normalization_mapping,컬럼 매핑을 확정한 뒤 정규화 스크립트로 넘김
molit-rtms-apt-trade-rent-manual,국토교통부,국토부 아파트 매매,data/market/manual-import/files/molit-apt-trade_광진구_자양동-중곡동-광장동-구의동_202501_202512.csv,.csv,csv,,utf-8-sig,",",20,50,NO; 시군구; 번지; 본번; 부번; 단지명; 전용면적(㎡); 계약년월; 계약일; 거래금액(만원); 동; 층; 매수자; 매도자; 건축년도; 도로명; 해제사유발생일; 거래유형,legal_dong_or_region->시군구(100); building_name->단지명(100); contract_date->계약년월(100); price_or_deposit->거래금액(만원)(85); exclusive_area_sqm->전용면적(㎡)(100),,ready_for_normalization_mapping,컬럼 매핑을 확정한 뒤 정규화 스크립트로 넘김
molit-rtms-apt-trade-rent-manual,국토교통부,국토부 아파트 매매,data/market/manual-import/files/molit-apt-trade_광진구_자양동-중곡동-광장동-구의동_202601_202606.csv,.csv,csv,,utf-8-sig,",",20,50,NO; 시군구; 번지; 본번; 부번; 단지명; 전용면적(㎡); 계약년월; 계약일; 거래금액(만원); 동; 층; 매수자; 매도자; 건축년도; 도로명; 해제사유발생일; 거래유형,legal_dong_or_region->시군구(100); building_name->단지명(100); contract_date->계약년월(100); price_or_deposit->거래금액(만원)(85); exclusive_area_sqm->전용면적(㎡)(100),,ready_for_normalization_mapping,컬럼 매핑을 확정한 뒤 정규화 스크립트로 넘김
molit-rtms-apt-trade-rent-manual,국토교통부,국토부 아파트 매매,data/market/manual-import/files/molit-apt-trade_송파구_잠실동-신천동-문정동-송파동-방이동-마천동_202401_202412.csv,.csv,csv,,utf-8-sig,",",20,50,NO; 시군구; 번지; 본번; 부번; 단지명; 전용면적(㎡); 계약년월; 계약일; 거래금액(만원); 동; 층; 매수자; 매도자; 건축년도; 도로명; 해제사유발생일; 거래유형,legal_dong_or_region->시군구(100); building_name->단지명(100); contract_date->계약년월(100); price_or_deposit->거래금액(만원)(85); exclusive_area_sqm->전용면적(㎡)(100),,ready_for_normalization_mapping,컬럼 매핑을 확정한 뒤 정규화 스크립트로 넘김
molit-rtms-apt-trade-rent-manual,국토교통부,국토부 아파트 매매,data/market/manual-import/files/molit-apt-trade_송파구_잠실동-신천동-문정동-송파동-방이동-마천동_202501_202512.csv,.csv,csv,,utf-8-sig,",",20,50,NO; 시군구; 번지; 본번; 부번; 단지명; 전용면적(㎡); 계약년월; 계약일; 거래금액(만원); 동; 층; 매수자; 매도자; 건축년도; 도로명; 해제사유발생일; 거래유형,legal_dong_or_region->시군구(100); building_name->단지명(100); contract_date->계약년월(100); price_or_deposit->거래금액(만원)(85); exclusive_area_sqm->전용면적(㎡)(100),,ready_for_normalization_mapping,컬럼 매핑을 확정한 뒤 정규화 스크립트로 넘김
molit-rtms-apt-trade-rent-manual,국토교통부,국토부 아파트 매매,data/market/manual-import/files/molit-apt-trade_송파구_잠실동-신천동-문정동-송파동-방이동-마천동_202601_202606.csv,.csv,csv,,utf-8-sig,",",20,50,NO; 시군구; 번지; 본번; 부번; 단지명; 전용면적(㎡); 계약년월; 계약일; 거래금액(만원); 동; 층; 매수자; 매도자; 건축년도; 도로명; 해제사유발생일; 거래유형,legal_dong_or_region->시군구(100); building_name->단지명(100); contract_date->계약년월(100); price_or_deposit->거래금액(만원)(85); exclusive_area_sqm->전용면적(㎡)(100),,ready_for_normalization_mapping,컬럼 매핑을 확정한 뒤 정규화 스크립트로 넘김
molit-rtms-rowhouse-trade-rent-manual,국토교통부,국토부 연립·다세대 전월세,data/market/manual-import/files/molit-rowhouse-rent_광진구_구의동-자양동_202401_202412.csv,.csv,csv,,utf-8-sig,",",21,50,NO; 시군구; 번지; 본번; 부번; 건물명; 전월세구분; 전용면적(㎡); 계약년월; 계약일; 보증금(만원); 월세금(만원); 층; 건축년도; 도로명; 계약기간; 계약구분; 갱신요구권 사용,legal_dong_or_region->시군구(100); building_name->건물명(100); contract_date->계약년월(100); price_or_deposit->전월세구분(85); exclusive_area_sqm->전용면적(㎡)(100),,ready_for_normalization_mapping,컬럼 매핑을 확정한 뒤 정규화 스크립트로 넘김
molit-rtms-rowhouse-trade-rent-manual,국토교통부,국토부 연립·다세대 전월세,data/market/manual-import/files/molit-rowhouse-rent_광진구_구의동-자양동_202501_202512.csv,.csv,csv,,utf-8-sig,",",21,50,NO; 시군구; 번지; 본번; 부번; 건물명; 전월세구분; 전용면적(㎡); 계약년월; 계약일; 보증금(만원); 월세금(만원); 층; 건축년도; 도로명; 계약기간; 계약구분; 갱신요구권 사용,legal_dong_or_region->시군구(100); building_name->건물명(100); contract_date->계약년월(100); price_or_deposit->전월세구분(85); exclusive_area_sqm->전용면적(㎡)(100),,ready_for_normalization_mapping,컬럼 매핑을 확정한 뒤 정규화 스크립트로 넘김
molit-rtms-rowhouse-trade-rent-manual,국토교통부,국토부 연립·다세대 전월세,data/market/manual-import/files/molit-rowhouse-rent_광진구_구의동-자양동_202601_202606.csv,.csv,csv,,utf-8-sig,",",21,50,NO; 시군구; 번지; 본번; 부번; 건물명; 전월세구분; 전용면적(㎡); 계약년월; 계약일; 보증금(만원); 월세금(만원); 층; 건축년도; 도로명; 계약기간; 계약구분; 갱신요구권 사용,legal_dong_or_region->시군구(100); building_name->건물명(100); contract_date->계약년월(100); price_or_deposit->전월세구분(85); exclusive_area_sqm->전용면적(㎡)(100),,ready_for_normalization_mapping,컬럼 매핑을 확정한 뒤 정규화 스크립트로 넘김
molit-rtms-rowhouse-trade-rent-manual,국토교통부,국토부 연립·다세대 전월세,data/market/manual-import/files/molit-rowhouse-rent_송파구_마천동_202401_202412.csv,.csv,csv,,utf-8-sig,",",21,50,NO; 시군구; 번지; 본번; 부번; 건물명; 전월세구분; 전용면적(㎡); 계약년월; 계약일; 보증금(만원); 월세금(만원); 층; 건축년도; 도로명; 계약기간; 계약구분; 갱신요구권 사용,legal_dong_or_region->시군구(100); building_name->건물명(100); contract_date->계약년월(100); price_or_deposit->전월세구분(85); exclusive_area_sqm->전용면적(㎡)(100),,ready_for_normalization_mapping,컬럼 매핑을 확정한 뒤 정규화 스크립트로 넘김
molit-rtms-rowhouse-trade-rent-manual,국토교통부,국토부 연립·다세대 전월세,data/market/manual-import/files/molit-rowhouse-rent_송파구_마천동_202501_202512.csv,.csv,csv,,utf-8-sig,",",21,50,NO; 시군구; 번지; 본번; 부번; 건물명; 전월세구분; 전용면적(㎡); 계약년월; 계약일; 보증금(만원); 월세금(만원); 층; 건축년도; 도로명; 계약기간; 계약구분; 갱신요구권 사용,legal_dong_or_region->시군구(100); building_name->건물명(100); contract_date->계약년월(100); price_or_deposit->전월세구분(85); exclusive_area_sqm->전용면적(㎡)(100),,ready_for_normalization_mapping,컬럼 매핑을 확정한 뒤 정규화 스크립트로 넘김
molit-rtms-rowhouse-trade-rent-manual,국토교통부,국토부 연립·다세대 전월세,data/market/manual-import/files/molit-rowhouse-rent_송파구_마천동_202601_202606.csv,.csv,csv,,utf-8-sig,",",21,50,NO; 시군구; 번지; 본번; 부번; 건물명; 전월세구분; 전용면적(㎡); 계약년월; 계약일; 보증금(만원); 월세금(만원); 층; 건축년도; 도로명; 계약기간; 계약구분; 갱신요구권 사용,legal_dong_or_region->시군구(100); building_name->건물명(100); contract_date->계약년월(100); price_or_deposit->전월세구분(85); exclusive_area_sqm->전용면적(㎡)(100),,ready_for_normalization_mapping,컬럼 매핑을 확정한 뒤 정규화 스크립트로 넘김
molit-rtms-rowhouse-trade-rent-manual,국토교통부,국토부 연립·다세대 매매,data/market/manual-import/files/molit-rowhouse-trade_광진구_구의동-자양동_202401_202412.csv,.csv,csv,,utf-8-sig,",",20,50,NO; 시군구; 번지; 본번; 부번; 건물명; 전용면적(㎡); 대지권면적(㎡); 계약년월; 계약일; 거래금액(만원); 층; 매수자; 매도자; 건축년도; 도로명; 해제사유발생일; 거래유형,legal_dong_or_region->시군구(100); building_name->건물명(100); contract_date->계약년월(100); price_or_deposit->거래금액(만원)(85); exclusive_area_sqm->전용면적(㎡)(100),,ready_for_normalization_mapping,컬럼 매핑을 확정한 뒤 정규화 스크립트로 넘김
molit-rtms-rowhouse-trade-rent-manual,국토교통부,국토부 연립·다세대 매매,data/market/manual-import/files/molit-rowhouse-trade_광진구_구의동-자양동_202501_202512.csv,.csv,csv,,utf-8-sig,",",20,50,NO; 시군구; 번지; 본번; 부번; 건물명; 전용면적(㎡); 대지권면적(㎡); 계약년월; 계약일; 거래금액(만원); 층; 매수자; 매도자; 건축년도; 도로명; 해제사유발생일; 거래유형,legal_dong_or_region->시군구(100); building_name->건물명(100); contract_date->계약년월(100); price_or_deposit->거래금액(만원)(85); exclusive_area_sqm->전용면적(㎡)(100),,ready_for_normalization_mapping,컬럼 매핑을 확정한 뒤 정규화 스크립트로 넘김
molit-rtms-rowhouse-trade-rent-manual,국토교통부,국토부 연립·다세대 매매,data/market/manual-import/files/molit-rowhouse-trade_광진구_구의동-자양동_202601_202606.csv,.csv,csv,,utf-8-sig,",",20,50,NO; 시군구; 번지; 본번; 부번; 건물명; 전용면적(㎡); 대지권면적(㎡); 계약년월; 계약일; 거래금액(만원); 층; 매수자; 매도자; 건축년도; 도로명; 해제사유발생일; 거래유형,legal_dong_or_region->시군구(100); building_name->건물명(100); contract_date->계약년월(100); price_or_deposit->거래금액(만원)(85); exclusive_area_sqm->전용면적(㎡)(100),,ready_for_normalization_mapping,컬럼 매핑을 확정한 뒤 정규화 스크립트로 넘김
molit-rtms-rowhouse-trade-rent-manual,국토교통부,국토부 연립·다세대 매매,data/market/manual-import/files/molit-rowhouse-trade_송파구_마천동_202401_202412.csv,.csv,csv,,utf-8-sig,",",20,50,NO; 시군구; 번지; 본번; 부번; 건물명; 전용면적(㎡); 대지권면적(㎡); 계약년월; 계약일; 거래금액(만원); 층; 매수자; 매도자; 건축년도; 도로명; 해제사유발생일; 거래유형,legal_dong_or_region->시군구(100); building_name->건물명(100); contract_date->계약년월(100); price_or_deposit->거래금액(만원)(85); exclusive_area_sqm->전용면적(㎡)(100),,ready_for_normalization_mapping,컬럼 매핑을 확정한 뒤 정규화 스크립트로 넘김
molit-rtms-rowhouse-trade-rent-manual,국토교통부,국토부 연립·다세대 매매,data/market/manual-import/files/molit-rowhouse-trade_송파구_마천동_202501_202512.csv,.csv,csv,,utf-8-sig,",",20,50,NO; 시군구; 번지; 본번; 부번; 건물명; 전용면적(㎡); 대지권면적(㎡); 계약년월; 계약일; 거래금액(만원); 층; 매수자; 매도자; 건축년도; 도로명; 해제사유발생일; 거래유형,legal_dong_or_region->시군구(100); building_name->건물명(100); contract_date->계약년월(100); price_or_deposit->거래금액(만원)(85); exclusive_area_sqm->전용면적(㎡)(100),,ready_for_normalization_mapping,컬럼 매핑을 확정한 뒤 정규화 스크립트로 넘김
molit-rtms-rowhouse-trade-rent-manual,국토교통부,국토부 연립·다세대 매매,data/market/manual-import/files/molit-rowhouse-trade_송파구_마천동_202601_202606.csv,.csv,csv,,utf-8-sig,",",20,50,NO; 시군구; 번지; 본번; 부번; 건물명; 전용면적(㎡); 대지권면적(㎡); 계약년월; 계약일; 거래금액(만원); 층; 매수자; 매도자; 건축년도; 도로명; 해제사유발생일; 거래유형,legal_dong_or_region->시군구(100); building_name->건물명(100); contract_date->계약년월(100); price_or_deposit->거래금액(만원)(85); exclusive_area_sqm->전용면적(㎡)(100),,ready_for_normalization_mapping,컬럼 매핑을 확정한 뒤 정규화 스크립트로 넘김
r-one-price-and-volume-statistics,한국부동산원,R-ONE 가격지수·거래현황,data/market/manual-import/files/r-one-statistics_서울-권역-자치구_2024-01_2026-06.csv,.csv,csv,,utf-8-sig,",",16,50,region; statistic_name; reference_month; metric_value; unit; change_rate; statbl_id; statbl_name; dtacycle_cd; cls_id; cls_name; cls_fullnm; itm_id; itm_name; itm_fullnm; wrttime_desc,region->region(100); statistic_name->statistic_name(85); reference_month->reference_month(85); metric_value->metric_value(85),,ready_for_normalization_mapping,컬럼 매핑을 확정한 뒤 정규화 스크립트로 넘김
