queue_type,priority_rank,focus_area,district,project_name,signal,detail,signal_date,source,recommended_action,url
cleanup_snapshot_change,4,강남,강남구,은마아파트 재건축정비사업조합,공개자료 수,3939건 -> 3942건 (3),2026-06-23T06:53:21.484Z,정비사업 정보몽땅 사업장검색,사업장 공개자료 목록에서 새 문서 제목과 일자를 확인,https://cleanup.seoul.go.kr/cafe/mainIndx.do?cafeUrl=the-eunma
cleanup_snapshot_change,6,강남,강남구,대치우성1차아파트 재건축정비사업조합,공개자료 수,2036건 -> 2037건 (1),2026-06-23T06:53:21.484Z,정비사업 정보몽땅 사업장검색,사업장 공개자료 목록에서 새 문서 제목과 일자를 확인,https://cleanup.seoul.go.kr/cafe/mainIndx.do?cafeUrl=woosung1
cleanup_snapshot_change,7,강남,강남구,대치쌍용2차아파트 주택재건축정비사업조합,공개자료 수,1911건 -> 1912건 (1),2026-06-23T06:53:21.484Z,정비사업 정보몽땅 사업장검색,사업장 공개자료 목록에서 새 문서 제목과 일자를 확인,https://cleanup.seoul.go.kr/cafe/mainIndx.do?cafeUrl=ssang2
cleanup_snapshot_change,8,강남,강남구,대치쌍용1차아파트 주택재건축정비사업조합,공개자료 수,1791건 -> 1793건 (2),2026-06-23T06:53:21.484Z,정비사업 정보몽땅 사업장검색,사업장 공개자료 목록에서 새 문서 제목과 일자를 확인,https://cleanup.seoul.go.kr/cafe/mainIndx.do?cafeUrl=ssang1
cleanup_snapshot_change,21,잠실/송파,송파구,가락삼익맨숀아파트 재건축정비사업 조합,공개자료 수,2300건 -> 2308건 (8),2026-06-23T06:53:21.484Z,정비사업 정보몽땅 사업장검색,사업장 공개자료 목록에서 새 문서 제목과 일자를 확인,https://cleanup.seoul.go.kr/cafe/mainIndx.do?cafeUrl=grsamik
changed_project_latest_board_item,4,강남,강남구,은마아파트 재건축정비사업조합,확정된 사업비 및 분담금 목록,사업시행계획 수립단계,2026.05.07,정비사업 정보몽땅,공개자료 수 증가분의 실제 문서 제목·첨부·일자를 확인,
changed_project_latest_board_item,4,강남,강남구,은마아파트 재건축정비사업조합,조합입찰공고,2026년 정기총회 홍보인원 채용 공고,2026-04-30,정비사업 정보몽땅,공개자료 수 증가분의 실제 문서 제목·첨부·일자를 확인,https://cleanup.seoul.go.kr/assc/bidpblanc/vscr.do?cafeId=680100002017E89&cpage=1&searchCode=&searchValue=&signguCd=&othbcListSn=1029863
changed_project_latest_board_item,4,강남,강남구,은마아파트 재건축정비사업조합,조합입찰공고,전력계통영향평가 용역업체 선정을 위한 입찰공고,2026-04-17,정비사업 정보몽땅,공개자료 수 증가분의 실제 문서 제목·첨부·일자를 확인,https://cleanup.seoul.go.kr/assc/bidpblanc/vscr.do?cafeId=680100002017E89&cpage=1&searchCode=&searchValue=&signguCd=&othbcListSn=1025494
changed_project_latest_board_item,6,강남,강남구,대치우성1차아파트 재건축정비사업조합,공지사항,[26/2/27 마감] 세계유산법 시행령 일부 개정령안 관련 의견제출 안내,2026-02-27,정비사업 정보몽땅,공개자료 수 증가분의 실제 문서 제목·첨부·일자를 확인,https://cleanup.seoul.go.kr/assc/bbs-use/vscrGnrl.do?cafeId=680900000617J84&bbsSn=5485&cpage=1&searchCode=&searchValue=&streSttusCode=0&nttSn=174996&menuId=100
changed_project_latest_board_item,6,강남,강남구,대치우성1차아파트 재건축정비사업조합,공지사항,"‘정비사업 정보몽땅 활용도’ 평가, 서울시 정비사업 융자금 지원 심사 반영 안내",2025-04-09,정비사업 정보몽땅,공개자료 수 증가분의 실제 문서 제목·첨부·일자를 확인,https://cleanup.seoul.go.kr/assc/bbs-use/vscrGnrl.do?cafeId=680900000617J84&bbsSn=5485&cpage=1&searchCode=&searchValue=&streSttusCode=0&nttSn=156983&menuId=100
changed_project_latest_board_item,6,강남,강남구,대치우성1차아파트 재건축정비사업조합,조합입찰공고,교통영향평가 업체 선정 입찰 공고,2025-03-25,정비사업 정보몽땅,공개자료 수 증가분의 실제 문서 제목·첨부·일자를 확인,https://cleanup.seoul.go.kr/assc/bidpblanc/vscr.do?cafeId=680900000617J84&cpage=1&searchCode=&searchValue=&signguCd=&othbcListSn=923524
changed_project_latest_board_item,7,강남,강남구,대치쌍용2차아파트 주택재건축정비사업조합,공지사항,[26/2/27 마감] 세계유산법 시행령 일부 개정령안 관련 의견제출 안내,2026-02-27,정비사업 정보몽땅,공개자료 수 증가분의 실제 문서 제목·첨부·일자를 확인,https://cleanup.seoul.go.kr/assc/bbs-use/vscrGnrl.do?cafeId=680900000567C51&bbsSn=5277&cpage=1&searchCode=&searchValue=&streSttusCode=0&nttSn=174987&menuId=100
changed_project_latest_board_item,7,강남,강남구,대치쌍용2차아파트 주택재건축정비사업조합,공지사항,"‘정비사업 정보몽땅 활용도’ 평가, 서울시 정비사업 융자금 지원 심사 반영 안내",2025-04-09,정비사업 정보몽땅,공개자료 수 증가분의 실제 문서 제목·첨부·일자를 확인,https://cleanup.seoul.go.kr/assc/bbs-use/vscrGnrl.do?cafeId=680900000567C51&bbsSn=5277&cpage=1&searchCode=&searchValue=&streSttusCode=0&nttSn=156982&menuId=100
changed_project_latest_board_item,7,강남,강남구,대치쌍용2차아파트 주택재건축정비사업조합,공지사항,2025년 민간공사원가자문 서비스 안내,2025-03-11,정비사업 정보몽땅,공개자료 수 증가분의 실제 문서 제목·첨부·일자를 확인,https://cleanup.seoul.go.kr/assc/bbs-use/vscrGnrl.do?cafeId=680900000567C51&bbsSn=5277&cpage=1&searchCode=&searchValue=&streSttusCode=0&nttSn=156496&menuId=100
changed_project_latest_board_item,8,강남,강남구,대치쌍용1차아파트 주택재건축정비사업조합,조합입찰공고,정기총회(시공자 선정) 당일 안내 및 접수요원 채용 공고,2026-03-18,정비사업 정보몽땅,공개자료 수 증가분의 실제 문서 제목·첨부·일자를 확인,https://cleanup.seoul.go.kr/assc/bidpblanc/vscr.do?cafeId=680900000566y01&cpage=1&searchCode=&searchValue=&signguCd=&othbcListSn=1014453
changed_project_latest_board_item,8,강남,강남구,대치쌍용1차아파트 주택재건축정비사업조합,공지사항,[26/2/27 마감] 세계유산법 시행령 일부 개정령안 관련 의견제출 안내,2026-02-27,정비사업 정보몽땅,공개자료 수 증가분의 실제 문서 제목·첨부·일자를 확인,https://cleanup.seoul.go.kr/assc/bbs-use/vscrGnrl.do?cafeId=680900000566y01&bbsSn=5273&cpage=1&searchCode=&searchValue=&streSttusCode=0&nttSn=174939&menuId=100
changed_project_latest_board_item,8,강남,강남구,대치쌍용1차아파트 주택재건축정비사업조합,조합입찰공고,시공자 선정을 위한 재입찰공고,2026-01-14,정비사업 정보몽땅,공개자료 수 증가분의 실제 문서 제목·첨부·일자를 확인,https://cleanup.seoul.go.kr/assc/bidpblanc/vscr.do?cafeId=680900000566y01&cpage=1&searchCode=&searchValue=&signguCd=&othbcListSn=997408
changed_project_latest_board_item,21,잠실/송파,송파구,가락삼익맨숀아파트 재건축정비사업 조합,조합입찰공고,직원 채용공고,2026-05-26,정비사업 정보몽땅,공개자료 수 증가분의 실제 문서 제목·첨부·일자를 확인,https://cleanup.seoul.go.kr/assc/bidpblanc/vscr.do?cafeId=710900000676r36&cpage=1&searchCode=&searchValue=&signguCd=&othbcListSn=1038069
changed_project_latest_board_item,21,잠실/송파,송파구,가락삼익맨숀아파트 재건축정비사업 조합,공지사항,[26/2/27 마감] 세계유산법 시행령 일부 개정령안 관련 의견제출 안내,2026-02-27,정비사업 정보몽땅,공개자료 수 증가분의 실제 문서 제목·첨부·일자를 확인,https://cleanup.seoul.go.kr/assc/bbs-use/vscrGnrl.do?cafeId=710900000676r36&bbsSn=5737&cpage=1&searchCode=&searchValue=&streSttusCode=0&nttSn=175043&menuId=100
changed_project_latest_board_item,21,잠실/송파,송파구,가락삼익맨숀아파트 재건축정비사업 조합,조합입찰공고,건축물 해체계획서 작성·인허가 및 석면해체·제거공사 감리 용역 선정 입찰공고,2026-02-13,정비사업 정보몽땅,공개자료 수 증가분의 실제 문서 제목·첨부·일자를 확인,https://cleanup.seoul.go.kr/assc/bidpblanc/vscr.do?cafeId=710900000676r36&cpage=1&searchCode=&searchValue=&signguCd=&othbcListSn=1005882
district_notice_probe,14,강남,강남구,"개포주공6,7단지아파트 재건축정비사업조합",high confidence,개포주공6 ・7단지아파트 재건축정비사업 정비계획 변경(경미한 사항) 및 지형도면 고시,2024-04-26,강남구청 고시공고,첨부 원문을 텍스트 추출·핵심 수치 대조 체인에 연결,https://www.gangnam.go.kr/notice/view.do?not_ancmt_mgt_no=53675&mid=ID05_040201&keyfield=BNI_MAIN_TITLE&keyword=%EA%B0%9C%ED%8F%AC%EC%A3%BC%EA%B3%B56&gubunfield=01
district_notice_probe,2,강남,강남구,압구정아파트지구 특별계획구역② 재건축정비사업조합,medium confidence,도시계획시설(철도: 압구정 역 6번출입구) 변경결정 고시,2019-11-21,강남구청 고시공고,사업명·위치·면적을 대조한 뒤 고신뢰 후보로 승격 여부 판단,https://www.gangnam.go.kr/notice/view.do?not_ancmt_mgt_no=33858&mid=ID05_040201&keyfield=BNI_MAIN_TITLE&keyword=%EC%95%95%EA%B5%AC%EC%A0%95&gubunfield=01
district_notice_probe,2,강남,강남구,압구정아파트지구 특별계획구역② 재건축정비사업조합,medium confidence,서울특별시 강남구 공동주택 금연구역 지정 공고( 압구정 한양3단지),2026-04-21,강남구청 고시공고,사업명·위치·면적을 대조한 뒤 고신뢰 후보로 승격 여부 판단,https://www.gangnam.go.kr/notice/view.do?not_ancmt_mgt_no=63428&mid=ID05_040201&keyfield=BNI_MAIN_TITLE&keyword=%EC%95%95%EA%B5%AC%EC%A0%95&gubunfield=01
district_notice_probe,10,강남,강남구,압구정아파트지구 특별계획구역③ 재건축정비사업 조합,medium confidence,도시계획시설(철도: 압구정 역 6번출입구) 변경결정 고시,2019-11-21,강남구청 고시공고,사업명·위치·면적을 대조한 뒤 고신뢰 후보로 승격 여부 판단,https://www.gangnam.go.kr/notice/view.do?not_ancmt_mgt_no=33858&mid=ID05_040201&keyfield=BNI_MAIN_TITLE&keyword=%EC%95%95%EA%B5%AC%EC%A0%95&gubunfield=01
district_notice_probe,10,강남,강남구,압구정아파트지구 특별계획구역③ 재건축정비사업 조합,medium confidence,서울특별시 강남구 공동주택 금연구역 지정 공고( 압구정 한양3단지),2026-04-21,강남구청 고시공고,사업명·위치·면적을 대조한 뒤 고신뢰 후보로 승격 여부 판단,https://www.gangnam.go.kr/notice/view.do?not_ancmt_mgt_no=63428&mid=ID05_040201&keyfield=BNI_MAIN_TITLE&keyword=%EC%95%95%EA%B5%AC%EC%A0%95&gubunfield=01
district_notice_probe,11,강남,강남구,압구정아파트지구 특별계획구역4,medium confidence,도시계획시설(철도: 압구정 역 6번출입구) 변경결정 고시,2019-11-21,강남구청 고시공고,사업명·위치·면적을 대조한 뒤 고신뢰 후보로 승격 여부 판단,https://www.gangnam.go.kr/notice/view.do?not_ancmt_mgt_no=33858&mid=ID05_040201&keyfield=BNI_MAIN_TITLE&keyword=%EC%95%95%EA%B5%AC%EC%A0%95&gubunfield=01
district_notice_probe,11,강남,강남구,압구정아파트지구 특별계획구역4,medium confidence,서울특별시 강남구 공동주택 금연구역 지정 공고( 압구정 한양3단지),2026-04-21,강남구청 고시공고,사업명·위치·면적을 대조한 뒤 고신뢰 후보로 승격 여부 판단,https://www.gangnam.go.kr/notice/view.do?not_ancmt_mgt_no=63428&mid=ID05_040201&keyfield=BNI_MAIN_TITLE&keyword=%EC%95%95%EA%B5%AC%EC%A0%95&gubunfield=01
district_notice_probe,12,강남,강남구,압구정아파트지구 특별계획구역5 재건축정비사업조합,medium confidence,도시계획시설(철도: 압구정 역 6번출입구) 변경결정 고시,2019-11-21,강남구청 고시공고,사업명·위치·면적을 대조한 뒤 고신뢰 후보로 승격 여부 판단,https://www.gangnam.go.kr/notice/view.do?not_ancmt_mgt_no=33858&mid=ID05_040201&keyfield=BNI_MAIN_TITLE&keyword=%EC%95%95%EA%B5%AC%EC%A0%95&gubunfield=01
district_notice_probe,12,강남,강남구,압구정아파트지구 특별계획구역5 재건축정비사업조합,medium confidence,서울특별시 강남구 공동주택 금연구역 지정 공고( 압구정 한양3단지),2026-04-21,강남구청 고시공고,사업명·위치·면적을 대조한 뒤 고신뢰 후보로 승격 여부 판단,https://www.gangnam.go.kr/notice/view.do?not_ancmt_mgt_no=63428&mid=ID05_040201&keyfield=BNI_MAIN_TITLE&keyword=%EC%95%95%EA%B5%AC%EC%A0%95&gubunfield=01
district_notice_probe,14,강남,강남구,"개포주공6,7단지아파트 재건축정비사업조합",medium confidence,개포주공 5단지 재건축정비사업 관리처분계획인가 고시,2025-10-02,강남구청 고시공고,사업명·위치·면적을 대조한 뒤 고신뢰 후보로 승격 여부 판단,https://www.gangnam.go.kr/notice/view.do?not_ancmt_mgt_no=60602&mid=ID05_040201&keyfield=BNI_MAIN_TITLE&keyword=%EA%B0%9C%ED%8F%AC%EC%A3%BC%EA%B3%B5&gubunfield=01
