result_id,rank,focus_area,project_name,current_stage,catalyst_name,impact_level,gate_status,signal_class,trigger_priority,hypothesis_status,current_decision_rule,required_before_promotion,first_sources,affected_outputs,action_boundary,project_note
ctx-20260623-0001,9,잠실/송파,잠실우성4차 주택재건축정비사업조합,관리처분인가,잠실 MICE·국제교류복합지구,context_watch_only,hold_context_only,공식 회신 선행,486.6,즉시 감시 가설,"리스크 원문을 먼저 닫고, 비용·기반시설·일정 리스크가 해소될 때만 장기 관찰 등급을 유지한다.",담당부서 회신 또는 정보공개 회신에 자료명·기준일·원문 URL/첨부명이 포함; 국제교류복합지구/잠실 MICE 관련 고시·계획·교통대책·심의/결재문서; 사업별 메모와 비교표 재생성 후 가설 장부 변화 확인,analysis/high-blocking-filing-checklist.md; data/review/high-blocking-source-response-intake.json; 사업시행계획서/관리처분계획서/최신 변경고시로 수치 시점 확정; project-notes/09-tw2w7iwv.md; analysis/management-stage-value-resolution.md,project-notes/09-tw2w7iwv.md; analysis/research-hypothesis-ledger.md; analysis/project-comparison-matrix.md; analysis/reassessment-watchlist.md; analysis/research-completion-cockpit.md,공식 context 신호로만 보관. 고시·계획·교통대책 원문 연결 전까지 단계·수치·가설 승격 금지.,project-notes/09-tw2w7iwv.md
ctx-20260623-0002,9,잠실/송파,잠실우성4차 주택재건축정비사업조합,관리처분인가,잠실 MICE·국제교류복합지구,context_watch_only,hold_context_only,공식 회신 선행,486.6,즉시 감시 가설,"리스크 원문을 먼저 닫고, 비용·기반시설·일정 리스크가 해소될 때만 장기 관찰 등급을 유지한다.",담당부서 회신 또는 정보공개 회신에 자료명·기준일·원문 URL/첨부명이 포함; 국제교류복합지구/잠실 MICE 관련 고시·계획·교통대책·심의/결재문서; 사업별 메모와 비교표 재생성 후 가설 장부 변화 확인,analysis/high-blocking-filing-checklist.md; data/review/high-blocking-source-response-intake.json; 사업시행계획서/관리처분계획서/최신 변경고시로 수치 시점 확정; project-notes/09-tw2w7iwv.md; analysis/management-stage-value-resolution.md,project-notes/09-tw2w7iwv.md; analysis/research-hypothesis-ledger.md; analysis/project-comparison-matrix.md; analysis/reassessment-watchlist.md; analysis/research-completion-cockpit.md,공식 context 신호로만 보관. 고시·계획·교통대책 원문 연결 전까지 단계·수치·가설 승격 금지.,project-notes/09-tw2w7iwv.md
ctx-20260624-0001,9,잠실/송파,잠실우성4차 주택재건축정비사업조합,관리처분인가,잠실 MICE·국제교류복합지구,promotion_review,needs_value_crosscheck,공식 회신 선행,486.6,즉시 감시 가설,"리스크 원문을 먼저 닫고, 비용·기반시설·일정 리스크가 해소될 때만 장기 관찰 등급을 유지한다.",담당부서 회신 또는 정보공개 회신에 자료명·기준일·원문 URL/첨부명이 포함; 국제교류복합지구/잠실 MICE 관련 고시·계획·교통대책·심의/결재문서; 사업별 메모와 비교표 재생성 후 가설 장부 변화 확인,analysis/high-blocking-filing-checklist.md; data/review/high-blocking-source-response-intake.json; 사업시행계획서/관리처분계획서/최신 변경고시로 수치 시점 확정; project-notes/09-tw2w7iwv.md; analysis/management-stage-value-resolution.md,project-notes/09-tw2w7iwv.md; analysis/research-hypothesis-ledger.md; analysis/project-comparison-matrix.md; analysis/reassessment-watchlist.md; analysis/research-completion-cockpit.md,원문/첨부/로컬 텍스트를 대조한 뒤에만 가설·비교표 승격 검토.,project-notes/09-tw2w7iwv.md
ctx-20260623-0003,15,강남,압구정한양7차아파트 재건축정비사업조합,조합설립인가,압구정·한강변관리·경관/높이/공공기여,context_watch_only,hold_context_only,원문 보강 우선,424.7,원문 병목 가설,"원문 또는 공식 회신 전에는 확정 가설로 승격하지 않고, 확인 후 점수·메모·클로저 장부를 함께 갱신한다.","고시번호·고시일·원문 URL 또는 로컬 원문 텍스트 연결; 한강변관리·경관·높이·공공기여 조건, 정비계획 변경, 지구단위계획 결정 원문; 사업별 메모와 비교표 재생성 후 가설 장부 변화 확인","presentSn 후보는 보조로 두고, direct 고시·정보몽땅 연결 또는 추가 공식 링크로 current business 여부 확인; project-notes/15-hanyang7.md; analysis/source-link-repair-candidates.md; data/cleanup/project-summaries-priority-candidates.json; https://cleanup.seoul.go.kr/cafe/mastr-cleanup-bsnsSumry/execute.do?cafeId=680100003000s45&stepSeCode=102&div=sumry",project-notes/15-hanyang7.md; analysis/research-hypothesis-ledger.md; analysis/project-comparison-matrix.md; analysis/reassessment-watchlist.md; analysis/fieldwork-observation-notebook.md,공식 context 신호로만 보관. 고시·계획·교통대책 원문 연결 전까지 단계·수치·가설 승격 금지.,project-notes/15-hanyang7.md
ctx-20260623-0006,15,강남,압구정한양7차아파트 재건축정비사업조합,조합설립인가,압구정·한강변관리·경관/높이/공공기여,no_change,hold_no_change,원문 보강 우선,424.7,원문 병목 가설,"원문 또는 공식 회신 전에는 확정 가설로 승격하지 않고, 확인 후 점수·메모·클로저 장부를 함께 갱신한다.","고시번호·고시일·원문 URL 또는 로컬 원문 텍스트 연결; 한강변관리·경관·높이·공공기여 조건, 정비계획 변경, 지구단위계획 결정 원문; 사업별 메모와 비교표 재생성 후 가설 장부 변화 확인","presentSn 후보는 보조로 두고, direct 고시·정보몽땅 연결 또는 추가 공식 링크로 current business 여부 확인; project-notes/15-hanyang7.md; analysis/source-link-repair-candidates.md; data/cleanup/project-summaries-priority-candidates.json; https://cleanup.seoul.go.kr/cafe/mastr-cleanup-bsnsSumry/execute.do?cafeId=680100003000s45&stepSeCode=102&div=sumry",project-notes/15-hanyang7.md; analysis/research-hypothesis-ledger.md; analysis/project-comparison-matrix.md; analysis/reassessment-watchlist.md; analysis/fieldwork-observation-notebook.md,검색 결과 없음. 결론·가설·점수 변경 없음.,project-notes/15-hanyang7.md
ctx-20260623-0007,15,강남,압구정한양7차아파트 재건축정비사업조합,조합설립인가,압구정·한강변관리·경관/높이/공공기여,promotion_review,needs_value_crosscheck,원문 보강 우선,424.7,원문 병목 가설,"원문 또는 공식 회신 전에는 확정 가설로 승격하지 않고, 확인 후 점수·메모·클로저 장부를 함께 갱신한다.","고시번호·고시일·원문 URL 또는 로컬 원문 텍스트 연결; 한강변관리·경관·높이·공공기여 조건, 정비계획 변경, 지구단위계획 결정 원문; 사업별 메모와 비교표 재생성 후 가설 장부 변화 확인","presentSn 후보는 보조로 두고, direct 고시·정보몽땅 연결 또는 추가 공식 링크로 current business 여부 확인; project-notes/15-hanyang7.md; analysis/source-link-repair-candidates.md; data/cleanup/project-summaries-priority-candidates.json; https://cleanup.seoul.go.kr/cafe/mastr-cleanup-bsnsSumry/execute.do?cafeId=680100003000s45&stepSeCode=102&div=sumry",project-notes/15-hanyang7.md; analysis/research-hypothesis-ledger.md; analysis/project-comparison-matrix.md; analysis/reassessment-watchlist.md; analysis/fieldwork-observation-notebook.md,원문/첨부/로컬 텍스트를 대조한 뒤에만 가설·비교표 승격 검토.,project-notes/15-hanyang7.md
ctx-20260623-0003,12,강남,압구정아파트지구 특별계획구역5 재건축정비사업조합,조합설립인가,압구정·한강변관리·경관/높이/공공기여,context_watch_only,hold_context_only,원문 보강 우선,422.9,원문 병목 가설,"원문 또는 공식 회신 전에는 확정 가설로 승격하지 않고, 확인 후 점수·메모·클로저 장부를 함께 갱신한다.","고시번호·고시일·원문 URL 또는 로컬 원문 텍스트 연결; 한강변관리·경관·높이·공공기여 조건, 정비계획 변경, 지구단위계획 결정 원문; 사업별 메모와 비교표 재생성 후 가설 장부 변화 확인",서울도시공간포털 지도 팝업에서 recordCode와 구역명 재확인; project-notes/12-apgujeong5.md; data/urban/text/files/12-11000NTC202312010004-12-11000NTC202312010004-notice_file-서울특별시_제2023-516호_고시.txt; analysis/update-impact-ledger.md; analysis/recordcode-dead-end-audit.md,project-notes/12-apgujeong5.md; analysis/research-hypothesis-ledger.md; analysis/project-comparison-matrix.md; analysis/reassessment-watchlist.md; analysis/fieldwork-observation-notebook.md,공식 context 신호로만 보관. 고시·계획·교통대책 원문 연결 전까지 단계·수치·가설 승격 금지.,project-notes/12-apgujeong5.md
ctx-20260623-0006,12,강남,압구정아파트지구 특별계획구역5 재건축정비사업조합,조합설립인가,압구정·한강변관리·경관/높이/공공기여,no_change,hold_no_change,원문 보강 우선,422.9,원문 병목 가설,"원문 또는 공식 회신 전에는 확정 가설로 승격하지 않고, 확인 후 점수·메모·클로저 장부를 함께 갱신한다.","고시번호·고시일·원문 URL 또는 로컬 원문 텍스트 연결; 한강변관리·경관·높이·공공기여 조건, 정비계획 변경, 지구단위계획 결정 원문; 사업별 메모와 비교표 재생성 후 가설 장부 변화 확인",서울도시공간포털 지도 팝업에서 recordCode와 구역명 재확인; project-notes/12-apgujeong5.md; data/urban/text/files/12-11000NTC202312010004-12-11000NTC202312010004-notice_file-서울특별시_제2023-516호_고시.txt; analysis/update-impact-ledger.md; analysis/recordcode-dead-end-audit.md,project-notes/12-apgujeong5.md; analysis/research-hypothesis-ledger.md; analysis/project-comparison-matrix.md; analysis/reassessment-watchlist.md; analysis/fieldwork-observation-notebook.md,검색 결과 없음. 결론·가설·점수 변경 없음.,project-notes/12-apgujeong5.md
ctx-20260623-0007,12,강남,압구정아파트지구 특별계획구역5 재건축정비사업조합,조합설립인가,압구정·한강변관리·경관/높이/공공기여,promotion_review,needs_value_crosscheck,원문 보강 우선,422.9,원문 병목 가설,"원문 또는 공식 회신 전에는 확정 가설로 승격하지 않고, 확인 후 점수·메모·클로저 장부를 함께 갱신한다.","고시번호·고시일·원문 URL 또는 로컬 원문 텍스트 연결; 한강변관리·경관·높이·공공기여 조건, 정비계획 변경, 지구단위계획 결정 원문; 사업별 메모와 비교표 재생성 후 가설 장부 변화 확인",서울도시공간포털 지도 팝업에서 recordCode와 구역명 재확인; project-notes/12-apgujeong5.md; data/urban/text/files/12-11000NTC202312010004-12-11000NTC202312010004-notice_file-서울특별시_제2023-516호_고시.txt; analysis/update-impact-ledger.md; analysis/recordcode-dead-end-audit.md,project-notes/12-apgujeong5.md; analysis/research-hypothesis-ledger.md; analysis/project-comparison-matrix.md; analysis/reassessment-watchlist.md; analysis/fieldwork-observation-notebook.md,원문/첨부/로컬 텍스트를 대조한 뒤에만 가설·비교표 승격 검토.,project-notes/12-apgujeong5.md
ctx-20260623-0001,1,잠실/송파,잠실5단지아파트 주택재건축정비사업조합,조합설립인가,잠실 MICE·국제교류복합지구,context_watch_only,hold_context_only,가설 재평가,421,즉시 감시 가설,"리스크 원문을 먼저 닫고, 비용·기반시설·일정 리스크가 해소될 때만 장기 관찰 등급을 유지한다.",국제교류복합지구/잠실 MICE 관련 고시·계획·교통대책·심의/결재문서; 사업별 메모와 비교표 재생성 후 가설 장부 변화 확인,analysis/jamsil5-s1-public-item-fact-check.md; 원문 스니펫을 읽고 확정 수치/조건으로 승격; project-notes/01-jamsil5apt.md; data/urban/text/files/01-11710NTC202409230003-01-11710NTC202409230003-notice_file-서울특별시_제2024-432호_고시.txt; analysis/update-impact-ledger.md,project-notes/01-jamsil5apt.md; analysis/research-hypothesis-ledger.md; analysis/project-comparison-matrix.md; analysis/reassessment-watchlist.md; analysis/fieldwork-observation-notebook.md,공식 context 신호로만 보관. 고시·계획·교통대책 원문 연결 전까지 단계·수치·가설 승격 금지.,project-notes/01-jamsil5apt.md
ctx-20260623-0002,1,잠실/송파,잠실5단지아파트 주택재건축정비사업조합,조합설립인가,잠실 MICE·국제교류복합지구,context_watch_only,hold_context_only,가설 재평가,421,즉시 감시 가설,"리스크 원문을 먼저 닫고, 비용·기반시설·일정 리스크가 해소될 때만 장기 관찰 등급을 유지한다.",국제교류복합지구/잠실 MICE 관련 고시·계획·교통대책·심의/결재문서; 사업별 메모와 비교표 재생성 후 가설 장부 변화 확인,analysis/jamsil5-s1-public-item-fact-check.md; 원문 스니펫을 읽고 확정 수치/조건으로 승격; project-notes/01-jamsil5apt.md; data/urban/text/files/01-11710NTC202409230003-01-11710NTC202409230003-notice_file-서울특별시_제2024-432호_고시.txt; analysis/update-impact-ledger.md,project-notes/01-jamsil5apt.md; analysis/research-hypothesis-ledger.md; analysis/project-comparison-matrix.md; analysis/reassessment-watchlist.md; analysis/fieldwork-observation-notebook.md,공식 context 신호로만 보관. 고시·계획·교통대책 원문 연결 전까지 단계·수치·가설 승격 금지.,project-notes/01-jamsil5apt.md
ctx-20260624-0001,1,잠실/송파,잠실5단지아파트 주택재건축정비사업조합,조합설립인가,잠실 MICE·국제교류복합지구,promotion_review,needs_value_crosscheck,가설 재평가,421,즉시 감시 가설,"리스크 원문을 먼저 닫고, 비용·기반시설·일정 리스크가 해소될 때만 장기 관찰 등급을 유지한다.",국제교류복합지구/잠실 MICE 관련 고시·계획·교통대책·심의/결재문서; 사업별 메모와 비교표 재생성 후 가설 장부 변화 확인,analysis/jamsil5-s1-public-item-fact-check.md; 원문 스니펫을 읽고 확정 수치/조건으로 승격; project-notes/01-jamsil5apt.md; data/urban/text/files/01-11710NTC202409230003-01-11710NTC202409230003-notice_file-서울특별시_제2024-432호_고시.txt; analysis/update-impact-ledger.md,project-notes/01-jamsil5apt.md; analysis/research-hypothesis-ledger.md; analysis/project-comparison-matrix.md; analysis/reassessment-watchlist.md; analysis/fieldwork-observation-notebook.md,원문/첨부/로컬 텍스트를 대조한 뒤에만 가설·비교표 승격 검토.,project-notes/01-jamsil5apt.md
ctx-20260623-0004,24,구의/광진,워커힐아파트1단지 재건축정비사업 조합설립추진위원회,추진위원회승인,동서울터미널·강변역·광역교통,context_watch_only,hold_context_only,원문 보강 우선,419.5,원문 병목 가설,"원문 또는 공식 회신 전에는 확정 가설로 승격하지 않고, 확인 후 점수·메모·클로저 장부를 함께 갱신한다.",고시번호·고시일·원문 URL 또는 로컬 원문 텍스트 연결; 동서울터미널 사전협상·도시계획·교통처리계획·결재/심의자료; 사업별 메모와 비교표 재생성 후 가설 장부 변화 확인,analysis/gwangjin-gu-notice-fact-check.md 기준으로 원문 수치·정보몽땅 단계 공개항목 대조; project-notes/24-walkerhill1.md; analysis/source-link-repair-candidates.md; data/cleanup/project-summaries-priority-candidates.json; https://cleanup.seoul.go.kr/cafe/mastr-cleanup-bsnsSumry/execute.do?cafeId=215900001363i54&stepSeCode=101&div=sumry,project-notes/24-walkerhill1.md; analysis/research-hypothesis-ledger.md; analysis/project-comparison-matrix.md; analysis/reassessment-watchlist.md; analysis/fieldwork-observation-notebook.md,공식 context 신호로만 보관. 고시·계획·교통대책 원문 연결 전까지 단계·수치·가설 승격 금지.,project-notes/24-walkerhill1.md
ctx-20260623-0005,24,구의/광진,워커힐아파트1단지 재건축정비사업 조합설립추진위원회,추진위원회승인,동서울터미널·강변역·광역교통,no_change,hold_no_change,원문 보강 우선,419.5,원문 병목 가설,"원문 또는 공식 회신 전에는 확정 가설로 승격하지 않고, 확인 후 점수·메모·클로저 장부를 함께 갱신한다.",고시번호·고시일·원문 URL 또는 로컬 원문 텍스트 연결; 동서울터미널 사전협상·도시계획·교통처리계획·결재/심의자료; 사업별 메모와 비교표 재생성 후 가설 장부 변화 확인,analysis/gwangjin-gu-notice-fact-check.md 기준으로 원문 수치·정보몽땅 단계 공개항목 대조; project-notes/24-walkerhill1.md; analysis/source-link-repair-candidates.md; data/cleanup/project-summaries-priority-candidates.json; https://cleanup.seoul.go.kr/cafe/mastr-cleanup-bsnsSumry/execute.do?cafeId=215900001363i54&stepSeCode=101&div=sumry,project-notes/24-walkerhill1.md; analysis/research-hypothesis-ledger.md; analysis/project-comparison-matrix.md; analysis/reassessment-watchlist.md; analysis/fieldwork-observation-notebook.md,검색 결과 없음. 결론·가설·점수 변경 없음.,project-notes/24-walkerhill1.md
ctx-20260623-0008,24,구의/광진,워커힐아파트1단지 재건축정비사업 조합설립추진위원회,추진위원회승인,구의·자양 2/7호선·한강 접근축,promotion_review,needs_value_crosscheck,원문 보강 우선,411.5,원문 병목 가설,"원문 또는 공식 회신 전에는 확정 가설로 승격하지 않고, 확인 후 점수·메모·클로저 장부를 함께 갱신한다.","고시번호·고시일·원문 URL 또는 로컬 원문 텍스트 연결; 정비구역계, 조합/사업시행 단계, 자치구 고시, 한강 접근·보행축 관련 계획; 사업별 메모와 비교표 재생성 후 가설 장부 변화 확인",analysis/gwangjin-gu-notice-fact-check.md 기준으로 원문 수치·정보몽땅 단계 공개항목 대조; project-notes/24-walkerhill1.md; analysis/source-link-repair-candidates.md; data/cleanup/project-summaries-priority-candidates.json; https://cleanup.seoul.go.kr/cafe/mastr-cleanup-bsnsSumry/execute.do?cafeId=215900001363i54&stepSeCode=101&div=sumry,project-notes/24-walkerhill1.md; analysis/research-hypothesis-ledger.md; analysis/project-comparison-matrix.md; analysis/reassessment-watchlist.md; analysis/fieldwork-observation-notebook.md,원문/첨부/로컬 텍스트를 대조한 뒤에만 가설·비교표 승격 검토.,project-notes/24-walkerhill1.md
ctx-20260623-0004,23,구의/광진,광장동 삼성1차아파트 소규모재건축정비사업,조합설립인가,동서울터미널·강변역·광역교통,context_watch_only,hold_context_only,공식 회신 선행,407.3,원문 병목 가설,"원문 또는 공식 회신 전에는 확정 가설로 승격하지 않고, 확인 후 점수·메모·클로저 장부를 함께 갱신한다.",담당부서 회신 또는 정보공개 회신에 자료명·기준일·원문 URL/첨부명이 포함; 고시번호·고시일·원문 URL 또는 로컬 원문 텍스트 연결; 동서울터미널 사전협상·도시계획·교통처리계획·결재/심의자료; 사업별 메모와 비교표 재생성 후 가설 장부 변화 확인,"analysis/high-blocking-filing-checklist.md; data/review/high-blocking-source-response-intake.json; 단계·동의율은 정보몽땅 공개항목으로 확인, 결정고시 recordCode 또는 자치구 고시 원문 연결; project-notes/23-j15171517.md; analysis/source-link-repair-candidates.md",project-notes/23-j15171517.md; analysis/research-hypothesis-ledger.md; analysis/project-comparison-matrix.md; analysis/reassessment-watchlist.md; analysis/research-completion-cockpit.md,공식 context 신호로만 보관. 고시·계획·교통대책 원문 연결 전까지 단계·수치·가설 승격 금지.,project-notes/23-j15171517.md
ctx-20260623-0005,23,구의/광진,광장동 삼성1차아파트 소규모재건축정비사업,조합설립인가,동서울터미널·강변역·광역교통,no_change,hold_no_change,공식 회신 선행,407.3,원문 병목 가설,"원문 또는 공식 회신 전에는 확정 가설로 승격하지 않고, 확인 후 점수·메모·클로저 장부를 함께 갱신한다.",담당부서 회신 또는 정보공개 회신에 자료명·기준일·원문 URL/첨부명이 포함; 고시번호·고시일·원문 URL 또는 로컬 원문 텍스트 연결; 동서울터미널 사전협상·도시계획·교통처리계획·결재/심의자료; 사업별 메모와 비교표 재생성 후 가설 장부 변화 확인,"analysis/high-blocking-filing-checklist.md; data/review/high-blocking-source-response-intake.json; 단계·동의율은 정보몽땅 공개항목으로 확인, 결정고시 recordCode 또는 자치구 고시 원문 연결; project-notes/23-j15171517.md; analysis/source-link-repair-candidates.md",project-notes/23-j15171517.md; analysis/research-hypothesis-ledger.md; analysis/project-comparison-matrix.md; analysis/reassessment-watchlist.md; analysis/research-completion-cockpit.md,검색 결과 없음. 결론·가설·점수 변경 없음.,project-notes/23-j15171517.md
ctx-20260623-0008,23,구의/광진,광장동 삼성1차아파트 소규모재건축정비사업,조합설립인가,구의·자양 2/7호선·한강 접근축,promotion_review,needs_value_crosscheck,공식 회신 선행,399.3,원문 병목 가설,"원문 또는 공식 회신 전에는 확정 가설로 승격하지 않고, 확인 후 점수·메모·클로저 장부를 함께 갱신한다.","담당부서 회신 또는 정보공개 회신에 자료명·기준일·원문 URL/첨부명이 포함; 고시번호·고시일·원문 URL 또는 로컬 원문 텍스트 연결; 정비구역계, 조합/사업시행 단계, 자치구 고시, 한강 접근·보행축 관련 계획; 사업별 메모와 비교표 재생성 후 가설 장부 변화 확인","analysis/high-blocking-filing-checklist.md; data/review/high-blocking-source-response-intake.json; 단계·동의율은 정보몽땅 공개항목으로 확인, 결정고시 recordCode 또는 자치구 고시 원문 연결; project-notes/23-j15171517.md; analysis/source-link-repair-candidates.md",project-notes/23-j15171517.md; analysis/research-hypothesis-ledger.md; analysis/project-comparison-matrix.md; analysis/reassessment-watchlist.md; analysis/research-completion-cockpit.md,원문/첨부/로컬 텍스트를 대조한 뒤에만 가설·비교표 승격 검토.,project-notes/23-j15171517.md
ctx-20260623-0001,5,잠실/송파,"장미1,2,3차아파트 주택재건축정비사업 조합",조합설립인가,잠실 MICE·국제교류복합지구,context_watch_only,hold_context_only,가설 재평가,395.1,즉시 감시 가설,"리스크 원문을 먼저 닫고, 비용·기반시설·일정 리스크가 해소될 때만 장기 관찰 등급을 유지한다.",국제교류복합지구/잠실 MICE 관련 고시·계획·교통대책·심의/결재문서; 사업별 메모와 비교표 재생성 후 가설 장부 변화 확인,analysis/jamsil-jangmi-s1-public-item-fact-check.md; 결정고시 recordCode 또는 인가 원문 수동 확인; project-notes/05-jmapt1.md; data/urban/text/files/05-11000NTC202505290003-05-11000NTC202505290003-notice_file-서울특별시_제2025-278호_고시.txt; analysis/songpa-notice-value-corroboration.md,project-notes/05-jmapt1.md; analysis/research-hypothesis-ledger.md; analysis/project-comparison-matrix.md; analysis/reassessment-watchlist.md; analysis/fieldwork-observation-notebook.md,공식 context 신호로만 보관. 고시·계획·교통대책 원문 연결 전까지 단계·수치·가설 승격 금지.,project-notes/05-jmapt1.md
ctx-20260623-0002,5,잠실/송파,"장미1,2,3차아파트 주택재건축정비사업 조합",조합설립인가,잠실 MICE·국제교류복합지구,context_watch_only,hold_context_only,가설 재평가,395.1,즉시 감시 가설,"리스크 원문을 먼저 닫고, 비용·기반시설·일정 리스크가 해소될 때만 장기 관찰 등급을 유지한다.",국제교류복합지구/잠실 MICE 관련 고시·계획·교통대책·심의/결재문서; 사업별 메모와 비교표 재생성 후 가설 장부 변화 확인,analysis/jamsil-jangmi-s1-public-item-fact-check.md; 결정고시 recordCode 또는 인가 원문 수동 확인; project-notes/05-jmapt1.md; data/urban/text/files/05-11000NTC202505290003-05-11000NTC202505290003-notice_file-서울특별시_제2025-278호_고시.txt; analysis/songpa-notice-value-corroboration.md,project-notes/05-jmapt1.md; analysis/research-hypothesis-ledger.md; analysis/project-comparison-matrix.md; analysis/reassessment-watchlist.md; analysis/fieldwork-observation-notebook.md,공식 context 신호로만 보관. 고시·계획·교통대책 원문 연결 전까지 단계·수치·가설 승격 금지.,project-notes/05-jmapt1.md
ctx-20260624-0001,5,잠실/송파,"장미1,2,3차아파트 주택재건축정비사업 조합",조합설립인가,잠실 MICE·국제교류복합지구,promotion_review,needs_value_crosscheck,가설 재평가,395.1,즉시 감시 가설,"리스크 원문을 먼저 닫고, 비용·기반시설·일정 리스크가 해소될 때만 장기 관찰 등급을 유지한다.",국제교류복합지구/잠실 MICE 관련 고시·계획·교통대책·심의/결재문서; 사업별 메모와 비교표 재생성 후 가설 장부 변화 확인,analysis/jamsil-jangmi-s1-public-item-fact-check.md; 결정고시 recordCode 또는 인가 원문 수동 확인; project-notes/05-jmapt1.md; data/urban/text/files/05-11000NTC202505290003-05-11000NTC202505290003-notice_file-서울특별시_제2025-278호_고시.txt; analysis/songpa-notice-value-corroboration.md,project-notes/05-jmapt1.md; analysis/research-hypothesis-ledger.md; analysis/project-comparison-matrix.md; analysis/reassessment-watchlist.md; analysis/fieldwork-observation-notebook.md,원문/첨부/로컬 텍스트를 대조한 뒤에만 가설·비교표 승격 검토.,project-notes/05-jmapt1.md
ctx-20260623-0008,29,구의/광진,자양1의4구역 가로주택정비사업,조합설립인가,구의·자양 2/7호선·한강 접근축,promotion_review,needs_value_crosscheck,원문 보강 우선,393.7,원문 병목 가설,"원문 또는 공식 회신 전에는 확정 가설로 승격하지 않고, 확인 후 점수·메모·클로저 장부를 함께 갱신한다.","고시번호·고시일·원문 URL 또는 로컬 원문 텍스트 연결; 정비구역계, 조합/사업시행 단계, 자치구 고시, 한강 접근·보행축 관련 계획; 사업별 메모와 비교표 재생성 후 가설 장부 변화 확인",analysis/gwangjin-gu-notice-fact-check.md 기준으로 원문 수치·정보몽땅 단계 공개항목 대조; project-notes/29-jayang104.md; data/urban/text/gwangjin-gu/files/29-B0000003-6357990-1-29-B0000003-6357990-gwangjin-gu-1-직인날인-조합설립-변경-인가-공고문.txt; data/urban/text/gwangjin-gu/files/29-B0000003-6353195-1-29-B0000003-6353195-gwangjin-gu-1-공람공고문-안.txt; data/urban/text/gwangjin-gu/files/29-B0000003-6353195-2-29-B0000003-6353195-gwangjin-gu-2-공람의견서.txt,project-notes/29-jayang104.md; analysis/research-hypothesis-ledger.md; analysis/project-comparison-matrix.md; analysis/reassessment-watchlist.md; analysis/fieldwork-observation-notebook.md,원문/첨부/로컬 텍스트를 대조한 뒤에만 가설·비교표 승격 검토.,project-notes/29-jayang104.md
ctx-20260623-0004,25,구의/광진,한양연립 일대 가로주택정비사업,사업시행인가,동서울터미널·강변역·광역교통,context_watch_only,hold_context_only,가설 재평가,385.4,즉시 감시 가설,"리스크 원문을 먼저 닫고, 비용·기반시설·일정 리스크가 해소될 때만 장기 관찰 등급을 유지한다.",고시번호·고시일·원문 URL 또는 로컬 원문 텍스트 연결; 동서울터미널 사전협상·도시계획·교통처리계획·결재/심의자료; 사업별 메모와 비교표 재생성 후 가설 장부 변화 확인,data/urban/text/gwangjin-hanyanggaro/25-B0000003-6209808-gwangjin-gu-hanyanggaro-schedule.txt; data/urban/text/gwangjin-hanyanggaro/25-B0000003-6213254-gwangjin-gu-hanyanggaro-safety-result.txt; project-notes/25-hanyanggaro.md; analysis/hanyanggaro-stage-source-memo.md; analysis/gwangjin-gu-notice-fact-check.md,project-notes/25-hanyanggaro.md; analysis/research-hypothesis-ledger.md; analysis/project-comparison-matrix.md; analysis/reassessment-watchlist.md; analysis/fieldwork-observation-notebook.md,공식 context 신호로만 보관. 고시·계획·교통대책 원문 연결 전까지 단계·수치·가설 승격 금지.,project-notes/25-hanyanggaro.md
ctx-20260623-0005,25,구의/광진,한양연립 일대 가로주택정비사업,사업시행인가,동서울터미널·강변역·광역교통,no_change,hold_no_change,가설 재평가,385.4,즉시 감시 가설,"리스크 원문을 먼저 닫고, 비용·기반시설·일정 리스크가 해소될 때만 장기 관찰 등급을 유지한다.",고시번호·고시일·원문 URL 또는 로컬 원문 텍스트 연결; 동서울터미널 사전협상·도시계획·교통처리계획·결재/심의자료; 사업별 메모와 비교표 재생성 후 가설 장부 변화 확인,data/urban/text/gwangjin-hanyanggaro/25-B0000003-6209808-gwangjin-gu-hanyanggaro-schedule.txt; data/urban/text/gwangjin-hanyanggaro/25-B0000003-6213254-gwangjin-gu-hanyanggaro-safety-result.txt; project-notes/25-hanyanggaro.md; analysis/hanyanggaro-stage-source-memo.md; analysis/gwangjin-gu-notice-fact-check.md,project-notes/25-hanyanggaro.md; analysis/research-hypothesis-ledger.md; analysis/project-comparison-matrix.md; analysis/reassessment-watchlist.md; analysis/fieldwork-observation-notebook.md,검색 결과 없음. 결론·가설·점수 변경 없음.,project-notes/25-hanyanggaro.md
ctx-20260623-0003,11,강남,압구정아파트지구 특별계획구역4,조합설립인가,압구정·한강변관리·경관/높이/공공기여,context_watch_only,hold_context_only,원문 보강 우선,381.9,원문 병목 가설,"원문 또는 공식 회신 전에는 확정 가설로 승격하지 않고, 확인 후 점수·메모·클로저 장부를 함께 갱신한다.","고시번호·고시일·원문 URL 또는 로컬 원문 텍스트 연결; 한강변관리·경관·높이·공공기여 조건, 정비계획 변경, 지구단위계획 결정 원문; 사업별 메모와 비교표 재생성 후 가설 장부 변화 확인",analysis/apgujeong4-s1-public-item-fact-check.md; 서울도시공간포털 지도 팝업에서 recordCode와 구역명 재확인; project-notes/11-apgujeong4.md; data/urban/text/files/11-11000NTC202312010004-11-11000NTC202312010004-notice_file-서울특별시_제2023-516호_고시.txt; analysis/update-impact-ledger.md,project-notes/11-apgujeong4.md; analysis/research-hypothesis-ledger.md; analysis/project-comparison-matrix.md; analysis/reassessment-watchlist.md; analysis/fieldwork-observation-notebook.md,공식 context 신호로만 보관. 고시·계획·교통대책 원문 연결 전까지 단계·수치·가설 승격 금지.,project-notes/11-apgujeong4.md
ctx-20260623-0006,11,강남,압구정아파트지구 특별계획구역4,조합설립인가,압구정·한강변관리·경관/높이/공공기여,no_change,hold_no_change,원문 보강 우선,381.9,원문 병목 가설,"원문 또는 공식 회신 전에는 확정 가설로 승격하지 않고, 확인 후 점수·메모·클로저 장부를 함께 갱신한다.","고시번호·고시일·원문 URL 또는 로컬 원문 텍스트 연결; 한강변관리·경관·높이·공공기여 조건, 정비계획 변경, 지구단위계획 결정 원문; 사업별 메모와 비교표 재생성 후 가설 장부 변화 확인",analysis/apgujeong4-s1-public-item-fact-check.md; 서울도시공간포털 지도 팝업에서 recordCode와 구역명 재확인; project-notes/11-apgujeong4.md; data/urban/text/files/11-11000NTC202312010004-11-11000NTC202312010004-notice_file-서울특별시_제2023-516호_고시.txt; analysis/update-impact-ledger.md,project-notes/11-apgujeong4.md; analysis/research-hypothesis-ledger.md; analysis/project-comparison-matrix.md; analysis/reassessment-watchlist.md; analysis/fieldwork-observation-notebook.md,검색 결과 없음. 결론·가설·점수 변경 없음.,project-notes/11-apgujeong4.md
ctx-20260623-0007,11,강남,압구정아파트지구 특별계획구역4,조합설립인가,압구정·한강변관리·경관/높이/공공기여,promotion_review,needs_value_crosscheck,원문 보강 우선,381.9,원문 병목 가설,"원문 또는 공식 회신 전에는 확정 가설로 승격하지 않고, 확인 후 점수·메모·클로저 장부를 함께 갱신한다.","고시번호·고시일·원문 URL 또는 로컬 원문 텍스트 연결; 한강변관리·경관·높이·공공기여 조건, 정비계획 변경, 지구단위계획 결정 원문; 사업별 메모와 비교표 재생성 후 가설 장부 변화 확인",analysis/apgujeong4-s1-public-item-fact-check.md; 서울도시공간포털 지도 팝업에서 recordCode와 구역명 재확인; project-notes/11-apgujeong4.md; data/urban/text/files/11-11000NTC202312010004-11-11000NTC202312010004-notice_file-서울특별시_제2023-516호_고시.txt; analysis/update-impact-ledger.md,project-notes/11-apgujeong4.md; analysis/research-hypothesis-ledger.md; analysis/project-comparison-matrix.md; analysis/reassessment-watchlist.md; analysis/fieldwork-observation-notebook.md,원문/첨부/로컬 텍스트를 대조한 뒤에만 가설·비교표 승격 검토.,project-notes/11-apgujeong4.md
ctx-20260623-0008,25,구의/광진,한양연립 일대 가로주택정비사업,사업시행인가,구의·자양 2/7호선·한강 접근축,promotion_review,needs_value_crosscheck,가설 재평가,377.4,즉시 감시 가설,"리스크 원문을 먼저 닫고, 비용·기반시설·일정 리스크가 해소될 때만 장기 관찰 등급을 유지한다.","고시번호·고시일·원문 URL 또는 로컬 원문 텍스트 연결; 정비구역계, 조합/사업시행 단계, 자치구 고시, 한강 접근·보행축 관련 계획; 사업별 메모와 비교표 재생성 후 가설 장부 변화 확인",data/urban/text/gwangjin-hanyanggaro/25-B0000003-6209808-gwangjin-gu-hanyanggaro-schedule.txt; data/urban/text/gwangjin-hanyanggaro/25-B0000003-6213254-gwangjin-gu-hanyanggaro-safety-result.txt; project-notes/25-hanyanggaro.md; analysis/hanyanggaro-stage-source-memo.md; analysis/gwangjin-gu-notice-fact-check.md,project-notes/25-hanyanggaro.md; analysis/research-hypothesis-ledger.md; analysis/project-comparison-matrix.md; analysis/reassessment-watchlist.md; analysis/fieldwork-observation-notebook.md,원문/첨부/로컬 텍스트를 대조한 뒤에만 가설·비교표 승격 검토.,project-notes/25-hanyanggaro.md
ctx-20260623-0008,28,구의/광진,자양번영로3나길 일대 가로주택정비사업,조합설립인가,구의·자양 2/7호선·한강 접근축,promotion_review,needs_value_crosscheck,공식 회신 선행,371.5,원문 병목 가설,"원문 또는 공식 회신 전에는 확정 가설로 승격하지 않고, 확인 후 점수·메모·클로저 장부를 함께 갱신한다.","담당부서 회신 또는 정보공개 회신에 자료명·기준일·원문 URL/첨부명이 포함; 고시번호·고시일·원문 URL 또는 로컬 원문 텍스트 연결; 정비구역계, 조합/사업시행 단계, 자치구 고시, 한강 접근·보행축 관련 계획; 사업별 메모와 비교표 재생성 후 가설 장부 변화 확인","analysis/high-blocking-filing-checklist.md; data/review/high-blocking-source-response-intake.json; 단계·동의율은 정보몽땅 공개항목으로 확인, 결정고시 recordCode 또는 자치구 고시 원문 연결; project-notes/28-jayang588-22.md; analysis/source-link-repair-candidates.md",project-notes/28-jayang588-22.md; analysis/research-hypothesis-ledger.md; analysis/project-comparison-matrix.md; analysis/reassessment-watchlist.md; analysis/research-completion-cockpit.md,원문/첨부/로컬 텍스트를 대조한 뒤에만 가설·비교표 승격 검토.,project-notes/28-jayang588-22.md
ctx-20260623-0003,10,강남,압구정아파트지구 특별계획구역③ 재건축정비사업 조합,조합설립인가,압구정·한강변관리·경관/높이/공공기여,context_watch_only,hold_context_only,가설 재평가,364.9,즉시 감시 가설,"리스크 원문을 먼저 닫고, 비용·기반시설·일정 리스크가 해소될 때만 장기 관찰 등급을 유지한다.","한강변관리·경관·높이·공공기여 조건, 정비계획 변경, 지구단위계획 결정 원문; 사업별 메모와 비교표 재생성 후 가설 장부 변화 확인",analysis/apgujeong3-s1-public-item-fact-check.md; 서울도시공간포털 지도 팝업에서 recordCode와 구역명 재확인; project-notes/10-apgujeong3.md; data/cleanup/files/apgujeong3-official/summary-20260623.html; data/urban/text/files/10-11000NTC202312010004-10-11000NTC202312010004-notice_file-서울특별시_제2023-516호_고시.txt,project-notes/10-apgujeong3.md; analysis/research-hypothesis-ledger.md; analysis/project-comparison-matrix.md; analysis/reassessment-watchlist.md; analysis/fieldwork-observation-notebook.md,공식 context 신호로만 보관. 고시·계획·교통대책 원문 연결 전까지 단계·수치·가설 승격 금지.,project-notes/10-apgujeong3.md
ctx-20260623-0006,10,강남,압구정아파트지구 특별계획구역③ 재건축정비사업 조합,조합설립인가,압구정·한강변관리·경관/높이/공공기여,no_change,hold_no_change,가설 재평가,364.9,즉시 감시 가설,"리스크 원문을 먼저 닫고, 비용·기반시설·일정 리스크가 해소될 때만 장기 관찰 등급을 유지한다.","한강변관리·경관·높이·공공기여 조건, 정비계획 변경, 지구단위계획 결정 원문; 사업별 메모와 비교표 재생성 후 가설 장부 변화 확인",analysis/apgujeong3-s1-public-item-fact-check.md; 서울도시공간포털 지도 팝업에서 recordCode와 구역명 재확인; project-notes/10-apgujeong3.md; data/cleanup/files/apgujeong3-official/summary-20260623.html; data/urban/text/files/10-11000NTC202312010004-10-11000NTC202312010004-notice_file-서울특별시_제2023-516호_고시.txt,project-notes/10-apgujeong3.md; analysis/research-hypothesis-ledger.md; analysis/project-comparison-matrix.md; analysis/reassessment-watchlist.md; analysis/fieldwork-observation-notebook.md,검색 결과 없음. 결론·가설·점수 변경 없음.,project-notes/10-apgujeong3.md
ctx-20260623-0007,10,강남,압구정아파트지구 특별계획구역③ 재건축정비사업 조합,조합설립인가,압구정·한강변관리·경관/높이/공공기여,promotion_review,needs_value_crosscheck,가설 재평가,364.9,즉시 감시 가설,"리스크 원문을 먼저 닫고, 비용·기반시설·일정 리스크가 해소될 때만 장기 관찰 등급을 유지한다.","한강변관리·경관·높이·공공기여 조건, 정비계획 변경, 지구단위계획 결정 원문; 사업별 메모와 비교표 재생성 후 가설 장부 변화 확인",analysis/apgujeong3-s1-public-item-fact-check.md; 서울도시공간포털 지도 팝업에서 recordCode와 구역명 재확인; project-notes/10-apgujeong3.md; data/cleanup/files/apgujeong3-official/summary-20260623.html; data/urban/text/files/10-11000NTC202312010004-10-11000NTC202312010004-notice_file-서울특별시_제2023-516호_고시.txt,project-notes/10-apgujeong3.md; analysis/research-hypothesis-ledger.md; analysis/project-comparison-matrix.md; analysis/reassessment-watchlist.md; analysis/fieldwork-observation-notebook.md,원문/첨부/로컬 텍스트를 대조한 뒤에만 가설·비교표 승격 검토.,project-notes/10-apgujeong3.md
ctx-20260623-0001,3,잠실/송파,잠실우성아파트 재건축정비사업조합,조합설립인가,잠실 MICE·국제교류복합지구,context_watch_only,hold_context_only,가설 재평가,359.4,즉시 감시 가설,"리스크 원문을 먼저 닫고, 비용·기반시설·일정 리스크가 해소될 때만 장기 관찰 등급을 유지한다.",국제교류복합지구/잠실 MICE 관련 고시·계획·교통대책·심의/결재문서; 사업별 메모와 비교표 재생성 후 가설 장부 변화 확인,analysis/jamsil-woosung-s1-public-item-fact-check.md; 고시문 주택공급계획 또는 정보몽땅 사업개요 업데이트 확인; project-notes/03-q1qk5nf6.md; data/urban/text/files/03-11000NTC201512177681-03-11000NTC201512177681-notice_file-서울특별시2015-401.txt; analysis/update-impact-ledger.md,project-notes/03-q1qk5nf6.md; analysis/research-hypothesis-ledger.md; analysis/project-comparison-matrix.md; analysis/reassessment-watchlist.md; analysis/fieldwork-observation-notebook.md,공식 context 신호로만 보관. 고시·계획·교통대책 원문 연결 전까지 단계·수치·가설 승격 금지.,project-notes/03-q1qk5nf6.md
ctx-20260623-0002,3,잠실/송파,잠실우성아파트 재건축정비사업조합,조합설립인가,잠실 MICE·국제교류복합지구,context_watch_only,hold_context_only,가설 재평가,359.4,즉시 감시 가설,"리스크 원문을 먼저 닫고, 비용·기반시설·일정 리스크가 해소될 때만 장기 관찰 등급을 유지한다.",국제교류복합지구/잠실 MICE 관련 고시·계획·교통대책·심의/결재문서; 사업별 메모와 비교표 재생성 후 가설 장부 변화 확인,analysis/jamsil-woosung-s1-public-item-fact-check.md; 고시문 주택공급계획 또는 정보몽땅 사업개요 업데이트 확인; project-notes/03-q1qk5nf6.md; data/urban/text/files/03-11000NTC201512177681-03-11000NTC201512177681-notice_file-서울특별시2015-401.txt; analysis/update-impact-ledger.md,project-notes/03-q1qk5nf6.md; analysis/research-hypothesis-ledger.md; analysis/project-comparison-matrix.md; analysis/reassessment-watchlist.md; analysis/fieldwork-observation-notebook.md,공식 context 신호로만 보관. 고시·계획·교통대책 원문 연결 전까지 단계·수치·가설 승격 금지.,project-notes/03-q1qk5nf6.md
ctx-20260624-0001,3,잠실/송파,잠실우성아파트 재건축정비사업조합,조합설립인가,잠실 MICE·국제교류복합지구,promotion_review,needs_value_crosscheck,가설 재평가,359.4,즉시 감시 가설,"리스크 원문을 먼저 닫고, 비용·기반시설·일정 리스크가 해소될 때만 장기 관찰 등급을 유지한다.",국제교류복합지구/잠실 MICE 관련 고시·계획·교통대책·심의/결재문서; 사업별 메모와 비교표 재생성 후 가설 장부 변화 확인,analysis/jamsil-woosung-s1-public-item-fact-check.md; 고시문 주택공급계획 또는 정보몽땅 사업개요 업데이트 확인; project-notes/03-q1qk5nf6.md; data/urban/text/files/03-11000NTC201512177681-03-11000NTC201512177681-notice_file-서울특별시2015-401.txt; analysis/update-impact-ledger.md,project-notes/03-q1qk5nf6.md; analysis/research-hypothesis-ledger.md; analysis/project-comparison-matrix.md; analysis/reassessment-watchlist.md; analysis/fieldwork-observation-notebook.md,원문/첨부/로컬 텍스트를 대조한 뒤에만 가설·비교표 승격 검토.,project-notes/03-q1qk5nf6.md
ctx-20260623-0008,30,구의/광진,자양4동 A구역 주택재개발사업,정비구역지정,구의·자양 2/7호선·한강 접근축,promotion_review,needs_value_crosscheck,원문 보강 우선,331.9,원문 병목 가설,"원문 또는 공식 회신 전에는 확정 가설로 승격하지 않고, 확인 후 점수·메모·클로저 장부를 함께 갱신한다.","고시번호·고시일·원문 URL 또는 로컬 원문 텍스트 연결; 정비구역계, 조합/사업시행 단계, 자치구 고시, 한강 접근·보행축 관련 계획; 사업별 메모와 비교표 재생성 후 가설 장부 변화 확인",analysis/jayangdong-s1-public-item-fact-check-detailed.md; 서울도시공간포털 지도 팝업에서 recordCode와 구역명 재확인; project-notes/30-jayangdong.md; data/urban/text/files/30-11215NTC202505200003-30-11215NTC202505200003-notice_file-서울특별시_제2025-356호_고시.txt; analysis/update-impact-ledger.md,project-notes/30-jayangdong.md; analysis/research-hypothesis-ledger.md; analysis/project-comparison-matrix.md; analysis/reassessment-watchlist.md; analysis/fieldwork-observation-notebook.md,원문/첨부/로컬 텍스트를 대조한 뒤에만 가설·비교표 승격 검토.,project-notes/30-jayangdong.md
ctx-20260623-0003,2,강남,압구정아파트지구 특별계획구역② 재건축정비사업조합,조합설립인가,압구정·한강변관리·경관/높이/공공기여,context_watch_only,hold_context_only,가설 재평가,310.5,즉시 감시 가설,"리스크 원문을 먼저 닫고, 비용·기반시설·일정 리스크가 해소될 때만 장기 관찰 등급을 유지한다.","한강변관리·경관·높이·공공기여 조건, 정비계획 변경, 지구단위계획 결정 원문; 사업별 메모와 비교표 재생성 후 가설 장부 변화 확인",analysis/apgujeong2-s1-public-item-fact-check.md; 서울도시공간포털 지도 팝업에서 recordCode와 구역명 재확인; project-notes/02-apgujeong2.md; data/urban/text/files/02-11000NTC202504070006-02-11000NTC202504070006-notice_file-서울특별시_제2025-136호_고시.txt; analysis/update-impact-ledger.md,project-notes/02-apgujeong2.md; analysis/research-hypothesis-ledger.md; analysis/project-comparison-matrix.md; analysis/reassessment-watchlist.md; analysis/fieldwork-observation-notebook.md,공식 context 신호로만 보관. 고시·계획·교통대책 원문 연결 전까지 단계·수치·가설 승격 금지.,project-notes/02-apgujeong2.md
ctx-20260623-0006,2,강남,압구정아파트지구 특별계획구역② 재건축정비사업조합,조합설립인가,압구정·한강변관리·경관/높이/공공기여,no_change,hold_no_change,가설 재평가,310.5,즉시 감시 가설,"리스크 원문을 먼저 닫고, 비용·기반시설·일정 리스크가 해소될 때만 장기 관찰 등급을 유지한다.","한강변관리·경관·높이·공공기여 조건, 정비계획 변경, 지구단위계획 결정 원문; 사업별 메모와 비교표 재생성 후 가설 장부 변화 확인",analysis/apgujeong2-s1-public-item-fact-check.md; 서울도시공간포털 지도 팝업에서 recordCode와 구역명 재확인; project-notes/02-apgujeong2.md; data/urban/text/files/02-11000NTC202504070006-02-11000NTC202504070006-notice_file-서울특별시_제2025-136호_고시.txt; analysis/update-impact-ledger.md,project-notes/02-apgujeong2.md; analysis/research-hypothesis-ledger.md; analysis/project-comparison-matrix.md; analysis/reassessment-watchlist.md; analysis/fieldwork-observation-notebook.md,검색 결과 없음. 결론·가설·점수 변경 없음.,project-notes/02-apgujeong2.md
ctx-20260623-0007,2,강남,압구정아파트지구 특별계획구역② 재건축정비사업조합,조합설립인가,압구정·한강변관리·경관/높이/공공기여,promotion_review,needs_value_crosscheck,가설 재평가,310.5,즉시 감시 가설,"리스크 원문을 먼저 닫고, 비용·기반시설·일정 리스크가 해소될 때만 장기 관찰 등급을 유지한다.","한강변관리·경관·높이·공공기여 조건, 정비계획 변경, 지구단위계획 결정 원문; 사업별 메모와 비교표 재생성 후 가설 장부 변화 확인",analysis/apgujeong2-s1-public-item-fact-check.md; 서울도시공간포털 지도 팝업에서 recordCode와 구역명 재확인; project-notes/02-apgujeong2.md; data/urban/text/files/02-11000NTC202504070006-02-11000NTC202504070006-notice_file-서울특별시_제2025-136호_고시.txt; analysis/update-impact-ledger.md,project-notes/02-apgujeong2.md; analysis/research-hypothesis-ledger.md; analysis/project-comparison-matrix.md; analysis/reassessment-watchlist.md; analysis/fieldwork-observation-notebook.md,원문/첨부/로컬 텍스트를 대조한 뒤에만 가설·비교표 승격 검토.,project-notes/02-apgujeong2.md
ctx-20260623-0009,18,잠실/송파,송파미성아파트 재건축정비사업조합,조합설립인가,석촌·송파·가락 8/9호선 배후축,promotion_review,needs_value_crosscheck,원문 보강 우선,304.5,원문 병목 가설,"원문 또는 공식 회신 전에는 확정 가설로 승격하지 않고, 확인 후 점수·메모·클로저 장부를 함께 갱신한다.","고시번호·고시일·원문 URL 또는 로컬 원문 텍스트 연결; 사업시행/관리처분 원문, 8·9호선 접근/보행 환경, 송파권 고시공고; 사업별 메모와 비교표 재생성 후 가설 장부 변화 확인",결정고시 recordCode 또는 인가 원문 수동 확인; project-notes/18-songpams.md; data/urban/text/files/18-11710NTC202104230008-18-11710NTC202104230008-business-notice_file-서울특별시_2021-146호_고시.txt; data/urban/text/files/18-11710NTC202104230008-18-11710NTC202104230008-notice_file-서울특별시_2021-146호_고시.txt; analysis/update-impact-ledger.md,project-notes/18-songpams.md; analysis/research-hypothesis-ledger.md; analysis/project-comparison-matrix.md; analysis/reassessment-watchlist.md; analysis/public-development-catalyst-map.md,원문/첨부/로컬 텍스트를 대조한 뒤에만 가설·비교표 승격 검토.,project-notes/18-songpams.md
ctx-20260623-0004,27,구의/광진,광장극동아파트 재건축사업 (신속통합기획),정비구역지정,동서울터미널·강변역·광역교통,context_watch_only,hold_context_only,리스크 재점검,287.3,즉시 감시 가설,"리스크 원문을 먼저 닫고, 비용·기반시설·일정 리스크가 해소될 때만 장기 관찰 등급을 유지한다.",고시번호·고시일·원문 URL 또는 로컬 원문 텍스트 연결; 동서울터미널 사전협상·도시계획·교통처리계획·결재/심의자료; 사업별 메모와 비교표 재생성 후 가설 장부 변화 확인,analysis/seoul-sibo-original-notice-fact-check.md 기준으로 본고시 수치와 재공람·정정고시 수치 대조; project-notes/27-kukdong-reborn.md; data/urban/text/gwangjin-gu/files/27-B0000003-6410141-1-27-B0000003-6410141-gwangjin-gu-1-공고문_정정.txt; data/urban/text/gwangjin-gu/files/27-B0000378-15811-1-27-B0000378-15811-gwangjin-gu-1-1-재공람공고문_광장극동아파트-재건축사업.txt; data/urban/text/gwangjin-gu/files/27-B0000378-15811-2-27-B0000378-15811-gwangjin-gu-2-2-재공람의견서_광장극동아파트-재건축사업.txt,project-notes/27-kukdong-reborn.md; analysis/research-hypothesis-ledger.md; analysis/project-comparison-matrix.md; analysis/reassessment-watchlist.md; analysis/fieldwork-observation-notebook.md,공식 context 신호로만 보관. 고시·계획·교통대책 원문 연결 전까지 단계·수치·가설 승격 금지.,project-notes/27-kukdong-reborn.md
ctx-20260623-0005,27,구의/광진,광장극동아파트 재건축사업 (신속통합기획),정비구역지정,동서울터미널·강변역·광역교통,no_change,hold_no_change,리스크 재점검,287.3,즉시 감시 가설,"리스크 원문을 먼저 닫고, 비용·기반시설·일정 리스크가 해소될 때만 장기 관찰 등급을 유지한다.",고시번호·고시일·원문 URL 또는 로컬 원문 텍스트 연결; 동서울터미널 사전협상·도시계획·교통처리계획·결재/심의자료; 사업별 메모와 비교표 재생성 후 가설 장부 변화 확인,analysis/seoul-sibo-original-notice-fact-check.md 기준으로 본고시 수치와 재공람·정정고시 수치 대조; project-notes/27-kukdong-reborn.md; data/urban/text/gwangjin-gu/files/27-B0000003-6410141-1-27-B0000003-6410141-gwangjin-gu-1-공고문_정정.txt; data/urban/text/gwangjin-gu/files/27-B0000378-15811-1-27-B0000378-15811-gwangjin-gu-1-1-재공람공고문_광장극동아파트-재건축사업.txt; data/urban/text/gwangjin-gu/files/27-B0000378-15811-2-27-B0000378-15811-gwangjin-gu-2-2-재공람의견서_광장극동아파트-재건축사업.txt,project-notes/27-kukdong-reborn.md; analysis/research-hypothesis-ledger.md; analysis/project-comparison-matrix.md; analysis/reassessment-watchlist.md; analysis/fieldwork-observation-notebook.md,검색 결과 없음. 결론·가설·점수 변경 없음.,project-notes/27-kukdong-reborn.md
ctx-20260623-0008,27,구의/광진,광장극동아파트 재건축사업 (신속통합기획),정비구역지정,구의·자양 2/7호선·한강 접근축,promotion_review,needs_value_crosscheck,리스크 재점검,279.3,즉시 감시 가설,"리스크 원문을 먼저 닫고, 비용·기반시설·일정 리스크가 해소될 때만 장기 관찰 등급을 유지한다.","고시번호·고시일·원문 URL 또는 로컬 원문 텍스트 연결; 정비구역계, 조합/사업시행 단계, 자치구 고시, 한강 접근·보행축 관련 계획; 사업별 메모와 비교표 재생성 후 가설 장부 변화 확인",analysis/seoul-sibo-original-notice-fact-check.md 기준으로 본고시 수치와 재공람·정정고시 수치 대조; project-notes/27-kukdong-reborn.md; data/urban/text/gwangjin-gu/files/27-B0000003-6410141-1-27-B0000003-6410141-gwangjin-gu-1-공고문_정정.txt; data/urban/text/gwangjin-gu/files/27-B0000378-15811-1-27-B0000378-15811-gwangjin-gu-1-1-재공람공고문_광장극동아파트-재건축사업.txt; data/urban/text/gwangjin-gu/files/27-B0000378-15811-2-27-B0000378-15811-gwangjin-gu-2-2-재공람의견서_광장극동아파트-재건축사업.txt,project-notes/27-kukdong-reborn.md; analysis/research-hypothesis-ledger.md; analysis/project-comparison-matrix.md; analysis/reassessment-watchlist.md; analysis/fieldwork-observation-notebook.md,원문/첨부/로컬 텍스트를 대조한 뒤에만 가설·비교표 승격 검토.,project-notes/27-kukdong-reborn.md
ctx-20260623-0001,19,잠실/송파,대림가락아파트 재건축정비사업조합,조합설립인가,잠실 MICE·국제교류복합지구,context_watch_only,hold_context_only,리스크 재점검,274.4,즉시 감시 가설,"리스크 원문을 먼저 닫고, 비용·기반시설·일정 리스크가 해소될 때만 장기 관찰 등급을 유지한다.",고시번호·고시일·원문 URL 또는 로컬 원문 텍스트 연결; 국제교류복합지구/잠실 MICE 관련 고시·계획·교통대책·심의/결재문서; 사업별 메모와 비교표 재생성 후 가설 장부 변화 확인,OCR 텍스트 스니펫을 원문 이미지와 대조해 확정 수치 승격; project-notes/19-daelim.md; data/urban/text/files/19-11000NTC202111260001-19-11000NTC202111260001-notice_file-서울특별시_2021-551호_고시.txt; analysis/update-impact-ledger.md; analysis/recordcode-dead-end-audit.md,project-notes/19-daelim.md; analysis/research-hypothesis-ledger.md; analysis/project-comparison-matrix.md; analysis/reassessment-watchlist.md; analysis/fieldwork-observation-notebook.md,공식 context 신호로만 보관. 고시·계획·교통대책 원문 연결 전까지 단계·수치·가설 승격 금지.,project-notes/19-daelim.md
ctx-20260623-0002,19,잠실/송파,대림가락아파트 재건축정비사업조합,조합설립인가,잠실 MICE·국제교류복합지구,context_watch_only,hold_context_only,리스크 재점검,274.4,즉시 감시 가설,"리스크 원문을 먼저 닫고, 비용·기반시설·일정 리스크가 해소될 때만 장기 관찰 등급을 유지한다.",고시번호·고시일·원문 URL 또는 로컬 원문 텍스트 연결; 국제교류복합지구/잠실 MICE 관련 고시·계획·교통대책·심의/결재문서; 사업별 메모와 비교표 재생성 후 가설 장부 변화 확인,OCR 텍스트 스니펫을 원문 이미지와 대조해 확정 수치 승격; project-notes/19-daelim.md; data/urban/text/files/19-11000NTC202111260001-19-11000NTC202111260001-notice_file-서울특별시_2021-551호_고시.txt; analysis/update-impact-ledger.md; analysis/recordcode-dead-end-audit.md,project-notes/19-daelim.md; analysis/research-hypothesis-ledger.md; analysis/project-comparison-matrix.md; analysis/reassessment-watchlist.md; analysis/fieldwork-observation-notebook.md,공식 context 신호로만 보관. 고시·계획·교통대책 원문 연결 전까지 단계·수치·가설 승격 금지.,project-notes/19-daelim.md
ctx-20260624-0001,19,잠실/송파,대림가락아파트 재건축정비사업조합,조합설립인가,잠실 MICE·국제교류복합지구,promotion_review,needs_value_crosscheck,리스크 재점검,274.4,즉시 감시 가설,"리스크 원문을 먼저 닫고, 비용·기반시설·일정 리스크가 해소될 때만 장기 관찰 등급을 유지한다.",고시번호·고시일·원문 URL 또는 로컬 원문 텍스트 연결; 국제교류복합지구/잠실 MICE 관련 고시·계획·교통대책·심의/결재문서; 사업별 메모와 비교표 재생성 후 가설 장부 변화 확인,OCR 텍스트 스니펫을 원문 이미지와 대조해 확정 수치 승격; project-notes/19-daelim.md; data/urban/text/files/19-11000NTC202111260001-19-11000NTC202111260001-notice_file-서울특별시_2021-551호_고시.txt; analysis/update-impact-ledger.md; analysis/recordcode-dead-end-audit.md,project-notes/19-daelim.md; analysis/research-hypothesis-ledger.md; analysis/project-comparison-matrix.md; analysis/reassessment-watchlist.md; analysis/fieldwork-observation-notebook.md,원문/첨부/로컬 텍스트를 대조한 뒤에만 가설·비교표 승격 검토.,project-notes/19-daelim.md
ctx-20260623-0009,17,잠실/송파,송파한양2차아파트 재건축정비사업 조합,조합설립인가,석촌·송파·가락 8/9호선 배후축,promotion_review,needs_value_crosscheck,원문 보강 우선,273.1,즉시 감시 가설,"리스크 원문을 먼저 닫고, 비용·기반시설·일정 리스크가 해소될 때만 장기 관찰 등급을 유지한다.","고시번호·고시일·원문 URL 또는 로컬 원문 텍스트 연결; 사업시행/관리처분 원문, 8·9호선 접근/보행 환경, 송파권 고시공고; 사업별 메모와 비교표 재생성 후 가설 장부 변화 확인",analysis/songpa2-s1-public-item-fact-check.md; 결정고시 recordCode 또는 인가 원문 수동 확인; project-notes/17-songpa2.md; analysis/ocr-image-review-decisions.md; data/urban/text/files/17-11000NTC202506170006-17-11000NTC202506170006-business-notice_file-서울특별시_제2025-239호_고시.txt,project-notes/17-songpa2.md; analysis/research-hypothesis-ledger.md; analysis/project-comparison-matrix.md; analysis/reassessment-watchlist.md; analysis/project-risk-signal-summary.md,원문/첨부/로컬 텍스트를 대조한 뒤에만 가설·비교표 승격 검토.,project-notes/17-songpa2.md
ctx-20260623-0009,19,잠실/송파,대림가락아파트 재건축정비사업조합,조합설립인가,석촌·송파·가락 8/9호선 배후축,promotion_review,needs_value_crosscheck,리스크 재점검,266.4,즉시 감시 가설,"리스크 원문을 먼저 닫고, 비용·기반시설·일정 리스크가 해소될 때만 장기 관찰 등급을 유지한다.","고시번호·고시일·원문 URL 또는 로컬 원문 텍스트 연결; 사업시행/관리처분 원문, 8·9호선 접근/보행 환경, 송파권 고시공고; 사업별 메모와 비교표 재생성 후 가설 장부 변화 확인",OCR 텍스트 스니펫을 원문 이미지와 대조해 확정 수치 승격; project-notes/19-daelim.md; data/urban/text/files/19-11000NTC202111260001-19-11000NTC202111260001-notice_file-서울특별시_2021-551호_고시.txt; analysis/update-impact-ledger.md; analysis/recordcode-dead-end-audit.md,project-notes/19-daelim.md; analysis/research-hypothesis-ledger.md; analysis/project-comparison-matrix.md; analysis/reassessment-watchlist.md; analysis/fieldwork-observation-notebook.md,원문/첨부/로컬 텍스트를 대조한 뒤에만 가설·비교표 승격 검토.,project-notes/19-daelim.md
ctx-20260623-0008,13,구의/광진,자양제7구역 주택재건축정비사업 조합,조합설립인가,구의·자양 2/7호선·한강 접근축,promotion_review,needs_value_crosscheck,리스크 재점검,264.1,즉시 감시 가설,"리스크 원문을 먼저 닫고, 비용·기반시설·일정 리스크가 해소될 때만 장기 관찰 등급을 유지한다.","정비구역계, 조합/사업시행 단계, 자치구 고시, 한강 접근·보행축 관련 계획; 사업별 메모와 비교표 재생성 후 가설 장부 변화 확인",analysis/jayang7-s1-public-item-fact-check.md; 원문 스니펫을 읽고 확정 수치/조건으로 승격; project-notes/13-jayang7.md; data/urban/text/files/13-11000NTC201808300002-13-11000NTC201808300002-notice_file-서울특별시2018-268.txt; analysis/update-impact-ledger.md,project-notes/13-jayang7.md; analysis/research-hypothesis-ledger.md; analysis/project-comparison-matrix.md; analysis/reassessment-watchlist.md; analysis/fieldwork-observation-notebook.md,원문/첨부/로컬 텍스트를 대조한 뒤에만 가설·비교표 승격 검토.,project-notes/13-jayang7.md
ctx-20260623-0008,26,구의/광진,자양한양아파트 재건축정비사업,추진위원회승인,구의·자양 2/7호선·한강 접근축,promotion_review,needs_value_crosscheck,리스크 재점검,256.9,즉시 감시 가설,"리스크 원문을 먼저 닫고, 비용·기반시설·일정 리스크가 해소될 때만 장기 관찰 등급을 유지한다.","정비구역계, 조합/사업시행 단계, 자치구 고시, 한강 접근·보행축 관련 계획; 사업별 메모와 비교표 재생성 후 가설 장부 변화 확인",analysis/jyhy2024-s1-public-item-fact-check.md; 서울도시공간포털 지도 팝업에서 recordCode와 구역명 재확인; project-notes/26-jyhy2024.md; data/urban/text/files/26-11215NTC202406040002-26-11215NTC202406040002-notice_file-서울특별시_제2024-267호_고시.txt; analysis/update-impact-ledger.md,project-notes/26-jyhy2024.md; analysis/research-hypothesis-ledger.md; analysis/project-comparison-matrix.md; analysis/reassessment-watchlist.md; analysis/fieldwork-observation-notebook.md,원문/첨부/로컬 텍스트를 대조한 뒤에만 가설·비교표 승격 검토.,project-notes/26-jyhy2024.md
ctx-20260623-0009,21,잠실/송파,가락삼익맨숀아파트 재건축정비사업 조합,관리처분인가,석촌·송파·가락 8/9호선 배후축,promotion_review,needs_value_crosscheck,리스크 재점검,241.5,즉시 감시 가설,"리스크 원문을 먼저 닫고, 비용·기반시설·일정 리스크가 해소될 때만 장기 관찰 등급을 유지한다.","사업시행/관리처분 원문, 8·9호선 접근/보행 환경, 송파권 고시공고; 사업별 메모와 비교표 재생성 후 가설 장부 변화 확인",analysis/grsamik-s1-public-item-fact-check.md; 사업시행계획서/관리처분계획서/최신 변경고시로 수치 시점 확정; project-notes/21-grsamik.md; analysis/management-stage-value-resolution.md; analysis/management-stage-fact-check.md,project-notes/21-grsamik.md; analysis/research-hypothesis-ledger.md; analysis/project-comparison-matrix.md; analysis/reassessment-watchlist.md; analysis/project-risk-signal-summary.md,원문/첨부/로컬 텍스트를 대조한 뒤에만 가설·비교표 승격 검토.,project-notes/21-grsamik.md
ctx-20260623-0009,16,잠실/송파,가락1차현대아파트 재건축정비사업 조합,사업시행인가,석촌·송파·가락 8/9호선 배후축,promotion_review,needs_value_crosscheck,리스크 재점검,236,즉시 감시 가설,"리스크 원문을 먼저 닫고, 비용·기반시설·일정 리스크가 해소될 때만 장기 관찰 등급을 유지한다.","사업시행/관리처분 원문, 8·9호선 접근/보행 환경, 송파권 고시공고; 사업별 메모와 비교표 재생성 후 가설 장부 변화 확인",analysis/hyundai-s1-public-item-fact-check.md; analysis/ocr-image-review-decisions.md; OCR 텍스트 스니펫을 원문 이미지와 대조해 확정 수치 승격; project-notes/16-hyundai.md; data/urban/text/files/16-11000NTC202105100001-16-11000NTC202105100001-notice_file-송파구_2021-88호_고시.txt,project-notes/16-hyundai.md; analysis/research-hypothesis-ledger.md; analysis/project-comparison-matrix.md; analysis/reassessment-watchlist.md; analysis/fieldwork-observation-notebook.md,원문/첨부/로컬 텍스트를 대조한 뒤에만 가설·비교표 승격 검토.,project-notes/16-hyundai.md
