rank,focus_area,district,project_name,current_stage,stage_bucket,fact_check_priority,source_coverage_score,text_coverage,location_context_score,mobility_axis,mobility_risks,long_term_thesis,p0_count,p1_count,p2_count,p3_count,top_signal_score,signal_groups,top_public_items,risk_signal_level,key_risk_hypothesis,next_action,project_note
2,강남,강남구,압구정아파트지구 특별계획구역② 재건축정비사업조합,조합설립인가,조합 이후,high,6,text_extracted,10,압구정 한강변·강남북 연결축,한강변 경관/높이 규제; 압구정로 혼잡; 조합별 사업속도 차이,"서울 최상급 한강변 재건축 축이다. 교통보다 한강변 경관, 높이, 공공기여, 조합별 단계 차이가 가치와 리스크를 가른다.",6,3,4,6,137,비용·분담금; 기반시설; 시공·용역; 설계·심의; 총회·협의체; 일반 행정,"P0 2026-06-15 정비기반시설 설치공사비 산출, 국공유지무상양도협의 및 임대주택 매각금액 산정 용역업체 선정 입찰공고 / P0 2026-06-15 공공디자인 심의 용역업체 선정 입찰공고 / P0 2026-06-15 지하차도(소로1-A) 설계 용역업체 선정 입찰공고",very_high,공공기여·기반시설 조건이 비용/분담금 리스크와 직접 연결되는 사업,"분담금/사업비 공개 항목과 고시 원문 수치, 사업별 메모의 비용 리스크를 대조",project-notes/02-apgujeong2.md
1,잠실/송파,송파구,잠실5단지아파트 주택재건축정비사업조합,조합설립인가,조합 이후,high,6,text_extracted,10,잠실역·종합운동장 환승축,행사·상업 집객에 따른 혼잡; 한강·탄천·대형도로 단절; 이주기 전세 압력,동남권 광역업무·전시·스포츠 거점과 대단지 재건축이 결합되는 축이다. 역 접근성보다 공공개발 일정과 민간 정비사업 이주/착공 타이밍을 분리해서 봐야 한다.,6,2,5,9,100,기반시설; 시공·용역; 설계·심의; 비용·분담금; 인가·고시; 이주·착공 전,"P0 2025-09-23 정비기반시설(출입구,환기구,통신구등) 이설 설계업체 선정 입찰공고 / P0 2025-09-23 정비기반시설 공공청사 및 근린생활시설 건축설계 업체 선정 입찰 공고 / P0 2025-12-16 정비계획 변경에 따른 추정분담금 산정",very_high,공공기여·기반시설 조건이 비용/분담금 리스크와 직접 연결되는 사업,"분담금/사업비 공개 항목과 고시 원문 수치, 사업별 메모의 비용 리스크를 대조",project-notes/01-jamsil5apt.md
5,잠실/송파,송파구,"장미1,2,3차아파트 주택재건축정비사업 조합",조합설립인가,조합 이후,high,6,text_extracted,9.5,잠실나루·잠실 한강축,잠실역까지 실제 보행거리; 올림픽대로/한강 접근 단절; 대단지 이주기 혼잡,"잠실 핵심 생활권의 배후축이다. 한강 접근성과 잠실역 접근성은 강점이지만, 단지별 구역계와 도로 단절을 현장 확인해야 한다.",6,2,4,9,93,기반시설; 시공·용역; 설계·심의; 일반 행정; 이주·착공 전; 재무·행정; 비용·분담금,"P0 2024-06-14 소규모 지하안전평가 및 지하철영향성 검토, 도로설계 협력업체 선정 입찰 공고 / P0 2025-10-27 교육환경영향평가 협력업체 선정 입찰 공고 / P0 2025-09-09 우수박스 이설 설계 협력업체 선정 입찰 공고",very_high,공공기여·기반시설 조건이 비용/분담금 리스크와 직접 연결되는 사업,"분담금/사업비 공개 항목과 고시 원문 수치, 사업별 메모의 비용 리스크를 대조",project-notes/05-jmapt1.md
16,잠실/송파,송파구,가락1차현대아파트 재건축정비사업 조합,사업시행인가,사업시행 이후,high,6,text_extracted,6,문정·장지 8호선 업무지구축,잠실/강남 핵심 업무지 접근의 환승 의존; 업무지구 수요의 가격 반영 여부,잠실 핵심축보다는 업무지구 배후 주거 성격이 강하다. 직주근접 수요와 재건축 속도를 함께 봐야 한다.,6,2,5,10,88,시공·용역; 재무·행정; 비용·분담금; 설계·심의; 이주·착공 전,P0 2026-06-12 세무·회계업체 선정 입찰 공고 / P0 2026-06-12 HUG보증 대행업체 선정 입찰 공고 / P0 2026-06-12 관리처분계획 타당성 검증 대행업체 선정 입찰 공고,very_high,관리처분 이후 이주·철거·착공 전환 리스크 확인 필요,"분담금/사업비 공개 항목과 고시 원문 수치, 사업별 메모의 비용 리스크를 대조",project-notes/16-hyundai.md
4,강남,강남구,은마아파트 재건축정비사업조합,조합설립인가,조합 이후,high,6,text_extracted,8,대치·학여울 학군·3호선축,학원가/학교 주변 혼잡; 대치권 가격 선반영; 단지별 역 접근 차이,"학군과 기존 생활 인프라가 강한 축이다. 교통개선 호재보다 재건축 단계, 분담금, 이주 가능성, 대체 신축 공급을 봐야 한다.",5,4,6,9,104,기반시설; 시공·용역; 설계·심의; 인가·고시; 이주·착공 전; 총회·협의체; 일반 행정,"P0 2026-02-12 저류시설 관련 방류펌프, 토출관로 설계 등 용역업체 선정을 위한 입찰공고 / P0 2026-04-17 전력계통영향평가 용역업체 선정을 위한 입찰공고 / P0 2025-12-18 정비계획 변경 수립을 위한 도시계획 등 용역업체 선정을 위한 입찰공고",very_high,관리처분 이후 이주·철거·착공 전환 리스크 확인 필요,기반시설 입찰 제목을 결정조서·공공기여·교통입지 컨텍스트와 연결,project-notes/04-the-eunma.md
3,잠실/송파,송파구,잠실우성아파트 재건축정비사업조합,조합설립인가,조합 이후,high,6,text_extracted,10,잠실역·종합운동장 환승축,행사·상업 집객에 따른 혼잡; 한강·탄천·대형도로 단절; 이주기 전세 압력,동남권 광역업무·전시·스포츠 거점과 대단지 재건축이 결합되는 축이다. 역 접근성보다 공공개발 일정과 민간 정비사업 이주/착공 타이밍을 분리해서 봐야 한다.,5,3,4,9,104,기반시설; 시공·용역; 설계·심의; 이주·착공 전; 총회·협의체; 일반 행정; 비용·분담금,P0 2026-02-13 잠실우성아파트 재건축정비사업 정비기반시설(도로) 설계 용역업체 선정 입찰공고 (서울시 공공디자인 심의 포함) / P0 2025-04-30 잠실우성아파트 재건축정비사업 정비기반시설(공원) 설계 업체 선정 재입찰공고 / P0 2025-04-04 잠실우성아파트 재건축정비사업 조합 정비기반시설(공원)설계 업체 선정 입찰공고,very_high,공공기여·기반시설 조건이 비용/분담금 리스크와 직접 연결되는 사업,"분담금/사업비 공개 항목과 고시 원문 수치, 사업별 메모의 비용 리스크를 대조",project-notes/03-q1qk5nf6.md
14,강남,강남구,"개포주공6,7단지아파트 재건축정비사업조합",사업시행인가,사업시행 이후,district_text_review,6,text_extracted,7.5,개포·대모산입구 강남 남부축,강남 핵심 업무지까지 환승/버스 의존; 주변 신축 공급과 비교; HWP 이미지 OCR 수치 대조 필요,개포 일대 신축 누적 효과와 녹지 접근성이 강점이다. 추가 정비사업은 주변 신축 가격과 공급 물량을 함께 비교해야 한다.,4,3,4,11,117,비용·분담금; 시공·용역; 이주·착공 전; 재무·행정; 설계·심의,P0 2026-01-23 주택도시보증공사(HUG) 정비사업비(이주비/사업비) 대출보증 행정대행용역 입찰공고 / P0 2026-05-13 재해영향평가용역 협력업체 선정 입찰공고 / P0 2026-01-23 명도 소송 등의 변호사 선정 입찰공고,very_high,관리처분 이후 이주·철거·착공 전환 리스크 확인 필요,"분담금/사업비 공개 항목과 고시 원문 수치, 사업별 메모의 비용 리스크를 대조",project-notes/14-gaepo6_7.md
21,잠실/송파,송파구,가락삼익맨숀아파트 재건축정비사업 조합,관리처분인가,이주/관리처분,very_high,7,text_extracted,7.5,송파·석촌 8/9호선 배후축,잠실 핵심부 대비 역세권 강도 차이; 상업/관광 혼잡; 단지별 도로 접속,"잠실 핵심부보다 가격 기대는 낮지만, 8·9호선 접근과 송파대로 생활권을 통해 재건축 진척의 파급을 받을 수 있다.",4,3,2,16,108,비용·분담금; 시공·용역; 이주·착공 전; 재무·행정; 설계·심의; 총회·협의체; 일반 행정,P0 2025-07-30 HUG(주택도시보증공사) 이주비·사업비 대출 보증 행정대행 용역업체 선정 입찰 재공고 / P0 2025-07-18 HUG(주택도시보증공사) 이주비·사업비 대출 보증 행정대행 용역업체 선정 입찰 공고 / P0 2026-02-13 건축물 해체계획서 작성·인허가 및 석면해체·제거공사 감리 용역 선정 입찰공고,very_high,관리처분 이후 이주·철거·착공 전환 리스크 확인 필요,"분담금/사업비 공개 항목과 고시 원문 수치, 사업별 메모의 비용 리스크를 대조",project-notes/21-grsamik.md
9,잠실/송파,송파구,잠실우성4차 주택재건축정비사업조합,관리처분인가,이주/관리처분,very_high,7,text_extracted,10,잠실역·종합운동장 환승축,행사·상업 집객에 따른 혼잡; 한강·탄천·대형도로 단절; 이주기 전세 압력,동남권 광역업무·전시·스포츠 거점과 대단지 재건축이 결합되는 축이다. 역 접근성보다 공공개발 일정과 민간 정비사업 이주/착공 타이밍을 분리해서 봐야 한다.,4,2,5,10,89,시공·용역; 이주·착공 전; 설계·심의; 총회·협의체; 일반 행정,P0 2026-03-25 이주비 대출을 위한 금융기관 선정 입찰 공고문 / P0 2025-12-24 명도소송 관련 업무를 위한 협력업체(변호사 등) 선정 입찰공고 / P0 2025-11-18 범죄예방 및 이주관리를 위한 협력업체 선정 입찰공고,very_high,관리처분 이후 이주·철거·착공 전환 리스크 확인 필요,이주비/HUG/명도/범죄예방 항목을 관리처분 일정과 연결,project-notes/09-tw2w7iwv.md
13,구의/광진,광진구,자양제7구역 주택재건축정비사업 조합,조합설립인가,조합 이후,high,6,text_extracted,7.5,구의·건대입구 2/7호선·한강축,한강/뚝섬 접근의 도로 단절; 상권 혼잡; 소규모정비의 사업성 편차,"강남·잠실보다 덜 완성된 생활권이지만, 2·7호선과 한강 접근을 동시에 가진 축이다. 자양·구의 정비사업의 구역계와 속도가 핵심이다.",4,1,7,11,84,비용·분담금; 인가·고시; 시공·용역; 기반시설; 총회·협의체,P0 2024-02-17 주택재건축 정비구역 지정 변경 및 지형도면 변경을 위한 추정분담금 산출 / P0 2024-01-15 주택재건축 정비구역 지정 변경 및 지형도면 변경을 위한 추정분담금 산출 / P0 2025-05-21 도시·주거환경정비 기본계획 및 정비계획(중대한) 변경 용역업체 선정 입찰 공고,very_high,공공기여·기반시설 조건이 비용/분담금 리스크와 직접 연결되는 사업,"분담금/사업비 공개 항목과 고시 원문 수치, 사업별 메모의 비용 리스크를 대조",project-notes/13-jayang7.md
10,강남,강남구,압구정아파트지구 특별계획구역③ 재건축정비사업 조합,조합설립인가,조합 이후,high,6,text_extracted,10,압구정 한강변·강남북 연결축,한강변 경관/높이 규제; 압구정로 혼잡; 조합별 사업속도 차이,"서울 최상급 한강변 재건축 축이다. 교통보다 한강변 경관, 높이, 공공기여, 조합별 단계 차이가 가치와 리스크를 가른다.",3,8,1,9,101,기반시설; 시공·용역; 설계·심의; 총회·협의체; 일반 행정; 비용·분담금,"P0 2025-12-30 지하차도(소로 1-A, 중로 1-C) 설계 용역업체 선정 입찰공고 / P0 2025-12-30 소방설계 용역업체 선정 입찰공고 / P0 2025-12-30 환경영향평가 용역업체 선정 입찰공고",very_high,공공기여·기반시설 조건이 비용/분담금 리스크와 직접 연결되는 사업,"분담금/사업비 공개 항목과 고시 원문 수치, 사업별 메모의 비용 리스크를 대조",project-notes/10-apgujeong3.md
20,잠실/송파,송파구,마천1재정비촉진구역 주택재개발정비사업조합,조합설립인가,조합 이후,high,6,text_extracted,5,마천·거여 5호선 재정비축,강남 핵심부 접근 시간; 언덕/도로폭/생활편의 격차; 재정비구역 장기 지연,"상급지 재건축과 다른 재개발 성격이다. 교통 프리미엄보다 정비구역 확정도, 권리관계, 공급 물량과 사업속도가 중요하다.",3,2,4,3,76,시공·용역; 이주·착공 전; 재무·행정; 인가·고시; 총회·협의체; 일반 행정,"P0 2026-03-05 협력업체[이주관리 및 세입자조사, 범죄예방] 선정 입찰공고 / P0 2026-04-16 회계 세무업무 대행업체 입찰 공고 / P0 2025-09-08 재정비촉진계획(정비계획) 변경의 입안 제안에 관한 동의서 징구 홍보요원 및 전산요원 채용공고",very_high,관리처분 이후 이주·철거·착공 전환 리스크 확인 필요,이주비/HUG/명도/범죄예방 항목을 관리처분 일정과 연결,project-notes/20-macheon-1.md
26,구의/광진,광진구,자양한양아파트 재건축정비사업,추진위원회승인,조합 전,normal,6,text_extracted,7.5,구의·건대입구 2/7호선·한강축,한강/뚝섬 접근의 도로 단절; 상권 혼잡; 소규모정비의 사업성 편차,"강남·잠실보다 덜 완성된 생활권이지만, 2·7호선과 한강 접근을 동시에 가진 축이다. 자양·구의 정비사업의 구역계와 속도가 핵심이다.",3,1,4,3,93,비용·분담금; 총회·협의체; 시공·용역; 설계·심의,P0 2026-06-08 조합설립동의서 징구 전 추정분담금 산정 및 검증 / P0 2025-10-13 추정분담금 산정 용역업체 선정 입찰마감 연기 공고 / P0 2025-09-23 추정분담금 산정 용역업체 선정 입찰 공고,very_high,한강/뚝섬 접근의 도로 단절; 상권 혼잡; 소규모정비의 사업성 편차,"분담금/사업비 공개 항목과 고시 원문 수치, 사업별 메모의 비용 리스크를 대조",project-notes/26-jyhy2024.md
11,강남,강남구,압구정아파트지구 특별계획구역4,조합설립인가,조합 이후,high,6,text_extracted,10,압구정 한강변·강남북 연결축,한강변 경관/높이 규제; 압구정로 혼잡; 조합별 사업속도 차이,"서울 최상급 한강변 재건축 축이다. 교통보다 한강변 경관, 높이, 공공기여, 조합별 단계 차이가 가치와 리스크를 가른다.",2,5,2,12,120,기반시설; 시공·용역; 설계·심의; 총회·협의체; 일반 행정,P0 2026-06-11 정비기반시설 도로 복개구조물 설계용역 선정 입찰공고 / P0 2026-06-11 건설사업관리(CM)용역 선정 입찰공고 / P1 2026-03-31 시공자 선정 입찰 재공고,high,도로·공원·전력·공공시설 등 기반시설 조건이 장기 입지 판단의 핵심,기반시설 입찰 제목을 결정조서·공공기여·교통입지 컨텍스트와 연결,project-notes/11-apgujeong4.md
8,강남,강남구,대치쌍용1차아파트 주택재건축정비사업조합,사업시행인가,사업시행 이후,notice_candidate_review,6,text_extracted,8,대치·학여울 학군·3호선축,학원가/학교 주변 혼잡; 대치권 가격 선반영; 단지별 역 접근 차이,"학군과 기존 생활 인프라가 강한 축이다. 교통개선 호재보다 재건축 단계, 분담금, 이주 가능성, 대체 신축 공급을 봐야 한다.",2,4,3,13,77,시공·용역; 총회·협의체; 일반 행정; 이주·착공 전; 재무·행정; 비용·분담금,P0 2026-03-18 정기총회(시공자 선정) 당일 안내 및 접수요원 채용 공고 / P0 2017-12-30 협력업체 선정 입찰공고(범죄예방 및 이주관리 용역) / P1 2026-01-14 시공자 선정을 위한 재입찰공고,high,관리처분 이후 이주·철거·착공 전환 리스크 확인 필요,"분담금/사업비 공개 항목과 고시 원문 수치, 사업별 메모의 비용 리스크를 대조",project-notes/08-ssang1.md
12,강남,강남구,압구정아파트지구 특별계획구역5 재건축정비사업조합,조합설립인가,조합 이후,high,6,text_extracted,10,압구정 한강변·강남북 연결축,한강변 경관/높이 규제; 압구정로 혼잡; 조합별 사업속도 차이,"서울 최상급 한강변 재건축 축이다. 교통보다 한강변 경관, 높이, 공공기여, 조합별 단계 차이가 가치와 리스크를 가른다.",2,4,5,10,120,기반시설; 시공·용역; 설계·심의; 총회·협의체; 일반 행정,P0 2026-06-01 정비기반시설(설계)용역업체 선정 입찰 / P0 2026-05-07 2026년도 정기 및 시공자 선정총회 계약직원 채용 공고 / P1 2025-06-05 환경영향평가 및 재해영향평가 업체 선정 입찰 공고,high,도로·공원·전력·공공시설 등 기반시설 조건이 장기 입지 판단의 핵심,기반시설 입찰 제목을 결정조서·공공기여·교통입지 컨텍스트와 연결,project-notes/12-apgujeong5.md
17,잠실/송파,송파구,송파한양2차아파트 재건축정비사업 조합,조합설립인가,조합 이후,notice_candidate_review,6,text_extracted,7,송파·석촌 8/9호선 배후축,잠실 핵심부 대비 역세권 강도 차이; 상업/관광 혼잡; 단지별 도로 접속,"잠실 핵심부보다 가격 기대는 낮지만, 8·9호선 접근과 송파대로 생활권을 통해 재건축 진척의 파급을 받을 수 있다.",2,3,6,10,81,시공·용역; 설계·심의; 총회·협의체; 일반 행정; 비용·분담금,P0 2026-04-14 재해영향평가 분야 협력업체 선정 입찰공고 / P0 2026-01-12 시공자 선정을 위한 2026년 조합 임시총회 임시직원 채용공고 / P1 2017-11-01 조합설립동의서 징구를 위한 추정분담금 산출,high,잠실 핵심부 대비 역세권 강도 차이; 상업/관광 혼잡; 단지별 도로 접속,"분담금/사업비 공개 항목과 고시 원문 수치, 사업별 메모의 비용 리스크를 대조",project-notes/17-songpa2.md
30,구의/광진,광진구,자양4동 A구역 주택재개발사업,정비구역지정,구역 확정,normal,6,text_extracted,7.5,구의·건대입구 2/7호선·한강축,한강/뚝섬 접근의 도로 단절; 상권 혼잡; 소규모정비의 사업성 편차,"강남·잠실보다 덜 완성된 생활권이지만, 2·7호선과 한강 접근을 동시에 가진 축이다. 자양·구의 정비사업의 구역계와 속도가 핵심이다.",1,0,0,4,79,비용·분담금; 총회·협의체,P0 2026-05-08 조합설립 동의서 징구를 위한 추정분담금 검증,high,한강/뚝섬 접근의 도로 단절; 상권 혼잡; 소규모정비의 사업성 편차,"분담금/사업비 공개 항목과 고시 원문 수치, 사업별 메모의 비용 리스크를 대조",project-notes/30-jayangdong.md
6,강남,강남구,대치우성1차아파트 재건축정비사업조합,사업시행인가,사업시행 이후,high,6,text_extracted,8,대치·학여울 학군·3호선축,학원가/학교 주변 혼잡; 대치권 가격 선반영; 단지별 역 접근 차이,"학군과 기존 생활 인프라가 강한 축이다. 교통개선 호재보다 재건축 단계, 분담금, 이주 가능성, 대체 신축 공급을 봐야 한다.",0,4,4,12,69,시공·용역; 설계·심의,P1 2025-03-25 감정평가업체 선정 입찰 공고 / P1 2025-03-25 교통영향평가 업체 선정 입찰 공고 / P1 2025-03-25 환경영향평가업체 선정 입찰 공고,high,학원가/학교 주변 혼잡; 대치권 가격 선반영; 단지별 역 접근 차이,공식 교통/도시계획 출처에서 생활권 변화 가설 확인,project-notes/06-woosung1.md
7,강남,강남구,대치쌍용2차아파트 주택재건축정비사업조합,사업시행인가,사업시행 이후,high,6,text_extracted,8,대치·학여울 학군·3호선축,학원가/학교 주변 혼잡; 대치권 가격 선반영; 단지별 역 접근 차이,"학군과 기존 생활 인프라가 강한 축이다. 교통개선 호재보다 재건축 단계, 분담금, 이주 가능성, 대체 신축 공급을 봐야 한다.",0,4,4,10,68,시공·용역; 설계·심의; 재무·행정,P1 2015-08-25 건축심의 및 사업시행(변경)인가 등을 위한 협력업체 선정공고 / P1 2015-02-05 설계자선정 입찰공고 / P1 2015-03-06 법무사 및 세무.회계사선정 입찰 수정공고,high,학원가/학교 주변 혼잡; 대치권 가격 선반영; 단지별 역 접근 차이,OCR 텍스트를 원문 이미지와 대조한 뒤 교통·기반시설 결정조서 확인,project-notes/07-ssang2.md
22,구의/광진,광진구,중곡아파트 주택재건축정비사업조합,조합설립인가,조합 이후,high,6,text_extracted,5,중곡 7호선 생활권,대형 업무·상업 거점과의 거리; 도로폭/노후도; 사업규모 한계,"대형 개발축보다 생활권 개선형 정비에 가깝다. 사업성, 조합 단계, 주변 공급과 역 접근성을 차분히 봐야 한다.",0,4,5,12,69,기반시설; 시공·용역; 이주·착공 전; 설계·심의,P1 2024-06-03 중곡공공 공고 제2024-010호_정비기반시설 공사 협력업체 선정 입찰공고 / P1 2023-10-25 석면 사전조사 선정 입찰 공고 / P1 2025-04-16 교통영향평가업체 선정 입찰 공고,high,관리처분 이후 이주·철거·착공 전환 리스크 확인 필요,기반시설 입찰 제목을 결정조서·공공기여·교통입지 컨텍스트와 연결,project-notes/22-junggokapt.md
15,강남,강남구,압구정한양7차아파트 재건축정비사업조합,조합설립인가,조합 이후,high,6,text_extracted,10,압구정 한강변·강남북 연결축,한강변 경관/높이 규제; 압구정로 혼잡; 조합별 사업속도 차이,"서울 최상급 한강변 재건축 축이다. 교통보다 한강변 경관, 높이, 공공기여, 조합별 단계 차이가 가치와 리스크를 가른다.",0,3,6,11,66,인가·고시; 일반 행정; 시공·용역; 설계·심의,P1 2026-03-24 정비계획 수립등 재건축 안내 계약(임시직) 직원 채용 공고 / P1 2016-11-04 설계자 선정 입찰 공고 / P1 2000-10-18 설계업체 모집 공고_2000.10.18,high,정비계획/고시 변경 신호를 원문과 대조해야 하는 사업,한강변관리·경관·보행 접근 원문과 현장 동선 대조,project-notes/15-hanyang7.md
19,잠실/송파,송파구,대림가락아파트 재건축정비사업조합,조합설립인가,조합 이후,high,6,text_extracted,7,방이·올림픽공원 5/9호선축,역까지의 실제 거리; 공원 주변 도로 단절; 행사일 혼잡,공원 인접성과 5·9호선 접근이 장점이다. 잠실 MICE 직접 수혜보다는 생활환경과 배후 수요를 분리해서 본다.,0,3,4,6,66,시공·용역; 이주·착공 전; 설계·심의; 총회·협의체; 일반 행정,P1 2023-11-17 석면사전조사 및 농도측정 용역업체 선정 입찰공고 / P1 2023-11-17 감정평가업체 선정 입찰공고 / P1 2025-02-05 2025년도 정기총회 겸 시공자 선정총회 홍보요원 채용 공고,high,관리처분 이후 이주·철거·착공 전환 리스크 확인 필요,이주비/HUG/명도/범죄예방 항목을 관리처분 일정과 연결,project-notes/19-daelim.md
23,구의/광진,광진구,광장동 삼성1차아파트 소규모재건축정비사업,조합설립인가,조합 이후,notice_record_needed,4,no_notice_text,7,광나루·강변 한강 동부축,"5호선 단일 접근성; 강변북로/한강 단절; 사업구역 레이어 확인, 고시 recordCode/인가 원문 미연결","한강 조망과 광나루 생활권이 강점이지만, 사업구역 레이어는 확인됐지만 고시/인가 원문 연결이 필요한 사업이 있어 기초 검증이 먼저다.",0,3,6,4,64,시공·용역; 이주·착공 전; 설계·심의,"P1 2022-05-27 변호사(법률자문, 명도소송, 소유권이전등기소송) 선정 입찰 공고 / P1 2023-04-07 감정평가법인등 선정 입찰 공고 / P1 2022-05-27 설계자 선정 입찰 공고",high,관리처분 이후 이주·철거·착공 전환 리스크 확인 필요,이주비/HUG/명도/범죄예방 항목을 관리처분 일정과 연결,project-notes/23-j15171517.md
25,구의/광진,광진구,한양연립 일대 가로주택정비사업,사업시행인가,사업시행 이후,gu_text_review,6,text_extracted,9.5,구의·강변 동서울터미널축,터미널/강변역 혼잡; 큰 도로와 한강 접근 단절; 공식 일정 불확실성,동서울터미널과 강변역 일대 변화가 광진 동부의 생활권 위상을 바꿀 수 있다. 공식 도시계획/사전협상 자료 확인이 먼저다.,0,2,3,5,59,시공·용역; 설계·심의,P1 2024-01-31 (재공고)인테리어설계용역업체 선정 공고 / P1 2024-01-18 인테리어 설계 용역 업체 선정 입찰 공고,high,터미널/강변역 혼잡; 큰 도로와 한강 접근 단절; 공식 일정 불확실성,동서울터미널/강변역 관련 도시계획·사전협상 자료 확인,project-notes/25-hanyanggaro.md
27,구의/광진,광진구,광장극동아파트 재건축사업 (신속통합기획),정비구역지정,구역 확정,original_notice_fact_checked,6,text_extracted,7.5,광나루·강변 한강 동부축,5호선 단일 접근성; 강변북로/한강 단절; 구역계와 고시/인가 원문 연결 확인 필요,"한강 조망과 광나루 생활권이 강점이지만, 공식 지도·고시 매칭이 부족한 사업이 있어 기초 검증이 먼저다.",0,2,8,0,69,인가·고시,"P1 2026-06-05 재건축 정비구역 지정 및 정비계획 결정, 지구단위계획구역 지정·지구단위계획 결정 정정 고시 / P1 2026-04-30 재건축 정비구역 지정 및 정비계획 결정, 지구단위계획구역 지정·지구단위계획 결정 및 지형도면 고시",high,정비계획/고시 변경 신호를 원문과 대조해야 하는 사업,서울시보 본고시 수치를 비교 매트릭스 확정 수치로 승격,project-notes/27-kukdong-reborn.md
24,구의/광진,광진구,워커힐아파트1단지 재건축정비사업 조합설립추진위원회,추진위원회승인,조합 전,gu_text_review,7,text_extracted,7.5,광나루·강변 한강 동부축,5호선 단일 접근성; 강변북로/한강 단절; 구역계와 고시/인가 원문 연결 확인 필요,"한강 조망과 광나루 생활권이 강점이지만, 공식 지도·고시 매칭이 부족한 사업이 있어 기초 검증이 먼저다.",0,1,4,4,59,시공·용역; 재무·행정,P1 2025-11-07 세무·회계 업체 선정 입찰공고,high,5호선 단일 접근성; 강변북로/한강 단절; 구역계와 고시/인가 원문 연결 확인 필요,한강변관리·경관·보행 접근 원문과 현장 동선 대조,project-notes/24-walkerhill1.md
28,구의/광진,광진구,자양번영로3나길 일대 가로주택정비사업,조합설립인가,조합 이후,notice_record_needed,4,no_notice_text,7,구의·건대입구 2/7호선·한강축,한강/뚝섬 접근의 도로 단절; 상권 혼잡; 소규모정비의 사업성 편차,"강남·잠실보다 덜 완성된 생활권이지만, 2·7호선과 한강 접근을 동시에 가진 축이다. 자양·구의 정비사업의 구역계와 속도가 핵심이다.",0,0,1,3,40,,,high,사업구역 레이어와 단계 정보는 있으나 결정고시 recordCode 연결이 병목,서울도시공간포털 recordCode 또는 자치구 인가 원문을 추가 확인,project-notes/28-jayang588-22.md
29,구의/광진,광진구,자양1의4구역 가로주택정비사업,조합설립인가,조합 이후,gu_text_review,7,text_extracted,7.5,구의·건대입구 2/7호선·한강축,한강/뚝섬 접근의 도로 단절; 상권 혼잡; 소규모정비의 사업성 편차,"강남·잠실보다 덜 완성된 생활권이지만, 2·7호선과 한강 접근을 동시에 가진 축이다. 자양·구의 정비사업의 구역계와 속도가 핵심이다.",0,0,0,4,39,,,high,한강/뚝섬 접근의 도로 단절; 상권 혼잡; 소규모정비의 사업성 편차,한강변관리·경관·보행 접근 원문과 현장 동선 대조,project-notes/29-jayang104.md
18,잠실/송파,송파구,송파미성아파트 재건축정비사업조합,조합설립인가,조합 이후,notice_candidate_review,6,text_extracted,7,송파·석촌 8/9호선 배후축,잠실 핵심부 대비 역세권 강도 차이; 상업/관광 혼잡; 단지별 도로 접속,"잠실 핵심부보다 가격 기대는 낮지만, 8·9호선 접근과 송파대로 생활권을 통해 재건축 진척의 파급을 받을 수 있다.",0,0,6,9,52,,,watch,잠실 핵심부 대비 역세권 강도 차이; 상업/관광 혼잡; 단지별 도로 접속,보강 고시 원문에서 기반시설·도로 조건을 대조한 뒤 현장 동선 확인,project-notes/18-songpams.md
