rank,focus_area,district,project_name,portal_stage,business_layer_zone,present_sn,cleanup_site_name,seoul_notice_high_count,gwangjin_notice_high_count,official_probe_high_count,official_probe_low_count,gwangjin_notice_low_count,latest_high_notice_date,latest_high_notice_no,latest_high_notice_title,process_probe_rows,process_content_detected,process_generic_templates,process_fetch_failed,process_attachment_count,conclusion,next_action
5,잠실/송파,송파구,"장미1,2,3차아파트 주택재건축정비사업 조합",조합설립인가,"장미1,2,3차",11710UQ120PS202604100002,"장미1,2,3차",0,0,0,0,0,,,,0,0,0,0,0,business_layer_confirmed_notice_not_found,서울도시공간포털/자치구 게시판 수동 검색 또는 담당부서 문의로 고시·인가 원문 확인
8,강남,강남구,대치쌍용1차아파트 주택재건축정비사업조합,사업시행인가,대치쌍용1차,11000UQ120PS202411014183,대치쌍용1차,2,0,0,0,0,2025-11-20,2025-644,"대치쌍용1차아파트 재건축사업 정비계획 결정 및 정비구역 지정(변경), 지구단위계획구역 및 지구단위계획 결정(변경) 및 지형도면 고시",0,0,0,0,0,official_notice_candidate_found,고신뢰 후보 원문을 내려받아 고시번호·일자·사업명·면적 대조 후 장부 반영
15,강남,강남구,압구정한양7차아파트 재건축정비사업조합,조합설립인가,압구정아파트지구특별계획구역6,11680UQ120PS202605200002,,0,0,0,0,0,,,,0,0,0,0,0,business_layer_confirmed_notice_not_found,서울도시공간포털/자치구 게시판 수동 검색 또는 담당부서 문의로 고시·인가 원문 확인
17,잠실/송파,송파구,송파한양2차아파트 재건축정비사업 조합,조합설립인가,한양2차,11000UQ120PS202411014194,한양2차,1,0,0,0,0,2025-05-01,2025-239,"송파한양2차아파트 재건축 정비계획 결정(변경), 가락아파트지구 지구단위계획 결정(변경) 및 지형도면 고시",0,0,0,0,0,official_notice_candidate_found,고신뢰 후보 원문을 내려받아 고시번호·일자·사업명·면적 대조 후 장부 반영
18,잠실/송파,송파구,송파미성아파트 재건축정비사업조합,조합설립인가,송파미성,11000UQ120PS202411014135,송파미성,1,0,0,0,0,2021-03-25,2021-146,송파미성아파트 재건축정비구역 지정/ 지구단위계획 결정 및 지형도면 고시,0,0,0,0,0,official_notice_candidate_found,고신뢰 후보 원문을 내려받아 고시번호·일자·사업명·면적 대조 후 장부 반영
23,구의/광진,광진구,광장동 삼성1차아파트 소규모재건축정비사업,조합설립인가,광장동 삼성1차아파트 소규모재건축사업,11000UQ120PS202505310789,,0,0,0,24,0,,,,10,0,9,1,0,business_layer_confirmed_low_confidence_unrelated_candidates_only,서울도시공간포털/자치구 게시판 수동 검색 또는 담당부서 문의로 고시·인가 원문 확인
24,구의/광진,광진구,워커힐아파트1단지 재건축정비사업 조합설립추진위원회,추진위구성,워커힐아파트,11215UQ120PS202605210001,,0,2,0,0,0,2026-06-15,공고 제2026-792호,워커힐아파트 일대 도시관리계획 수립 전략환경영향평가 항목・범위 등의 결정 내용 공개,0,0,0,0,0,official_notice_candidate_found,고신뢰 후보 원문을 내려받아 고시번호·일자·사업명·면적 대조 후 장부 반영
25,구의/광진,광진구,한양연립 일대 가로주택정비사업,착공,한양연립 일대 가로주택정비사업,11000UQ120PS202505310169,한양연립 일대 가로주택정비사업,0,0,0,0,0,,,,0,0,0,0,0,business_layer_confirmed_notice_not_found,서울도시공간포털/자치구 게시판 수동 검색 또는 담당부서 문의로 고시·인가 원문 확인
27,구의/광진,광진구,광장극동아파트 재건축사업 (신속통합기획),구역지정,광장극동아파트 재건축사업,11000UQ120PS202407010970,광장극동아파트 재건축사업,1,5,0,0,0,2026-04-30,2026-249,"광장극동아파트 재건축 정비구역 지정 및 정비계획 결정, 지구단위계획구역 지정·지구단위계획 결정 및 지형도면 고시",0,0,0,0,0,official_notice_candidate_found,고신뢰 후보 원문을 내려받아 고시번호·일자·사업명·면적 대조 후 장부 반영
28,구의/광진,광진구,자양번영로3나길 일대 가로주택정비사업,조합설립인가,자양번영로3나길 일대 가로주택정비사업,11000UQ120PS202505310180,자양번영로3나길 일대 가로주택정비사업,0,0,0,4,0,,,,0,0,0,0,0,business_layer_confirmed_low_confidence_unrelated_candidates_only,서울도시공간포털/자치구 게시판 수동 검색 또는 담당부서 문의로 고시·인가 원문 확인
29,구의/광진,광진구,자양1의4구역 가로주택정비사업,조합설립인가,자양1의4구역 가로주택정비사업,11000UQ120PS202505310689,자양1의4구역 가로주택정비사업,0,3,0,0,0,2025-04-03,,자양1의4구역 가로주택정비사업(자양4동 249-2 일대) 조합설립(변경)인가 공고,0,0,0,0,0,official_notice_candidate_found,고신뢰 후보 원문을 내려받아 고시번호·일자·사업명·면적 대조 후 장부 반영
