artifact_json,artifact_key,has_summary,generated_at,row_count,summary_keys,declared_inputs,declared_input_count,declared_outputs,declared_output_count,output_keys,inferred_step
analysis/autonomous-mobility-scenario.json,autonomous-mobility-scenario,Y,2026-06-24 KST,30,generated_at; project_count; avg_av_upside_score; avg_transit_durability_score; high_barrier_count; road_upside_count; transit_durable_count; inputs; outputs,analysis/transport-location-context.json; analysis/long-term-potential-scorecard.json; analysis/fieldwork-route-planner.json; analysis/project-comparison-matrix.json,4,analysis/autonomous-mobility-scenario.md; analysis/autonomous-mobility-scenario.csv; analysis/autonomous-mobility-scenario.json,3,autonomous-mobility-scenario,autonomous-mobility-scenario
analysis/catalyst-trigger-matrix.json,catalyst-trigger-matrix,Y,2026-06-24 KST,36,generated_at; trigger_count; catalyst_count; project_count; official_response_first_count; source_repair_first_count; hypothesis_reassessment_count; signal_class_mix; focus_mix; registry_source_count; inputs; outputs,analysis/public-development-catalyst-map.json; analysis/research-hypothesis-ledger.json; analysis/update-impact-ledger.json; analysis/project-evidence-binder.json; analysis/official-update-registry.json,5,analysis/catalyst-trigger-matrix.md; analysis/catalyst-trigger-matrix.csv; analysis/catalyst-trigger-matrix.json,3,catalyst-trigger-matrix,catalyst-trigger-matrix
analysis/cleanup-board-review-queue.json,cleanup-board-review-queue,N,,512,,,0,,0,,cleanup-board-review-queue
analysis/cleanup-snapshot-diff.json,cleanup-snapshot-diff,Y,2026-06-24T13:12:48.822Z,,generated_at; current_input; previous_snapshot; previous_collected_at; current_collected_at; previous_count; current_count; change_count; changes,,0,,0,,cleanup-snapshot-diff
analysis/core-expansion-research-spine.json,core-expansion-research-spine,Y,2026-06-24 KST,15,generated_at; core_anchor_count; expansion_watch_count; total_rows; core_focus_areas; expansion_zones; expansion_direct_like_count; expansion_adjacent_count; expansion_ocr_caution_count; inputs; outputs,analysis/project-comparison-matrix.json; analysis/long-term-potential-scorecard.json; analysis/project-risk-signal-summary.json; analysis/transport-location-context.json; analysis/expansion-urban-notice-review-board.json; analysis/expansion-interest-zone-shortlist.json,6,analysis/core-expansion-research-spine.md; analysis/core-expansion-research-spine.json; analysis/core-expansion-research-spine.csv,3,core-expansion-research-spine,core-expansion-research-spine
analysis/core-value-confirmation-ledger.json,core-value-confirmation-ledger,N,,420,,,0,,0,,core-ledger-after-source-link-candidates
analysis/current-research-operating-guide.json,current-research-operating-guide,Y,2026-06-24 KST,,generated_at; final_verdict; dashboard_p0; dashboard_p1; core_review_items; focus_external_wait_count; expansion_due_this_week_count; expansion_latest_stage_gap_count; expansion_confirmed_baseline_count; expansion_verified_result_count; expansion_verified_no_result_count; expansion_blocked_popup_count,analysis/research-status-dashboard.json; analysis/current-research-snapshot.json; analysis/focus-project-weekly-monitoring-cockpit.json; analysis/expansion-zone-weekly-monitoring-cockpit.json; analysis/expansion-official-latest-check-audit.json; analysis/life-area-monitoring-board.json; analysis/research-completion-cockpit.json; analysis/research-goal-completion-audit.json,13,analysis/current-research-operating-guide.md; analysis/current-research-operating-guide.json; analysis/current-research-operating-guide.csv,3,current-research-operating-guide,current-research-operating-guide
analysis/current-research-snapshot.json,current-research-snapshot,N,,,,,0,,0,,
analysis/expansion-gangdong-first-pass-collection-list.json,expansion-gangdong-first-pass-collection-list,Y,2026-06-24 KST,3,generated_at; scope; matched_notice_code_count; probe_candidate_count; ready_notice_count; pending_manual_count; outputs; base_commands,,0,analysis/expansion-gangdong-first-pass-collection-list.md; analysis/expansion-gangdong-first-pass-collection-list.json; analysis/expansion-gangdong-first-pass-collection-list.csv,3,expansion-gangdong-first-pass-collection-list,
analysis/expansion-gangdong-notice-candidates.json,expansion-gangdong-notice-candidates,N,,1,,,0,,0,,
analysis/expansion-gangdong-stage-watch-board.json,expansion-gangdong-stage-watch-board,Y,2026-06-24 KST,7,generated_at; row_count; high_priority_count; medium_priority_count; low_priority_count; latest_stage_gap_count; stale_notice_only_count; context_only_count; confirmed_snapshot_count; inputs; outputs,analysis/expansion-interest-zone-shortlist.json; analysis/expansion-urban-notice-collection-queue.json; analysis/expansion-urban-notice-review-board.json; data/review/official-update-intake.json; data/research/expansion-gangdong-stage-watch-seeds.json,5,analysis/expansion-gangdong-stage-watch-board.md; analysis/expansion-gangdong-stage-watch-board.json; analysis/expansion-gangdong-stage-watch-board.csv,3,expansion-gangdong-stage-watch-board,expansion-gangdong-stage-watch-board
analysis/expansion-interest-zone-brief.json,expansion-interest-zone-brief,Y,2026-06-24 KST,2,generated_at; zones; candidate_seeds; roles; shortlist_count; confirmed_snapshot_count; ready_source_coverage,,0,,0,,expansion-interest-zone-brief
analysis/expansion-interest-zone-candidate-brief.json,expansion-interest-zone-candidate-brief,Y,2026-06-24 KST,6,generated_at; seeds; zones; bootstrap_status_mix; class_mix; latest_hit_status_mix,,0,,0,,expansion-interest-zone-candidate-brief
analysis/expansion-interest-zone-shortlist.json,expansion-interest-zone-shortlist,Y,2026-06-24 KST,10,generated_at; shortlist_count; zone_count; type_mix; readiness_mix; priority_mix,,0,,0,,expansion-interest-zone-shortlist
analysis/expansion-market-download-session-packet.json,expansion-market-download-session-packet,Y,2026-06-24 KST,,generated_at; latest_window; intake_rows; orphan_rows; file_present_count; waiting_for_download_count; ready_count; status_summary; phase_summary; inputs; outputs,analysis/expansion-market-first-download-packet.json; data/market/manual-import/expansion-download-intake.json,2,analysis/expansion-market-download-session-packet.md; analysis/expansion-market-download-session-packet.csv; analysis/expansion-market-download-session-packet.json; analysis/expansion-market-download-status.md; analysis/expansion-market-download-status.csv; analysis/expansion-market-download-status.json; data/market/manual-import/expansion-download-intake.json,7,expansion-market-download-session-packet; expansion-market-download-status; expansion-download-intake,expansion-market-download-session-packet
analysis/expansion-market-download-status.json,expansion-market-download-status,Y,2026-06-24 KST,30,generated_at; latest_window; intake_rows; orphan_rows; file_present_count; waiting_for_download_count; ready_count; status_summary; phase_summary; inputs; outputs,analysis/expansion-market-first-download-packet.json; data/market/manual-import/expansion-download-intake.json,2,analysis/expansion-market-download-session-packet.md; analysis/expansion-market-download-session-packet.csv; analysis/expansion-market-download-session-packet.json; analysis/expansion-market-download-status.md; analysis/expansion-market-download-status.csv; analysis/expansion-market-download-status.json; data/market/manual-import/expansion-download-intake.json,7,expansion-market-download-session-packet; expansion-market-download-status; expansion-download-intake,expansion-market-download-session-packet
analysis/expansion-market-first-download-packet.json,expansion-market-first-download-packet,Y,2026-06-24 KST,,generated_at; latest_window; packet_row_count; latest_raw_task_count; phase_summary; phase_1_scope_count; phase_2_scope_count; phase_3_scope_count; inputs; outputs,analysis/expansion-market-scope-workbook.json,1,analysis/expansion-market-first-download-packet.md; analysis/expansion-market-first-download-packet.csv; analysis/expansion-market-first-download-packet.json,3,expansion-market-first-download-packet,expansion-market-first-download-packet
analysis/expansion-market-ingest-manifest.json,expansion-market-ingest-manifest,Y,2026-06-24 KST,30,generated_at; ingest_row_count; local_path_count; downloaded_at_count; source_counts; source_summary; dong_counts; dong_summary; source_manifest_input; status_input,,0,,0,,expansion-market-ingest-manifest
analysis/expansion-market-manual-normalization-audit.json,expansion-market-manual-normalization-audit,Y,2026-06-24 KST,,generated_at; manifest_count; raw_rows; normalized_transactions; project_matched_transactions; normalized_indicators; blocked_source_count; status_counts; status_summary; mapping_input; manifest_input,,0,,0,,
analysis/expansion-market-normalized-summary.json,expansion-market-normalized-summary,Y,2026-06-24 KST,6,generated_at; scope_count; normalized_transaction_rows; project_match_rows; scopes_with_rows; source_summary; dong_summary; inputs; outputs,data/market/expansion-market-areas.json; data/market/transactions/expansion-manual-official-transactions-normalized.json; data/market/transactions/expansion-manual-official-transactions-project-matches.json,3,analysis/expansion-market-normalized-summary.md; analysis/expansion-market-normalized-summary.csv; analysis/expansion-market-normalized-summary.json,3,expansion-market-normalized-summary,expansion-market-normalized-summary
analysis/expansion-market-quickstart-packet.json,expansion-market-quickstart-packet,Y,2026-06-24 KST,,generated_at; latest_window; quickstart_dong_count; quickstart_task_count; file_present_count; waiting_for_download_count; ready_count; packet_rank_limit; inputs; outputs,analysis/expansion-market-first-download-packet.json; analysis/expansion-market-download-status.json,2,analysis/expansion-market-quickstart-packet.md; analysis/expansion-market-quickstart-packet.csv; analysis/expansion-market-quickstart-packet.json,3,expansion-market-quickstart-packet,expansion-market-quickstart-packet
analysis/expansion-market-scope-workbook.json,expansion-market-scope-workbook,Y,2026-06-24 KST,,generated_at; zone_count; scope_row_count; shortlist_covered_count; context_only_scope_count; current_core_manifest_dong_count; expansion_dongs_already_in_core_manifest; expansion_normalized_transaction_rows; download_task_count; source_task_summary; latest_window; latest_window_task_count,analysis/expansion-interest-zone-brief.json; analysis/expansion-interest-zone-shortlist.json; data/research/expansion-interest-zone-candidates.json; data/market/project-market-areas.json; analysis/market-manual-download-workbook.json; data/market/transactions/manual-official-transactions-normalized.csv; data/market/transactions/expansion-manual-official-transactions-normalized.csv,7,analysis/expansion-market-scope-workbook.md; analysis/expansion-market-scope-workbook.csv; analysis/expansion-market-scope-workbook.json; data/market/expansion-market-areas.json; data/market/expansion-market-areas.csv,5,expansion-market-scope-workbook; expansion-market-areas,expansion-market-scope-workbook
analysis/expansion-market-signal-summary.json,expansion-market-signal-summary,Y,2026-06-24 KST,,generated_at; scope_count; zone_count; normalized_transaction_rows; unique_transactions; trade_transactions; rent_transactions; latest_deal_ymd; month_span; month_count; coverage_note; inputs,data/market/expansion-market-areas.json; data/market/transactions/expansion-manual-official-transactions-normalized.json,2,analysis/expansion-market-signal-summary.md; analysis/expansion-market-signal-summary.csv; analysis/expansion-market-signal-summary.json,3,expansion-market-signal-summary,
analysis/expansion-official-latest-check-audit.json,expansion-official-latest-check-audit,Y,2026-06-24 KST,4,generated_at; row_count; verified_result_count; verified_no_result_count; blocked_direct_popup_count; gangdong_rows; yaksu_rows; inputs; outputs,data/review/expansion-official-latest-check-intake.json,1,analysis/expansion-official-latest-check-audit.md; analysis/expansion-official-latest-check-audit.csv; analysis/expansion-official-latest-check-audit.json,3,expansion-official-latest-check-audit,expansion-official-latest-check-audit
analysis/expansion-project-market-areas.json,expansion-project-market-areas,Y,2026-06-24 KST,6,generated_at; project_row_count; direct_count; output,,0,,0,,expansion-project-market-areas
analysis/expansion-urban-notice-collection-queue.json,expansion-urban-notice-collection-queue,Y,2026-06-24 KST,10,generated_at; shortlist_count; fetch_ready_count; detail_fetched_count; notice_file_linked_count; local_notice_file_count; local_drawing_file_count; text_ready_count; text_missing_count; fetch_command; inputs; outputs,analysis/expansion-interest-zone-shortlist.json; data/urban/urban-notice-fetch-input-expansion-shortlist.json; data/urban/urban-notice-details-expansion-shortlist.json; data/urban/urban-notice-attachments-expansion-shortlist.csv; data/urban/text/notice-text-manifest.json,5,analysis/expansion-urban-notice-collection-queue.md; analysis/expansion-urban-notice-collection-queue.json; analysis/expansion-urban-notice-collection-queue.csv,3,expansion-urban-notice-collection-queue,expansion-urban-notice-collection-queue
analysis/expansion-urban-notice-review-board.json,expansion-urban-notice-review-board,Y,2026-06-24 KST,10,generated_at; row_count; text_ready_count; ocr_needed_count; confirmed_snapshot_count; pending_table_recheck_count; direct_like_count; adjacent_count; inputs; outputs,analysis/expansion-interest-zone-shortlist.json; analysis/expansion-urban-notice-collection-queue.json; data/research/expansion-urban-notice-review-seeds.json,3,analysis/expansion-urban-notice-review-board.md; analysis/expansion-urban-notice-review-board.json; analysis/expansion-urban-notice-review-board.csv,3,expansion-urban-notice-review-board,expansion-urban-notice-review-board
analysis/expansion-yaksu-ocr-recheck-board.json,expansion-yaksu-ocr-recheck-board,Y,2026-06-24 KST,3,generated_at; row_count; confirmed_snapshot_count; remaining_pending_count; conflict_resolved_count; inputs; outputs,data/research/expansion-urban-notice-review-seeds.json,1,analysis/expansion-yaksu-ocr-recheck-board.md; analysis/expansion-yaksu-ocr-recheck-board.json; analysis/expansion-yaksu-ocr-recheck-board.csv,3,expansion-yaksu-ocr-recheck-board,expansion-yaksu-ocr-recheck-board
analysis/expansion-zone-intake-seed-board.json,expansion-zone-intake-seed-board,Y,2026-06-24 KST,,generated_at; create_row_count; reuse_row_count; gangdong_create_count; yaksu_create_count; yaksu_reuse_count; inputs; outputs,analysis/expansion-gangdong-stage-watch-board.json; analysis/expansion-yaksu-ocr-recheck-board.json; analysis/expansion-interest-zone-shortlist.json; data/review/official-update-intake.json; data/review/official-source-activation-intake.json,5,analysis/expansion-zone-intake-seed-board.md; analysis/expansion-zone-intake-seed-board.json; analysis/expansion-zone-intake-seed-board.csv,3,expansion-zone-intake-seed-board,expansion-zone-intake-seed-board
analysis/expansion-zone-latest-check-guide.json,expansion-zone-latest-check-guide,Y,2026-06-24 KST,,generated_at; zone_count; total_detail_rows; gangdong_watch_count; yaksu_baseline_count; confirmed_snapshot_count; latest_stage_gap_project_count; manual_loop_zone_count; inputs; outputs,analysis/expansion-interest-zone-brief.json; analysis/expansion-interest-zone-shortlist.json; analysis/expansion-gangdong-stage-watch-board.json; analysis/expansion-yaksu-ocr-recheck-board.json; analysis/expansion-official-latest-check-audit.json; data/review/official-source-activation-intake.json; analysis/life-area-monitoring-board.json,7,analysis/expansion-zone-latest-check-guide.md; analysis/expansion-zone-latest-check-guide.json; analysis/expansion-zone-latest-check-guide.csv,3,expansion-zone-latest-check-guide,expansion-zone-latest-check-guide
analysis/expansion-zone-monitoring-checklist.json,expansion-zone-monitoring-checklist,Y,2026-06-24 KST,,generated_at; zone_count; checklist_step_count; gangdong_step_count; yaksu_step_count; manual_step_count; inputs; outputs,analysis/expansion-zone-latest-check-guide.json; analysis/official-update-runbook.json; data/review/official-source-activation-intake.json; analysis/life-area-monitoring-board.json,4,analysis/expansion-zone-monitoring-checklist.md; analysis/expansion-zone-monitoring-checklist.json; analysis/expansion-zone-monitoring-checklist.csv,3,expansion-zone-monitoring-checklist,expansion-zone-monitoring-checklist
analysis/expansion-zone-weekly-monitoring-cockpit.json,expansion-zone-weekly-monitoring-cockpit,Y,2026-06-24 KST,2,generated_at; zone_count; due_this_week_count; overdue_count; latest_stage_gap_project_count; confirmed_baseline_project_count; weekly_remote_step_count; weekly_local_step_count; weekly_followup_command; inputs; outputs,analysis/expansion-zone-latest-check-guide.json; analysis/expansion-zone-monitoring-checklist.json; analysis/official-update-runbook-checklist.json; analysis/life-area-monitoring-board.json,4,analysis/expansion-zone-weekly-monitoring-cockpit.md; analysis/expansion-zone-weekly-monitoring-cockpit.csv; analysis/expansion-zone-weekly-monitoring-cockpit.json,3,expansion-zone-weekly-monitoring-cockpit,expansion-zone-weekly-monitoring-cockpit
analysis/fieldwork-observation-notebook.json,fieldwork-observation-notebook,Y,2026-06-24 KST,30,generated_at; route_count; focus_area_count; project_count; observation_count; observation_error_count; observation_warning_count; ready_to_visit_count; observed_followup_ready_count; inputs; outputs,analysis/fieldwork-route-planner.json; data/review/fieldwork-observations.json,2,analysis/fieldwork-observation-notebook.md; analysis/fieldwork-observation-notebook.csv; analysis/fieldwork-observation-notebook.json; data/review/fieldwork-observations.README.md; data/review/fieldwork-observation-examples.json,5,fieldwork-observation-notebook; fieldwork-observations.README; fieldwork-observation-examples,fieldwork-observation-notebook
analysis/fieldwork-route-planner.json,fieldwork-route-planner,N,,30,,,0,,0,,fieldwork-route-planner
analysis/fixed-date-hardcode-audit.json,fixed-date-hardcode-audit,Y,2026-06-24 KST,12,generated_at; script_count; regenerate_connected_count; operating_guide_ref_count; personal_home_ref_count; stale_output_count; priority_counts; priority_mix; inputs; outputs,scripts; scripts/regenerate-research-artifacts.mjs; analysis/current-research-operating-guide.md; analysis/personal-research-home.md,4,analysis/fixed-date-hardcode-audit.md; analysis/fixed-date-hardcode-audit.csv; analysis/fixed-date-hardcode-audit.json,3,fixed-date-hardcode-audit,fixed-date-hardcode-audit
analysis/focus-area-comparison-brief.json,focus-area-comparison-brief,Y,2026-06-24 KST,3,generated_at; focus_area_count; project_count; source_blocked_hypotheses; active_watch_hypotheses; source_freshness_summary; inputs; outputs,analysis/strategic-research-brief.json; analysis/focus-area-strategy.json; analysis/long-term-potential-scorecard.json; analysis/research-hypothesis-ledger.json; analysis/fieldwork-route-planner.json; analysis/market-transaction-signal-summary.json; analysis/official-source-freshness-ledger.json,7,analysis/focus-area-comparison-brief.md; analysis/focus-area-comparison-brief.csv; analysis/focus-area-comparison-brief.json,3,focus-area-comparison-brief,focus-area-comparison-brief
analysis/focus-area-decision-memo.json,focus-area-decision-memo,Y,2026-06-24 KST,12,generated_at; focus_area_count; project_memo_count; stance_mix; source_blocked_hypotheses; active_watch_hypotheses; high_blocking_focus_count; inputs; outputs,analysis/focus-area-comparison-brief.json; analysis/strategic-research-brief.json; analysis/research-hypothesis-ledger.json; analysis/project-due-diligence-board.json; analysis/research-completion-cockpit.json; analysis/official-change-detection-board.json,6,analysis/focus-area-decision-memo.md; analysis/focus-area-decision-memo.csv; analysis/focus-area-decision-memo.json,3,focus-area-decision-memo,focus-area-decision-memo
analysis/focus-area-evidence-risk-heatmap.json,focus-area-evidence-risk-heatmap,Y,2026-06-24 KST,30,generated_at; focus_area_count; project_count; weak_evidence_count; official_response_first_count; very_high_risk_count; source_blocked_hypothesis_count; p0_count; inputs; outputs,analysis/long-term-potential-scorecard.json; analysis/project-due-diligence-board.json; analysis/source-evidence-audit.json; analysis/project-risk-signal-summary.json; analysis/research-hypothesis-ledger.json; analysis/research-completion-cockpit.json,6,analysis/focus-area-evidence-risk-heatmap.md; analysis/focus-area-evidence-risk-heatmap.csv; analysis/focus-area-evidence-risk-heatmap.json,3,focus-area-evidence-risk-heatmap,focus-area-evidence-risk-heatmap
analysis/focus-area-strategy.json,focus-area-strategy,N,,3,,,0,,0,,
analysis/focus-deep-dive-queue.json,focus-deep-dive-queue,Y,2026-06-24 KST,30,generated_at; project_count; focus_area_count; avg_deep_dive_priority_score; source_deep_dive_count; cost_deep_dive_count; fieldwork_deep_dive_count; market_connected_count; inputs; outputs,analysis/project-comparison-matrix.json; analysis/long-term-potential-scorecard.json; analysis/research-next-moves.json; analysis/project-risk-signal-summary.json; analysis/market-transaction-signal-summary.json; analysis/public-development-catalyst-map.json; analysis/autonomous-mobility-scenario.json,7,analysis/focus-deep-dive-queue.md; analysis/focus-deep-dive-queue.csv; analysis/focus-deep-dive-queue.json,3,focus-deep-dive-queue,focus-deep-dive-queue
analysis/focus-project-fieldwork-cockpit.json,focus-project-fieldwork-cockpit,Y,2026-06-24 KST,4,generated_at; project_count; route_count; ready_to_visit_count; observed_followup_ready_count; inputs; outputs,analysis/focus-project-monitoring-board.json; analysis/fieldwork-observation-notebook.json; analysis/current-research-snapshot.json; data/review/fieldwork-observations-core-routes-starter.json,4,analysis/focus-project-fieldwork-cockpit.md; analysis/focus-project-fieldwork-cockpit.csv; analysis/focus-project-fieldwork-cockpit.json,3,focus-project-fieldwork-cockpit,focus-project-fieldwork-cockpit
analysis/focus-project-monitoring-board.json,focus-project-monitoring-board,Y,2026-06-24 KST,4,generated_at; project_count; waiting_external_response_count; high_dependency_count; average_confidence; top_project; common_rules; inputs; outputs,analysis/focus-project-monitoring-registry.json; analysis/current-research-snapshot.json,2,analysis/focus-project-monitoring-board.md; analysis/focus-project-monitoring-board.csv; analysis/focus-project-monitoring-board.json,3,focus-project-monitoring-board,focus-project-monitoring-board
analysis/focus-project-monitoring-registry.json,focus-project-monitoring-registry,N,,,,,0,,0,,
analysis/focus-project-pair-comparison-board.json,focus-project-pair-comparison-board,Y,2026-06-24 KST,,generated_at; pair_count; ready_to_compare_count; await_second_observation_count; recorded_comparison_count; applied_count; inputs; outputs,data/review/fieldwork-observations.json; data/review/focus-project-pair-comparisons.json,2,analysis/focus-project-pair-comparison-board.md; analysis/focus-project-pair-comparison-board.csv; analysis/focus-project-pair-comparison-board.json; data/review/focus-project-pair-comparisons.README.md; data/review/focus-project-pair-comparison-examples.json,5,focus-project-pair-comparison-board; focus-project-pair-comparisons.README; focus-project-pair-comparison-examples,focus-project-pair-comparison-board
analysis/focus-project-weekly-monitoring-cockpit.json,focus-project-weekly-monitoring-cockpit,Y,2026-06-24 KST,4,generated_at; project_count; external_wait_focus_count; weekly_remote_step_count; weekly_local_step_count; filed_waiting_response_count; weekly_followup_command; inputs; outputs,analysis/focus-project-monitoring-board.json; analysis/high-blocking-filing-tracker.json; analysis/official-update-runbook-checklist.json; analysis/current-research-snapshot.json,4,analysis/focus-project-weekly-monitoring-cockpit.md; analysis/focus-project-weekly-monitoring-cockpit.csv; analysis/focus-project-weekly-monitoring-cockpit.json,3,focus-project-weekly-monitoring-cockpit,focus-project-weekly-monitoring-cockpit
analysis/gwangjin-gu-notice-fact-check.json,gwangjin-gu-notice-fact-check,N,,29,,,0,,0,,
analysis/gwangjin-original-notice-candidates.json,gwangjin-original-notice-candidates,N,,,,,0,,0,,
analysis/high-blocking-contact-channel-registry.json,high-blocking-contact-channel-registry,Y,2026-06-24 KST,9,generated_at; channel_count; jurisdiction_count; project_count; jurisdiction_counts; channel_type_counts; jurisdiction_summary; channel_type_summary; output,,0,,0,,high-blocking-contact-channel-registry
analysis/high-blocking-filing-checklist.json,high-blocking-filing-checklist,Y,2026-06-24 KST,3,generated_at; project_count; ready_to_submit_count; waiting_for_response_count; response_review_count; decision_review_count; validation_error_count; validation_warning_count; inputs; outputs,analysis/high-blocking-filing-tracker.json; analysis/high-blocking-intake-validation.json; data/review/high-blocking-filing-outbox/manifest.json; data/review/high-blocking-source-response-intake.json,4,analysis/high-blocking-filing-checklist.md; analysis/high-blocking-filing-checklist.csv; analysis/high-blocking-filing-checklist.json,3,high-blocking-filing-checklist,high-blocking-filing-checklist
analysis/high-blocking-filing-tracker.json,high-blocking-filing-tracker,Y,2026-06-24 KST,3,generated_at; project_count; ready_to_file_count; filed_waiting_count; follow_up_due_count; response_due_attention_count; response_validation_count; ready_to_append_count; status_counts; status_summary; inputs; outputs,analysis/high-blocking-info-disclosure-packet.json; analysis/high-blocking-response-decision-drafts.json; data/review/high-blocking-source-response-intake.json,3,analysis/high-blocking-filing-tracker.md; analysis/high-blocking-filing-tracker.csv; analysis/high-blocking-filing-tracker.json,3,high-blocking-filing-tracker,high-blocking-filing-tracker
analysis/high-blocking-followup-history.json,high-blocking-followup-history,Y,2026-06-24 KST,,generated_at; log_count; projects_with_log_count; projects_without_log_count; no_change_count; response_posted_count; supplement_requested_count; deadline_changed_count; portal_issue_count; session_anchor_date; inputs; outputs,data/review/high-blocking-followup-check-log.json; analysis/high-blocking-filing-tracker.json; analysis/high-blocking-next-check-session-packet.json,3,analysis/high-blocking-followup-history.md; analysis/high-blocking-followup-history.csv; analysis/high-blocking-followup-history.json,3,high-blocking-followup-history,high-blocking-followup-history
analysis/high-blocking-info-disclosure-packet.json,high-blocking-info-disclosure-packet,Y,2026-06-24 KST,3,generated_at; project_count; ready_to_file_count; district_counts; stage_counts; district_summary; stage_summary; inputs,analysis/high-blocking-source-escalation-packet.json; analysis/high-blocking-contact-channel-registry.json; analysis/high-blocking-official-search-rerun.json; data/review/high-blocking-source-response-intake.json,4,,0,,high-blocking-info-disclosure-packet
analysis/high-blocking-intake-validation.json,high-blocking-intake-validation,Y,2026-06-24 KST,,generated_at; intake_rows; packet_rows; issue_count; error_count; warning_count; ready_to_append_count; waiting_for_response_count; inputs; outputs,analysis/high-blocking-info-disclosure-packet.json; analysis/high-blocking-response-decision-drafts.json; data/review/high-blocking-source-response-intake.json,3,analysis/high-blocking-intake-validation.md; analysis/high-blocking-intake-validation.csv; analysis/high-blocking-intake-validation.json,3,high-blocking-intake-validation,high-blocking-intake-validation
analysis/high-blocking-next-check-command-audit.json,high-blocking-next-check-command-audit,Y,2026-06-24 KST,3,generated_at; project_count; ok_count; warning_count; error_count; issue_count; inputs; outputs,analysis/high-blocking-next-check-session-packet.json; analysis/high-blocking-filing-tracker.json,2,analysis/high-blocking-next-check-command-audit.md; analysis/high-blocking-next-check-command-audit.csv; analysis/high-blocking-next-check-command-audit.json,3,high-blocking-next-check-command-audit,high-blocking-next-check-command-audit
analysis/high-blocking-next-check-session-packet.json,high-blocking-next-check-session-packet,Y,2026-06-24 KST,3,generated_at; session_anchor_date; packet_title; batch_touch_command; project_count; waiting_response_count; response_due_known_count; workflow_status; workflow_appendable; inputs; outputs,analysis/high-blocking-filing-tracker.json; analysis/high-blocking-filing-checklist.json; analysis/high-blocking-response-intake-guide.json; analysis/high-blocking-response-followup-cockpit.json; analysis/high-blocking-response-workflow-run.json,5,analysis/high-blocking-next-check-session-packet.md; analysis/high-blocking-next-check-session-packet.csv; analysis/high-blocking-next-check-session-packet.json,3,high-blocking-next-check-session-packet,high-blocking-next-check-session-packet
analysis/high-blocking-official-search-rerun.json,high-blocking-official-search-rerun,Y,2026-06-24 KST,3,generated_at; project_count; gwangjin_rerun_count; gwangjin_no_candidate_count; urban_no_candidate_count; general_web_no_official_count; official_probe_no_actionable_count; external_response_required_count; inputs; outputs,data/urban/gwangjin-gu-notice-candidates.json; data/urban/business-layer-notice-candidates.csv; analysis/high-blocking-public-web-probe.json; data/review/high-blocking-public-search-log.json,4,analysis/high-blocking-official-search-rerun.md; analysis/high-blocking-official-search-rerun.csv; analysis/high-blocking-official-search-rerun.json,3,high-blocking-official-search-rerun,high-blocking-official-search-rerun
analysis/high-blocking-public-summary-boundary.json,high-blocking-public-summary-boundary,Y,2026-06-24 KST,21,generated_at; field_count; high_blocking_count; summary_supported_count; official_conflict_count; layer_candidate_count; notice_identifier_needed_count; management_attachment_needed_count; boundary_status_counts,,0,,0,,high-blocking-public-summary-boundary
analysis/high-blocking-public-web-probe.json,high-blocking-public-web-probe,Y,2026-06-24 KST,5,generated_at; probe_count; project_count; summary_support_only_count; external_escalation_needed_count; resolved_count; resolution_effect_counts; resolution_effect_summary,,0,,0,,high-blocking-public-web-probe
analysis/high-blocking-response-decision-drafts.json,high-blocking-response-decision-drafts,Y,2026-06-24 KST,3,generated_at; intake_rows; packet_projects; ready_to_append; waiting_for_response; needs_intake_fix; outputs,,0,analysis/high-blocking-response-decision-drafts.md; analysis/high-blocking-response-decision-drafts.json,2,high-blocking-response-decision-drafts,high-blocking-response-decision-drafts
analysis/high-blocking-response-followup-cockpit.json,high-blocking-response-followup-cockpit,Y,2026-06-24 KST,3,generated_at; project_count; waiting_response_count; due_within_7_days_count; overdue_count; ready_to_append_count; workflow_status; workflow_appendable; completion_p0_count; inputs; outputs,analysis/high-blocking-filing-tracker.json; analysis/high-blocking-filing-checklist.json; analysis/high-blocking-response-intake-guide.json; analysis/high-blocking-response-decision-drafts.json; analysis/high-blocking-response-workflow-run.json; analysis/research-completion-cockpit.json,6,analysis/high-blocking-response-followup-cockpit.md; analysis/high-blocking-response-followup-cockpit.csv; analysis/high-blocking-response-followup-cockpit.json,3,high-blocking-response-followup-cockpit,high-blocking-response-followup-cockpit
analysis/high-blocking-response-intake-guide.json,high-blocking-response-intake-guide,Y,2026-06-24 KST,3,generated_at; project_count; current_intake_rows; validation_error_count; validation_warning_count; inputs; outputs,analysis/high-blocking-info-disclosure-packet.json; data/review/high-blocking-source-response-intake.json; analysis/high-blocking-intake-validation.json,3,analysis/high-blocking-response-intake-guide.md; analysis/high-blocking-response-intake-guide.json; data/review/high-blocking-response-intake-examples.json,3,high-blocking-response-intake-guide; high-blocking-response-intake-examples,high-blocking-response-intake-guide
analysis/high-blocking-response-workflow-run.json,high-blocking-response-workflow-run,Y,2026-06-24 KST,,generated_at; mode; status; validation_errors; appendable_decisions; wrote_decisions; regenerated; next_action; steps; outputs,,0,analysis/high-blocking-response-workflow-run.md; analysis/high-blocking-response-workflow-run.json,2,high-blocking-response-workflow-run,high-blocking-response-workflow-run
analysis/high-blocking-source-escalation-packet.json,high-blocking-source-escalation-packet,Y,2026-06-24 KST,,generated_at; project_count; field_count; high_blocking_count; medium_context_field_count; request_type_counts; target_channels; project_names; outputs,,0,analysis/high-blocking-source-escalation-packet.md; analysis/high-blocking-source-escalation-packet.csv; analysis/high-blocking-source-escalation-packet.json,3,high-blocking-source-escalation-packet,high-blocking-source-escalation-packet
analysis/high-blocking-submission-approval-board.json,high-blocking-submission-approval-board,Y,2026-06-24 KST,,generated_at; needs_approval_count; gwangjin_count; songpa_count; no_response_count; official_search_exhausted_count; inputs; outputs,data/review/high-blocking-filing-outbox/manifest.json; analysis/high-blocking-filing-checklist.json; analysis/high-blocking-official-search-rerun.json; data/review/high-blocking-source-response-intake.json,4,analysis/high-blocking-submission-approval-board.md; analysis/high-blocking-submission-approval-board.csv; analysis/high-blocking-submission-approval-board.json,3,high-blocking-submission-approval-board,high-blocking-submission-approval-board
analysis/hwp-conversion-audit.json,hwp-conversion-audit,N,,9,,,0,,0,,hwp-conversion-audit
analysis/life-area-extended-comparison-board.json,life-area-extended-comparison-board,Y,2026-06-24 KST,5,generated_at; total_rows; core_life_area_count; expansion_zone_count; stage_recheck_needed_count; high_external_dependency_count; inputs; outputs,analysis/current-research-snapshot.json; analysis/focus-area-comparison-brief.json; analysis/focus-area-decision-memo.json; analysis/focus-area-evidence-risk-heatmap.json; analysis/core-expansion-research-spine.json; analysis/expansion-interest-zone-brief.json; analysis/life-area-monitoring-board.json; analysis/market-transaction-signal-summary.json,9,analysis/life-area-extended-comparison-board.md; analysis/life-area-extended-comparison-board.json; analysis/life-area-extended-comparison-board.csv,3,life-area-extended-comparison-board,life-area-extended-comparison-board-refresh
analysis/life-area-market-baseline-board.json,life-area-market-baseline-board,Y,2026-06-24 KST,5,generated_at; row_count; core_count; expansion_count; top_volume_area; top_volume_transactions; top_ppsm_area; top_ppsm_value; top_deposit_area; top_deposit_value; latest_deal_ymd; inputs,analysis/current-research-snapshot.json; analysis/life-area-extended-comparison-board.json; analysis/market-transaction-signal-summary.json; analysis/expansion-market-signal-summary.json,4,analysis/life-area-market-baseline-board.md; analysis/life-area-market-baseline-board.csv; analysis/life-area-market-baseline-board.json,3,life-area-market-baseline-board,
analysis/life-area-market-reaction-brief.json,life-area-market-reaction-brief,Y,2026-06-24 KST,,generated_at; core_life_area_count; core_market_covered_count; expansion_zone_count; expansion_market_covered_count; expansion_market_partial_count; expansion_market_uncovered_count; expansion_candidate_dong_count; market_manifest_dong_count; normalized_transaction_rows; latest_deal_ymd; expansion_signal_unique_transactions,analysis/market-transaction-signal-summary.json; analysis/focus-area-comparison-brief.json; analysis/life-area-extended-comparison-board.json; analysis/expansion-interest-zone-brief.json; data/market/project-market-areas.json; data/market/transactions/manual-official-transactions-normalized.csv; analysis/expansion-market-normalized-summary.json; analysis/expansion-market-signal-summary.json,8,analysis/life-area-market-reaction-brief.md; analysis/life-area-market-reaction-brief.csv; analysis/life-area-market-reaction-brief.json,3,life-area-market-reaction-brief,
analysis/life-area-monitoring-board.json,life-area-monitoring-board,Y,2026-06-24 KST,3,generated_at; life_area_count; expansion_zone_count; value_confirmed_expansion_zone_count; stage_recheck_expansion_zone_count; baseline_only_area_count; external_wait_area_count; fieldwork_pending_area_count; top_focus_area; latest_log_date; inputs; outputs,analysis/current-research-snapshot.json; analysis/focus-area-comparison-brief.json; analysis/focus-area-decision-memo.json; analysis/focus-area-evidence-risk-heatmap.json; analysis/weekly-monitoring-comparison-board.json; analysis/weekly-monitoring-history.json; analysis/core-expansion-research-spine.json; analysis/expansion-gangdong-stage-watch-board.json,8,analysis/life-area-monitoring-board.md; analysis/life-area-monitoring-board.csv; analysis/life-area-monitoring-board.json,3,life-area-monitoring-board,life-area-monitoring-board
analysis/long-term-potential-scorecard.json,long-term-potential-scorecard,N,,30,,,0,,0,,long-term-potential-scorecard
analysis/macheon-original-notice-candidates.json,macheon-original-notice-candidates,N,,8,,,0,,0,,
analysis/management-stage-fact-check.json,management-stage-fact-check,N,,2,,,0,,0,,
analysis/management-stage-value-resolution.json,management-stage-value-resolution,N,,16,,,0,,0,,management-stage-value-resolution
analysis/market-api-readiness-audit.json,market-api-readiness-audit,Y,2026-06-24 KST,3,generated_at; project_count; source_metadata_count; plan_count; fetchable_plan_count; blocked_plan_count; raw_file_count; normalized_transactions_exists; normalized_transactions_bytes; project_matches_exists; project_matches_bytes; market_raw_collection_ready,,0,,0,,market-api-readiness-audit
analysis/market-manual-column-audit.json,market-manual-column-audit,Y,2026-06-24 KST,70,generated_at; manifest_count; waiting_for_file_count; parsed_file_count; ready_for_mapping_count; needs_mapping_count; readiness_counts; readiness_summary; manifest_input,,0,,0,,
analysis/market-manual-download-status.json,market-manual-download-status,Y,2026-06-24 KST,70,generated_at; task_count; file_present_count; waiting_for_download_count; ready_or_date_needed_count; status_counts; status_summary; workbook_input; intake_input,,0,,0,,market-manual-download-status
analysis/market-manual-download-workbook.json,market-manual-download-workbook,Y,2026-06-24 KST,70,generated_at; task_count; source_counts; source_summary; acquisition_mode_counts; acquisition_mode_summary; manifest_status_counts; manifest_status_summary; district_count; dong_task_count; molit_task_count; seoul_open_data_task_count,,0,,0,,market-manual-download-workbook
analysis/market-manual-import-readiness.json,market-manual-import-readiness,Y,2026-06-24 KST,4,generated_at; manifest_count; file_present_count; ready_for_normalization_count; waiting_for_download_count; project_count; readiness_counts; readiness_summary; manifest_input,,0,,0,,market-manual-import-readiness
analysis/market-manual-ingest-manifest.json,market-manual-ingest-manifest,Y,2026-06-24 KST,70,generated_at; ingest_row_count; task_level_count; source_level_count; local_path_count; downloaded_at_missing_count; scope_counts; scope_summary; source_manifest_input; download_status_input,,0,,0,,market-manual-ingest-manifest
analysis/market-manual-normalization-audit.json,market-manual-normalization-audit,Y,2026-06-24 KST,,generated_at; manifest_count; raw_rows; normalized_transactions; project_matched_transactions; normalized_indicators; blocked_source_count; status_counts; status_summary; mapping_input; manifest_input,,0,,0,,
analysis/market-transaction-signal-summary.json,market-transaction-signal-summary,Y,2026-06-24 KST,30,generated_at; official_source; normalized_transactions; normalized_indicators; project_match_rows; project_count; project_with_match_count; focus_area_count; latest_deal_ymd; latest_indicator_month; coverage_note,,0,,0,,
analysis/ocr-image-review-decisions.json,ocr-image-review-decisions,N,,40,,,0,,0,,ocr-image-decisions
analysis/ocr-source-review-triage.json,ocr-source-review-triage,N,,1,,,0,,0,,ocr-source-triage
analysis/ocr-source-verification-packet.json,ocr-source-verification-packet,N,,1,,,0,,0,,ocr-source-packet
analysis/official-change-detection-board.json,official-change-detection-board,Y,2026-06-24 KST,14,generated_at; source_count; primary_source_count; high_blocking_sensitive_source_count; catalyst_sensitive_source_count; impacted_project_source_count; manual_or_key_source_count; freshness_mix; tier_mix; runbook_mix; inputs; outputs,analysis/official-update-registry.json; analysis/official-source-freshness-ledger.json; analysis/official-update-runbook-checklist.json; analysis/update-impact-ledger.json; analysis/catalyst-trigger-matrix.json; analysis/research-completion-cockpit.json,6,analysis/official-change-detection-board.md; analysis/official-change-detection-board.csv; analysis/official-change-detection-board.json,3,official-change-detection-board,official-change-detection-board
analysis/official-context-impact-board.json,official-context-impact-board,Y,2026-06-24 KST,52,generated_at; result_count; project_link_count; context_watch_only_count; no_change_count; promotion_review_count; original_candidate_review_count; impacted_project_count; impact_mix; gate_mix; focus_mix; inputs,analysis/official-context-search-results-board.json; analysis/catalyst-trigger-matrix.json; analysis/public-development-catalyst-map.json; analysis/research-hypothesis-ledger.json,4,analysis/official-context-impact-board.md; analysis/official-context-impact-board.csv; analysis/official-context-impact-board.json,3,official-context-impact-board,official-context-impact-board
analysis/official-context-search-queue.json,official-context-search-queue,Y,2026-06-24 KST,34,generated_at; search_count; catalyst_count; source_count; context_only_count; original_candidate_count; source_mix; focus_mix; inputs; outputs,analysis/public-development-catalyst-map.json; analysis/catalyst-trigger-matrix.json; analysis/official-source-activation-checklist.json; analysis/official-context-sources.csv,4,analysis/official-context-search-queue.md; analysis/official-context-search-queue.csv; analysis/official-context-search-queue.json,3,official-context-search-queue,official-context-search-queue
analysis/official-context-search-results-board.json,official-context-search-results-board,Y,2026-06-24 KST,10,generated_at; result_count; search_count; searched_queue_count; unsearched_queue_count; needs_fix_count; verified_original_count; context_only_count; result_status_mix; route_mix; inputs; outputs,analysis/official-context-search-queue.json; data/review/official-context-search-results-intake.json,2,analysis/official-context-search-results-board.md; analysis/official-context-search-results-board.csv; analysis/official-context-search-results-board.json; data/review/official-context-search-results-intake.README.md; data/review/official-context-search-results-intake-examples.json,5,official-context-search-results-board; official-context-search-results-intake.README; official-context-search-results-intake-examples,official-context-search-results-board
analysis/official-refresh-summary.json,official-refresh-summary,Y,2026-06-24T13:12:48.920Z,,generated_at; inputs; cleanup; cleanup_board; urban_map; urban_notice; district_notice; action_queue_count; action_queue,,0,,0,,official-refresh-summary
analysis/official-source-activation-checklist.json,official-source-activation-checklist,Y,2026-06-24 KST,9,generated_at; activation_source_count; planned_count; active_count; needs_fix_count; high_blocking_sensitive_count; impacted_project_source_count; intake_row_count; type_mix; status_mix; freshness_mix; impact_mix,analysis/official-source-freshness-ledger.json; analysis/official-update-runbook-checklist.json; analysis/official-change-detection-board.json; data/review/official-source-activation-intake.json,4,analysis/official-source-activation-checklist.md; analysis/official-source-activation-checklist.csv; analysis/official-source-activation-checklist.json; data/review/official-source-activation-intake.README.md; data/review/official-source-activation-intake-examples.json,5,official-source-activation-checklist; official-source-activation-intake.README; official-source-activation-intake-examples,official-source-activation-checklist
analysis/official-source-activation-validation.json,official-source-activation-validation,Y,2026-06-24 KST,9,generated_at; target_source_count; intake_row_count; tracked_count; untracked_count; orphan_count; error_count; warning_count; active_count; submitted_count; blocked_count; overdue_check_count,analysis/official-source-activation-checklist.json; data/review/official-source-activation-intake.json,2,analysis/official-source-activation-validation.md; analysis/official-source-activation-validation.csv; analysis/official-source-activation-validation.json,3,official-source-activation-validation,official-source-activation-validation
analysis/official-source-freshness-ledger.json,official-source-freshness-ledger,Y,2026-06-24 KST,14,generated_at; source_count; local_ready_count; refresh_needed_count; manual_or_key_needed_count; missing_artifact_source_count; status_mix; tier_mix; runbook_mix; inputs; outputs,analysis/official-update-registry.json; analysis/official-update-runbook.json; analysis/official-update-runbook-checklist.json,3,analysis/official-source-freshness-ledger.md; analysis/official-source-freshness-ledger.csv; analysis/official-source-freshness-ledger.json,3,official-source-freshness-ledger,official-source-freshness-ledger
analysis/official-update-intake-board.json,official-update-intake-board,Y,2026-06-24 KST,16,generated_at; intake_count; template_source_count; needs_fix_count; inbox_count; triaged_count; applied_count; route_mix; evidence_mix; status_mix; inputs; outputs,data/review/official-update-intake.json; analysis/official-update-registry.json; analysis/official-change-detection-board.json; analysis/project-comparison-matrix.json; analysis/research-completion-cockpit.json; analysis/official-update-source-verification-bridge.json,6,analysis/official-update-intake-board.md; analysis/official-update-intake-board.csv; analysis/official-update-intake-board.json; data/review/official-update-intake.README.md; data/review/official-update-intake-examples.json,5,official-update-intake-board; official-update-intake.README; official-update-intake-examples,official-update-intake-board
analysis/official-update-registry.json,official-update-registry,N,,14,,,0,,0,,official-update-registry
analysis/official-update-runbook-checklist.json,official-update-runbook-checklist,Y,2026-06-24 KST,,generated_at; selected_runbooks; checklist_steps; status_counts; phase_counts; args,,0,,0,,official-update-runbook-checklist
analysis/official-update-runbook.json,official-update-runbook,N,,11,,,0,,0,,official-update-registry
analysis/official-update-scenario-playbook.json,official-update-scenario-playbook,Y,2026-06-24 KST,14,generated_at; scenario_count; routed_scenario_count; high_blocking_scenario_count; context_only_scenario_count; needs_text_extraction_count; route_mix; evidence_mix; inputs; outputs,analysis/official-change-detection-board.json; analysis/official-update-intake-board.json; analysis/update-impact-ledger.json; analysis/project-comparison-matrix.json; analysis/research-completion-cockpit.json,5,analysis/official-update-scenario-playbook.md; analysis/official-update-scenario-playbook.csv; analysis/official-update-scenario-playbook.json,3,official-update-scenario-playbook,official-update-scenario-playbook
analysis/official-update-source-verification-bridge.json,official-update-source-verification-bridge,Y,2026-06-24 KST,,generated_at; update_count; source_verification_update_count; candidate_closure_count; applied_candidate_count; manual_review_count; followup_update_count; no_candidate_count; related_project_update_count; decision_context_invalid_count; bridge_status_mix; closure_status_mix,data/review/official-update-intake.json; analysis/source-verification-closure-ledger.json; data/review/source-verification-closure-decisions.json; analysis/update-impact-ledger.json,4,analysis/official-update-source-verification-bridge.md; analysis/official-update-source-verification-bridge.csv; analysis/official-update-source-verification-bridge.json,3,official-update-source-verification-bridge,official-update-source-verification-bridge
analysis/official-web-query-registry.json,official-web-query-registry,Y,2026-06-24 KST,12,generated_at; row_count; core_count; expansion_count; identifier_closure_count; high_blocking_count; context_count; inputs; outputs,analysis/focus-project-monitoring-registry.json; analysis/official-change-detection-board.json; data/review/official-source-activation-intake.json; analysis/high-blocking-next-check-session-packet.json; analysis/high-blocking-contact-channel-registry.json; analysis/representative-lot-fallback-edge-session-packet.json,6,analysis/official-web-query-registry.md; analysis/official-web-query-registry.json; analysis/official-web-query-registry.csv,3,official-web-query-registry,official-web-query-registry
analysis/personal-research-home.json,personal-research-home,Y,2026-06-24 KST,,generated_at; final_verdict; focus_area_count; expansion_zone_count; expansion_candidate_count; expansion_shortlist_count; expansion_notice_fetch_ready_count; expansion_notice_detail_count; expansion_due_this_week_count; expansion_latest_stage_gap_count; expansion_verified_result_count; expansion_verified_no_result_count,analysis/strategic-research-brief.json; analysis/focus-area-comparison-brief.json; analysis/focus-area-evidence-risk-heatmap.json; analysis/focus-area-decision-memo.json; analysis/focus-project-monitoring-board.json; analysis/focus-project-weekly-monitoring-cockpit.json; analysis/expansion-zone-weekly-monitoring-cockpit.json; analysis/focus-project-fieldwork-cockpit.json,45,analysis/personal-research-home.md; analysis/personal-research-home.csv; analysis/personal-research-home.json,3,personal-research-home,personal-research-home
analysis/project-comparison-matrix.json,project-comparison-matrix,N,,30,,,0,,0,,
analysis/project-due-diligence-board.json,project-due-diligence-board,Y,2026-06-24 KST,30,generated_at; project_count; lane_mix; focus_mix; official_response_first_count; source_or_ocr_first_count; fieldwork_first_count; latest_market_deal_ymd; inputs; outputs,analysis/project-comparison-matrix.json; analysis/research-next-moves.json; analysis/project-evidence-binder.json; analysis/fieldwork-route-planner.json; analysis/market-transaction-signal-summary.json; analysis/catalyst-trigger-matrix.json,6,analysis/project-due-diligence-board.md; analysis/project-due-diligence-board.csv; analysis/project-due-diligence-board.json,3,project-due-diligence-board,project-due-diligence-board
analysis/project-evidence-binder.json,project-evidence-binder,Y,2026-06-24 KST,30,generated_at; project_count; primary_original_ready_count; ocr_or_partial_review_count; source_link_bottleneck_count; official_response_needed_count; status_mix; evidence_grade_mix; focus_mix; inputs; outputs,analysis/project-comparison-matrix.json; analysis/source-evidence-audit.json; analysis/source-text-extraction-audit.json; analysis/core-value-confirmation-ledger.json; analysis/source-link-closure-board.json; analysis/research-hypothesis-ledger.json; analysis/research-completion-cockpit.json,7,analysis/project-evidence-binder.md; analysis/project-evidence-binder.csv; analysis/project-evidence-binder.json,3,project-evidence-binder,project-evidence-binder
analysis/project-risk-signal-summary.json,project-risk-signal-summary,N,,30,,,0,,0,,project-risk-signal-summary
analysis/public-development-catalyst-map.json,public-development-catalyst-map,Y,2026-06-24 KST,36,generated_at; catalyst_count; link_count; project_count; high_watch_link_count; avg_catalyst_priority_score; inputs; outputs,analysis/transport-location-context.json; analysis/long-term-potential-scorecard.json; analysis/reassessment-watchlist.json; analysis/autonomous-mobility-scenario.json; analysis/official-update-registry.json,5,analysis/public-development-catalyst-map.md; analysis/public-development-catalyst-map.csv; analysis/public-development-catalyst-map.json,3,public-development-catalyst-map,public-development-catalyst-map
analysis/reassessment-watchlist.json,reassessment-watchlist,N,,30,,,0,,0,,reassessment-watchlist
analysis/recordcode-dead-end-audit.json,recordcode-dead-end-audit,N,,11,,,0,,0,,recordcode-dead-end-audit
analysis/representative-lot-fallback-api-probe.json,representative-lot-fallback-api-probe,Y,2026-06-24 KST,6,generated_at; raw_generated_at; project_count; strong_same_stage_candidate_count; stage_gap_hold_count; planning_hold_count; needs_manual_confirmation_count; feature_without_present_sn_count; weak_candidate_count; inputs; outputs,data/urban/representative-lot-fallback-api-probe.json; analysis/representative-lot-fallback-identifier-closure-workbook.json,2,analysis/representative-lot-fallback-api-probe.md; analysis/representative-lot-fallback-api-probe.csv; analysis/representative-lot-fallback-api-probe.json,3,representative-lot-fallback-api-probe,representative-lot-fallback-api-probe
analysis/representative-lot-fallback-apply-audit.json,representative-lot-fallback-apply-audit,Y,2026-06-24 KST,,generated_at; project_count; reviewable_count; unreviewed_count; ready_to_mark_applied_count; pending_apply_verification_needed_count; applied_verified_count; applied_mismatch_count; hold_count; inputs; outputs,analysis/representative-lot-fallback-edge-session-packet.json; data/review/representative-lot-fallback-browser-findings.json; analysis/project-comparison-matrix.json,3,analysis/representative-lot-fallback-apply-audit.md; analysis/representative-lot-fallback-apply-audit.csv; analysis/representative-lot-fallback-apply-audit.json,3,representative-lot-fallback-apply-audit,representative-lot-fallback-apply-audit
analysis/representative-lot-fallback-command-packet.json,representative-lot-fallback-command-packet,Y,2026-06-24 KST,6,generated_at; project_count; strong_same_stage_candidate_count; needs_manual_confirmation_count; planning_hold_count; stage_gap_hold_count; outputs; inputs,analysis/representative-lot-fallback-api-probe.json; analysis/representative-lot-fallback-finding-board.json,2,analysis/representative-lot-fallback-command-packet.md; analysis/representative-lot-fallback-command-packet.csv; analysis/representative-lot-fallback-command-packet.json,3,representative-lot-fallback-command-packet,representative-lot-fallback-command-packet
analysis/representative-lot-fallback-edge-session-packet.json,representative-lot-fallback-edge-session-packet,Y,2026-06-24 KST,,generated_at; project_count; same_stage_count; stage_gap_count; api_strong_same_stage_count; api_stage_gap_hold_count; inputs; outputs,analysis/representative-lot-fallback-identifier-closure-workbook.json; analysis/representative-lot-fallback-api-probe.json,2,analysis/representative-lot-fallback-edge-session-packet.md; analysis/representative-lot-fallback-edge-session-packet.csv; analysis/representative-lot-fallback-edge-session-packet.json,3,representative-lot-fallback-edge-session-packet,representative-lot-fallback-edge-session-packet
analysis/representative-lot-fallback-finding-board.json,representative-lot-fallback-finding-board,Y,2026-06-24 KST,,generated_at; project_count; finding_count; unreviewed_count; ready_to_promote_count; hold_count; retry_needed_count; applied_count; validation_error_count; validation_warning_count; inputs; outputs,analysis/representative-lot-fallback-edge-session-packet.json; data/review/representative-lot-fallback-browser-findings.json; analysis/representative-lot-fallback-api-probe.json,3,analysis/representative-lot-fallback-finding-board.md; analysis/representative-lot-fallback-finding-board.csv; analysis/representative-lot-fallback-finding-board.json; data/review/representative-lot-fallback-browser-findings.README.md; data/review/representative-lot-fallback-browser-finding-examples.json,5,representative-lot-fallback-finding-board; representative-lot-fallback-browser-findings.README; representative-lot-fallback-browser-finding-examples,representative-lot-fallback-finding-board
analysis/representative-lot-fallback-identifier-closure-workbook.json,representative-lot-fallback-identifier-closure-workbook,Y,2026-06-24 KST,,generated_at; project_count; probe_relation_counts; focus_area_counts; uq120_multi_candidate_count; same_stage_candidate_count; stage_gap_candidate_count,,0,,0,,representative-lot-fallback-identifier-closure-workbook
analysis/representative-lot-fallback-workbook.json,representative-lot-fallback-workbook,Y,2026-06-24 KST,,generated_at; project_count; focus_area_counts; watch_level_counts; current_stage_counts; trigger_type_counts; present_sn_missing_count; data_reference_date_missing_count; cleanup_link_missing_count,,0,,0,,representative-lot-fallback-workbook
analysis/research-artifact-dependency-map.json,research-artifact-dependency-map,Y,2026-06-24 KST,,generated_at; step_count; analysis_json_count; summary_json_count; declared_input_edges; resolved_internal_edges; phase_mix; summary_mix; inputs; outputs,scripts/regenerate-research-artifacts.mjs; analysis/*.json,2,analysis/research-artifact-dependency-map.md; analysis/research-artifact-dependency-map.csv; analysis/research-artifact-dependency-map.json,3,research-artifact-dependency-map,research-artifact-dependency-map
analysis/research-completion-cockpit.json,research-completion-cockpit,Y,2026-06-24 KST,6,generated_at; task_count; p0_count; p1_count; market_task_count; source_task_count; completion_task_count; status_counts; status_summary; inputs,analysis/market-manual-download-workbook.json; analysis/market-manual-download-status.json; analysis/market-manual-ingest-manifest.json; analysis/market-manual-column-audit.json; analysis/market-manual-normalization-audit.json; analysis/market-api-readiness-audit.json; analysis/high-blocking-source-escalation-packet.json; analysis/high-blocking-info-disclosure-packet.json,14,,0,,research-completion-cockpit
analysis/research-goal-completion-audit.json,research-goal-completion-audit,Y,2026-06-24 KST,11,generated_at; final_verdict; requirement_count; ready_like_count; not_complete_count; p0_task_count; p1_task_count; high_blocking_outbox_count; intake_error_count; intake_warning_count; hwp_rows; normalized_transactions,analysis/research-system-readiness-audit.json; analysis/research-completion-cockpit.json; data/review/high-blocking-filing-outbox/manifest.json; analysis/high-blocking-intake-validation.json; analysis/hwp-conversion-audit.json; analysis/market-manual-normalization-audit.json,6,analysis/research-goal-completion-audit.md; analysis/research-goal-completion-audit.csv; analysis/research-goal-completion-audit.json,3,research-goal-completion-audit,research-goal-completion-audit
analysis/research-hypothesis-ledger.json,research-hypothesis-ledger,Y,2026-06-24 KST,30,generated_at; project_count; focus_area_count; source_blocked_count; active_watch_count; priority_tracking_count; tracking_count; avg_potential; avg_confidence; status_mix; focus_mix; watch_mix,analysis/long-term-potential-scorecard.json; analysis/public-development-catalyst-map.json; analysis/project-risk-signal-summary.json; analysis/reassessment-watchlist.json; analysis/focus-deep-dive-queue.json,5,analysis/research-hypothesis-ledger.md; analysis/research-hypothesis-ledger.csv; analysis/research-hypothesis-ledger.json,3,research-hypothesis-ledger,research-hypothesis-ledger
analysis/research-manual-web-session-packet.json,research-manual-web-session-packet,Y,2026-06-24 KST,,generated_at; ready_now_count; ready_focus_count; ready_expansion_count; ready_fallback_count; wait_until_date_count; next_external_check_date; action_board_manual_web_ready_count; action_board_wait_until_date_count; inputs; outputs,analysis/research-now-action-board.json; analysis/focus-project-weekly-monitoring-cockpit.json; analysis/expansion-zone-weekly-monitoring-cockpit.json; analysis/high-blocking-next-check-session-packet.json; analysis/representative-lot-fallback-edge-session-packet.json; analysis/representative-lot-fallback-finding-board.json,6,analysis/research-manual-web-session-packet.md; analysis/research-manual-web-session-packet.csv; analysis/research-manual-web-session-packet.json,3,research-manual-web-session-packet,research-manual-web-session-packet
analysis/research-next-moves.json,research-next-moves,N,,30,,,0,,0,,research-next-moves
analysis/research-now-action-board.json,research-now-action-board,Y,2026-06-24 KST,5,generated_at; row_count; ready_now_count; ready_now_optional_count; wait_until_date_count; local_ready_count; manual_web_ready_count; next_external_check_date; inputs; outputs,analysis/current-research-operating-guide.json; analysis/personal-research-home.json; analysis/research-session-playbook.json; analysis/high-blocking-filing-tracker.json; analysis/high-blocking-next-check-session-packet.json; analysis/focus-project-weekly-monitoring-cockpit.json; analysis/expansion-zone-weekly-monitoring-cockpit.json; analysis/representative-lot-fallback-finding-board.json,9,analysis/research-now-action-board.md; analysis/research-now-action-board.csv; analysis/research-now-action-board.json,3,research-now-action-board,research-now-action-board
analysis/research-session-playbook.json,research-session-playbook,Y,2026-06-24 KST,11,generated_at; session_count; network_session_count; local_session_count; cadence_mix; network_mix; inputs; outputs,analysis/personal-research-home.json; analysis/focus-area-decision-memo.json; analysis/project-due-diligence-board.json; analysis/research-completion-cockpit.json; analysis/official-update-runbook-checklist.json; analysis/official-change-detection-board.json; analysis/official-update-intake-board.json; analysis/expansion-zone-intake-seed-board.json,9,analysis/research-session-playbook.md; analysis/research-session-playbook.csv; analysis/research-session-playbook.json,3,research-session-playbook,research-session-playbook
analysis/research-status-dashboard.json,research-status-dashboard,N,,30,,,0,,0,,research-status-dashboard-refresh
analysis/research-system-readiness-audit.json,research-system-readiness-audit,Y,2026-06-24 KST,11,generated_at; requirement_count; status_counts; p0_count; p1_count; p2_count; ready_like_count; not_complete_count,,0,,0,,research-system-readiness-audit
analysis/residual-gap-interpretation-audit.json,residual-gap-interpretation-audit,Y,2026-06-24 KST,336,generated_at; residual_field_count; project_count; high_blocking_count; medium_blocking_count; low_or_not_blocking_count; interpretation_counts; interpretation_summary; status_counts; blocking_counts,,0,,0,,residual-gap-interpretation-audit
analysis/s1-cost-infrastructure-workbook.json,s1-cost-infrastructure-workbook,Y,2026-06-24 KST,17,generated_at; project_count; p0_task_count; p1_task_count; public_item_count; p0_public_item_count; ledger_check_count; notice_snippet_count; focus_area_counts,,0,,0,,s1-cost-infrastructure-workbook
analysis/s1-evidence-review-board.json,s1-evidence-review-board,Y,2026-06-24 KST,48,generated_at; source_workbook_projects; source_candidate_count; review_rows; p0_review_rows; ready_with_p0_public_item; category_counts; focus_area_counts; status_counts,,0,,0,,s1-evidence-review-board
analysis/s1-original-evidence-candidates.json,s1-original-evidence-candidates,Y,2026-06-24 KST,137,generated_at; source_workbook_projects; candidate_count; project_count; missing_project_count; category_counts; focus_area_counts,,0,,0,,s1-original-evidence-candidates
analysis/s1-public-item-fact-check-memos.json,s1-public-item-fact-check-memos,Y,2026-06-24,5,generated_at; rows,,0,,0,,
analysis/s2-source-link-closure-workbook.json,s2-source-link-closure-workbook,Y,2026-06-24 KST,6,generated_at; project_count; p0_project_count; p1_project_count; closure_field_count; closure_ready_count; partial_count; status_counts; focus_area_counts,,0,,0,,s2-source-link-closure-workbook
analysis/s3-hanyanggaro-official-source-search.json,s3-hanyanggaro-official-source-search,N,,42,,,0,,0,,
analysis/s3-ocr-image-verification-workbook.json,s3-ocr-image-verification-workbook,Y,2026-06-24 KST,6,generated_at; project_count; p0_project_count; p1_project_count; field_count; manual_decision_field_count; confirmed_count; source_update_required_count; partial_confirmation_count; relink_required_count; ocr_text_source_count; ocr_image_file_count,,0,,0,,s3-ocr-image-verification-workbook
analysis/s4-stage-conflict-resolution-workbook.json,s4-stage-conflict-resolution-workbook,Y,2026-06-24 KST,2,generated_at; project_count; field_count; record_resolved_value_count; record_values_by_source_date_count; fetch_management_attachment_count; fill_missing_stage_date_count; fact_check_project_count; action_group_counts; resolution_status_counts; verification_status_counts; project_status_counts,,0,,0,,s4-stage-conflict-resolution-workbook
analysis/s5-core-gap-fill-workbook.json,s5-core-gap-fill-workbook,Y,2026-06-24 KST,14,generated_at; task_count; project_count; field_count; fill_from_candidate_source_count; apply_fill_candidate_after_second_check_count; missing_no_candidate_count; promote_notice_snippet_count; confirm_structured_value_count; defer_stage_not_applicable_count; record_by_source_date_count; action_group_counts,,0,,0,,s5-core-gap-fill-workbook
analysis/seoul-sibo-original-notice-fact-check.json,seoul-sibo-original-notice-fact-check,N,,11,,,0,,0,,
analysis/songpa-notice-value-corroboration.json,songpa-notice-value-corroboration,N,,14,,,0,,0,,songpa-notice-value-corroboration
analysis/songpa-source-gap-audit.json,songpa-source-gap-audit,N,,10,,,0,,0,,songpa-source-gap-audit
analysis/songpa-value-review-packet.json,songpa-value-review-packet,N,,70,,,0,,0,,songpa-value-review-packet
analysis/source-evidence-audit.json,source-evidence-audit,N,,30,,,0,,0,,
analysis/source-link-closure-board.json,source-link-closure-board,N,,20,,,0,,0,,source-link-closure-board
analysis/source-link-official-probe.json,source-link-official-probe,N,,29,,,0,,0,,
analysis/source-link-repair-candidates.json,source-link-repair-candidates,N,,20,,,0,,0,,source-link-repair-candidates
analysis/source-link-repair-queue.json,source-link-repair-queue,N,,20,,,0,,0,,source-link-repair-queue
analysis/source-text-extraction-audit.json,source-text-extraction-audit,N,,60,,,0,,0,,source-text-audit
analysis/source-value-update-candidates.json,source-value-update-candidates,N,,17,,,0,,0,,source-value-update-candidates
analysis/source-value-verification-queue.json,source-value-verification-queue,N,,58,,,0,,0,,source-value-verification-queue
analysis/source-verification-action-queue.json,source-verification-action-queue,Y,2026-06-24 KST,,generated_at; action_count; project_count; p0_count; p1_count; pending_count; conflict_count; open_count; mode_counts; focus_counts; target_type_counts; decision_log_count,,0,,0,,source-verification-action-queue
analysis/source-verification-closure-ledger.json,source-verification-closure-ledger,Y,2026-06-24 KST,253,generated_at; item_count; open_items; confirmed_items; pending_items; conflict_items; deferred_items; p0_count; p1_count; p2_count; sprint_counts; closure_status_counts,,0,,0,,source-verification-closure-ledger
analysis/source-verification-decision-context-audit.json,source-verification-decision-context-audit,Y,2026-06-24 KST,,generated_at; audit_row_count; recovered_count; unresolved_mismatch_count; no_decision_count; duplicate_closure_id_count; decision_context_status_mix; decision_match_mode_mix; inputs; outputs,analysis/source-verification-closure-ledger.json; data/review/source-verification-closure-decisions.json,2,analysis/source-verification-decision-context-audit.md; analysis/source-verification-decision-context-audit.csv; analysis/source-verification-decision-context-audit.json,3,source-verification-decision-context-audit,source-verification-decision-context-audit
analysis/source-verification-sprint-plan.json,source-verification-sprint-plan,Y,2026-06-24 KST,,generated_at; task_count; p0_count; p1_count; project_count; sprint_count; source_link_pending_count; task_type_counts; sprint_counts,,0,,0,,source-verification-sprint-plan-refresh
analysis/strategic-research-brief.json,strategic-research-brief,Y,2026-06-24 KST,3,generated_at; global_summary; focus_rows; top_projects; top_actions; top_watch,,0,,0,,strategic-research-brief
analysis/transport-location-context.json,transport-location-context,N,,30,,,0,,0,,
analysis/update-impact-ledger.json,update-impact-ledger,Y,2026-06-24 KST,30,generated_at; project_count; workflow_count; high_priority_count; completion_linked_count; status_mix; runbook_mix; inputs; outputs,analysis/research-hypothesis-ledger.json; analysis/fieldwork-observation-notebook.json; analysis/research-completion-cockpit.json; analysis/official-update-runbook-checklist.json; analysis/focus-project-pair-comparison-board.json,5,analysis/update-impact-ledger.md; analysis/update-impact-ledger.csv; analysis/update-impact-ledger.json,3,update-impact-ledger,update-impact-ledger
analysis/weekly-monitoring-comparison-board.json,weekly-monitoring-comparison-board,Y,2026-06-24 KST,4,generated_at; focus_project_count; baseline_only_count; fresh_remote_week_count; external_wait_focus_count; fieldwork_missing_count; latest_log_date; inputs; outputs,analysis/weekly-monitoring-history.json; analysis/focus-project-weekly-monitoring-cockpit.json; analysis/focus-project-fieldwork-cockpit.json; analysis/current-research-snapshot.json,4,analysis/weekly-monitoring-comparison-board.md; analysis/weekly-monitoring-comparison-board.csv; analysis/weekly-monitoring-comparison-board.json,3,weekly-monitoring-comparison-board,weekly-monitoring-comparison-board
analysis/weekly-monitoring-history.json,weekly-monitoring-history,Y,2026-06-24 KST,2,generated_at; log_count; baseline_log_count; remote_run_yes_count; regenerated_yes_count; weeks_with_changes_count; total_recorded_changes; latest_log_date; life_area_coverage; expansion_zone_coverage; external_wait_projects; inputs,analysis/weekly-monitoring-log-2026-06-25.md; analysis/weekly-monitoring-log-2026-06-24.md,2,analysis/weekly-monitoring-history.md; analysis/weekly-monitoring-history.csv; analysis/weekly-monitoring-history.json,3,weekly-monitoring-history,weekly-monitoring-history
