candidate_rank,focus_area,rank,project_name,category,category_label,keyword_hits,extracted_values,source_path,source_line,snippet,candidate_status,recommended_use,project_note
1,잠실/송파,1,잠실5단지아파트 주택재건축정비사업조합,cost_pressure,비용·분담금,공사비; 사업비,"2022; 3,267,273원; 2011; 2023",data/urban/text/files/01-11710NTC202409230003-01-11710NTC202409230003-notice_file-서울특별시_제2024-432호_고시.txt,1110,"주1) 2022년 공공건축물 건립 공사비 책정 가이드라인(동청사) : 3,267,273원(부가세 제외) 주2) 한강전망보행데크조성(성수,가양,서빙고 보행교, 2011년도) 사업비 평균값 × 2011년 12월 ~ 2023년 12월 건설공사비 상승률",source_snippet_candidate_not_confirmed,"공사비·사업비·분담금 후보. S1 워크북의 공개항목/장부 필드와 대조한 뒤 confirmed, pending, conflict, not_applicable 중 하나로 기록",project-notes/01-jamsil5apt.md
2,잠실/송파,1,잠실5단지아파트 주택재건축정비사업조합,cost_pressure,비용·분담금,분담금,152㎡; 39.4억; 176㎡; 47.6억,data/urban/text/files/01-11710NTC202409230003-01-11710NTC202409230003-notice_file-서울특별시_제2024-432호_고시.txt,481,추정 전용 152㎡T2형 39.4억 분담금 전용 176㎡A형 47.6억 권리자분양가 추정액 개별 종전자산 추정액,source_snippet_candidate_not_confirmed,"공사비·사업비·분담금 후보. S1 워크북의 공개항목/장부 필드와 대조한 뒤 confirmed, pending, conflict, not_applicable 중 하나로 기록",project-notes/01-jamsil5apt.md
3,잠실/송파,1,잠실5단지아파트 주택재건축정비사업조합,cost_pressure,비용·분담금,공사비,"15,600,000원; 31,200,000원; 2020; 2,874,000원; 50㎡; 60㎡; 1,037,500원",data/urban/text/files/01-11710NTC202409230003-01-11710NTC202409230003-notice_file-서울특별시_제2024-432호_고시.txt,1023,"※ ㉯ : 공시지가(주5) × 2 = 15,600,000원 × 2 = 31,200,000원 주1) 2020년 공공건축물 건립 공사비 책정 가이드라인(동청사) : 2,874,000원 주2) 공공건설임대주택 표준건축비(50㎡초과 ~ 60㎡이하) : 1,037,500원(부가세포함)",source_snippet_candidate_not_confirmed,"공사비·사업비·분담금 후보. S1 워크북의 공개항목/장부 필드와 대조한 뒤 confirmed, pending, conflict, not_applicable 중 하나로 기록",project-notes/01-jamsil5apt.md
4,잠실/송파,1,잠실5단지아파트 주택재건축정비사업조합,infrastructure,기반시설,도로; 공원; 공공청사,"31,374.3㎡; 8,303.9㎡; 1,000.0㎡; 14,414.1㎡; 8,548.5㎡",data/urban/text/files/01-11710NTC202409230003-01-11710NTC202409230003-notice_file-서울특별시_제2024-432호_고시.txt,1096,"공공시설등 - 도로(31,374.3㎡), 공원(8,303.9㎡), 공공청사(1,000.0㎡), 학교(14,414.1㎡), 공공공지(8,548.5㎡) 부지(토지) 면적",source_snippet_candidate_not_confirmed,"도로·공원·공공청사·기반시설 면적 후보. S1 워크북의 공개항목/장부 필드와 대조한 뒤 confirmed, pending, conflict, not_applicable 중 하나로 기록",project-notes/01-jamsil5apt.md
5,잠실/송파,1,잠실5단지아파트 주택재건축정비사업조합,infrastructure,기반시설,정비기반시설; 기반시설; 도로; 공원; 공공청사,"69,896.0㎡; 32,735.0㎡; 24,000.0㎡; 11,655.0㎡; 1,506.0㎡; 963.9㎡",data/urban/text/files/01-11710NTC202409230003-01-11710NTC202409230003-notice_file-서울특별시_제2024-432호_고시.txt,1002,"•계획 정비기반시설 면적 = 69,896.0㎡ 공공시설등 - 도로(32,735.0㎡), 학교(24,000.0㎡), 공원(11,655.0㎡), 공공청사(1,506.0㎡) 부지(토지) 면적 •공공주택(공공기여) 건립면적(대지지분) = 963.9㎡",source_snippet_candidate_not_confirmed,"도로·공원·공공청사·기반시설 면적 후보. S1 워크북의 공개항목/장부 필드와 대조한 뒤 confirmed, pending, conflict, not_applicable 중 하나로 기록",project-notes/01-jamsil5apt.md
6,잠실/송파,1,잠실5단지아파트 주택재건축정비사업조합,infrastructure,기반시설,도로; 공원,"9,683.0㎡; 9,122.0㎡",data/urban/text/files/01-11710NTC202409230003-01-11710NTC202409230003-notice_file-서울특별시_제2024-432호_고시.txt,1031,"공공시설등 - 도로(9,683.0㎡), 공원(9,122.0㎡) 부지(토지) 면적",source_snippet_candidate_not_confirmed,"도로·공원·공공청사·기반시설 면적 후보. S1 워크북의 공개항목/장부 필드와 대조한 뒤 confirmed, pending, conflict, not_applicable 중 하나로 기록",project-notes/01-jamsil5apt.md
7,잠실/송파,1,잠실5단지아파트 주택재건축정비사업조합,public_contribution,공공기여·기부채납,공공기여; 공공시설등; 기부채납,"2,605.3㎡; 562.0㎡; 18,594.4㎡",data/urban/text/files/01-11710NTC202409230003-01-11710NTC202409230003-notice_file-서울특별시_제2024-432호_고시.txt,1034,"•공공주택(공공기여) 건립면적(대지지분) = 2,605.3㎡ •건축물 기부채납(공공주택(공공기여)) 환산부지면적 = 562.0㎡(연면적 18,594.4㎡) - ㉮ 공공시설등 설치비용(원) ÷ ㉯ 용적률 완화받고자 하는 부지가액(원/㎡)",source_snippet_candidate_not_confirmed,"공공기여/기부채납 면적·순부담률 후보. S1 워크북의 공개항목/장부 필드와 대조한 뒤 confirmed, pending, conflict, not_applicable 중 하나로 기록",project-notes/01-jamsil5apt.md
8,잠실/송파,1,잠실5단지아파트 주택재건축정비사업조합,public_contribution,공공기여·기부채납,공공시설부지,"230%; 1.3; 0.9477; 0.1385; 0.7; 0.0053; 270.10%; 217.98%; 230.00%; 29,280.9; 211,397.4",data/urban/text/files/01-11710NTC202409230003-01-11710NTC202409230003-notice_file-서울특별시_제2024-432호_고시.txt,1123,"= 230% × (1 + 1.3 × 0.9477 × 0.1385 + 0.7 × 0.0053) = 270.10% 가중치 = 공공시설부지 용적률 / 사업부지 용적률 = 217.98% / 230.00% = 0.9477 주택용지 α = 공공시설부지 제공면적 / 공공시설부지 제공 후 대지면적 = 29,280.9 / 211,397.4 = 0.1385",source_snippet_candidate_not_confirmed,"공공기여/기부채납 면적·순부담률 후보. S1 워크북의 공개항목/장부 필드와 대조한 뒤 confirmed, pending, conflict, not_applicable 중 하나로 기록",project-notes/01-jamsil5apt.md
9,잠실/송파,1,잠실5단지아파트 주택재건축정비사업조합,public_contribution,공공기여·기부채납,공공시설부지,"230%; 1.3; 0.7834; 0.2917; 0.7; 298.32%; 180.18%; 230.00%; 18,025.0; 61,791.8",data/urban/text/files/01-11710NTC202409230003-01-11710NTC202409230003-notice_file-서울특별시_제2024-432호_고시.txt,1132,"= 230% × (1 + 1.3 × 0.7834 × 0.2917 + 0.7 × 0) = 298.32% 복합용지 가중치 = 공공시설부지 용적률 / 사업부지 용적률 = 180.18% / 230.00% = 0.7834 α = 공공시설부지 제공면적 / 공공시설부지 제공 후 대지면적 = 18,025.0 / 61,791.8 = 0.2917",source_snippet_candidate_not_confirmed,"공공기여/기부채납 면적·순부담률 후보. S1 워크북의 공개항목/장부 필드와 대조한 뒤 confirmed, pending, conflict, not_applicable 중 하나로 기록",project-notes/01-jamsil5apt.md
10,잠실/송파,1,잠실5단지아파트 주택재건축정비사업조합,ratio_calculation,용적률·비율 산정,용적률; 상한용적률; 법적상한,299.94%; 289.08%; 10.86%; 50%; 5.43%,data/urban/text/files/01-11710NTC202409230003-01-11710NTC202409230003-notice_file-서울특별시_제2024-432호_고시.txt,1403,법적상한용적률 ∙ 299.94% 이하(건축위원회 심의에서 최종 결정) 용적률 증가분 ∙ 법적상한용적률 - 상한용적률 = 299.94% – 289.08% = 10.86% 공공 건립용적률 ∙ 10.86% × 50% = 5.43%,source_snippet_candidate_not_confirmed,"용적률/순부담률 산정 후보. S1 워크북의 공개항목/장부 필드와 대조한 뒤 confirmed, pending, conflict, not_applicable 중 하나로 기록",project-notes/01-jamsil5apt.md
11,잠실/송파,1,잠실5단지아파트 주택재건축정비사업조합,ratio_calculation,용적률·비율 산정,용적률; 상한용적률; 법적상한,300.00%; 270.10%; 29.90%; 50%; 14.95%,data/urban/text/files/01-11710NTC202409230003-01-11710NTC202409230003-notice_file-서울특별시_제2024-432호_고시.txt,1424,법적상한용적률 ∙ 300.00% 이하(건축위원회 심의에서 최종 결정) 용적률 증가분 ∙ 법적상한용적률 - 상한용적률 = 300.00% – 270.10% = 29.90% 공공 건립용적률 ∙ 29.90% × 50% = 14.95%,source_snippet_candidate_not_confirmed,"용적률/순부담률 산정 후보. S1 워크북의 공개항목/장부 필드와 대조한 뒤 confirmed, pending, conflict, not_applicable 중 하나로 기록",project-notes/01-jamsil5apt.md
12,잠실/송파,1,잠실5단지아파트 주택재건축정비사업조합,ratio_calculation,용적률·비율 산정,용적률; 상한용적률; 법적상한,399.99%; 327.87%; 72.12%; 50%; 36.06%,data/urban/text/files/01-11710NTC202409230003-01-11710NTC202409230003-notice_file-서울특별시_제2024-432호_고시.txt,1450,법적상한용적률 ∙ 399.99% 이하(건축위원회 심의에서 최종 결정) 용적률 증가분 ∙ 법적상한용적률 - 상한용적률 = 399.99% – 327.87% = 72.12% 공공 건립용적률 ∙ 72.12% × 50% = 36.06%,source_snippet_candidate_not_confirmed,"용적률/순부담률 산정 후보. S1 워크북의 공개항목/장부 필드와 대조한 뒤 confirmed, pending, conflict, not_applicable 중 하나로 기록",project-notes/01-jamsil5apt.md
13,강남,2,압구정아파트지구 특별계획구역② 재건축정비사업조합,cost_pressure,비용·분담금,공사비; 사업비,2022; 500; 1500㎡; 1.2,data/urban/text/files/02-11000NTC202504070006-02-11000NTC202504070006-notice_file-서울특별시_제2025-136호_고시.txt,820,※ 공공청사 공사비 : 2022공공건축물 건립 공사비 책정 가이드라인(공공업무사무소 500~1500㎡) 적용 ※ 입체보행교 공사비 : 망원초록길 조성사업비의 약 1.2배 적용 ※ 지하차도 공사비 : 단지개발사업 조성비 및 기반시설 설치비 추정자료(한국토지주택공사) 내 지하차도,source_snippet_candidate_not_confirmed,"공사비·사업비·분담금 후보. S1 워크북의 공개항목/장부 필드와 대조한 뒤 confirmed, pending, conflict, not_applicable 중 하나로 기록",project-notes/02-apgujeong2.md
14,강남,2,압구정아파트지구 특별계획구역② 재건축정비사업조합,cost_pressure,비용·분담금,공사비; 사업비,2022; 500; 1500㎡; 1.2,data/urban/text/files/02-11000NTC202504070006-02-11000NTC202504070006-notice_file-서울특별시_제2025-136호_고시.txt,819,(B) ※ 공공청사 공사비 : 2022공공건축물 건립 공사비 책정 가이드라인(공공업무사무소 500~1500㎡) 적용 ※ 입체보행교 공사비 : 망원초록길 조성사업비의 약 1.2배 적용,source_snippet_candidate_not_confirmed,"공사비·사업비·분담금 후보. S1 워크북의 공개항목/장부 필드와 대조한 뒤 confirmed, pending, conflict, not_applicable 중 하나로 기록",project-notes/02-apgujeong2.md
15,강남,2,압구정아파트지구 특별계획구역② 재건축정비사업조합,cost_pressure,비용·분담금,공사비,75%; 230%; 20%,data/urban/text/files/02-11000NTC202504070006-02-11000NTC202504070006-notice_file-서울특별시_제2025-136호_고시.txt,822,※ 지하차도 공사비 : 단지개발사업 조성비 및 기반시설 설치비 추정자료(한국토지주택공사) 내 지하차도 왕복 4차로 단위공사비x65~75% (압구정 3구역과 1/2씩 부담) Ÿ 기준용적률 = 230%(허용용적률 20% 상응하는 계획 유도 포함),source_snippet_candidate_not_confirmed,"공사비·사업비·분담금 후보. S1 워크북의 공개항목/장부 필드와 대조한 뒤 confirmed, pending, conflict, not_applicable 중 하나로 기록",project-notes/02-apgujeong2.md
16,강남,2,압구정아파트지구 특별계획구역② 재건축정비사업조합,infrastructure,기반시설,정비기반시설; 기반시설,"51,225.1㎡; 1,488.3㎡; 52,713.4㎡",data/urban/text/files/02-11000NTC202504070006-02-11000NTC202504070006-notice_file-서울특별시_제2025-136호_고시.txt,798,"획지 내 용도폐지 되는 기존기반시설 국·공유지 면적 - 계획 정비기반시설 면적(A+B) : 51,225.1㎡ + 1,488.3㎡ = 52,713.4㎡ 소계(A+B)",source_snippet_candidate_not_confirmed,"도로·공원·공공청사·기반시설 면적 후보. S1 워크북의 공개항목/장부 필드와 대조한 뒤 confirmed, pending, conflict, not_applicable 중 하나로 기록",project-notes/02-apgujeong2.md
17,강남,2,압구정아파트지구 특별계획구역② 재건축정비사업조합,infrastructure,기반시설,도로; 공원,2.0m; 3.0m,data/urban/text/files/02-11000NTC202504070006-02-11000NTC202504070006-notice_file-서울특별시_제2025-136호_고시.txt,903,3 Ⓐ 공원 북측 신설도로 - 2.0m 3.0m - 4,source_snippet_candidate_not_confirmed,"도로·공원·공공청사·기반시설 면적 후보. S1 워크북의 공개항목/장부 필드와 대조한 뒤 confirmed, pending, conflict, not_applicable 중 하나로 기록",project-notes/02-apgujeong2.md
18,강남,2,압구정아파트지구 특별계획구역② 재건축정비사업조합,infrastructure,기반시설,도로; 공원,2.0m; 3.0m,data/urban/text/files/02-11000NTC202504070006-02-11000NTC202504070006-notice_file-서울특별시_제2025-136호_고시.txt,905,4 공원 서측 신설도로 - 2.0m 3.0m - Ⓐ,source_snippet_candidate_not_confirmed,"도로·공원·공공청사·기반시설 면적 후보. S1 워크북의 공개항목/장부 필드와 대조한 뒤 confirmed, pending, conflict, not_applicable 중 하나로 기록",project-notes/02-apgujeong2.md
19,강남,2,압구정아파트지구 특별계획구역② 재건축정비사업조합,public_contribution,공공기여·기부채납,순부담,"52,713.4㎡; 35,976.0㎡; 500.8㎡; 16,236.6㎡; 10.4%",data/urban/text/files/02-11000NTC202504070006-02-11000NTC202504070006-notice_file-서울특별시_제2025-136호_고시.txt,800,"소계(A+B) ⇒ (순부담) 52,713.4㎡ – 35,976.0㎡ – 500.8㎡ = 16,236.6㎡(10.4%) ※ 순부담률 = 순부담면적 ÷ (구역면적 – 계획 정비기반시설 내 기존 국·공유지 면적 - 획지 내 용도폐지 되는",source_snippet_candidate_not_confirmed,"공공기여/기부채납 면적·순부담률 후보. S1 워크북의 공개항목/장부 필드와 대조한 뒤 confirmed, pending, conflict, not_applicable 중 하나로 기록",project-notes/02-apgujeong2.md
20,강남,2,압구정아파트지구 특별계획구역② 재건축정비사업조합,public_contribution,공공기여·기부채납,순부담,"16,236.6㎡; 10.4%",data/urban/text/files/02-11000NTC202504070006-02-11000NTC202504070006-notice_file-서울특별시_제2025-136호_고시.txt,2340,"- 계획 - 순부담 : 16,236.6㎡(10.4%) 불허용도 Ÿ 허용용도 이외의 용도 -",source_snippet_candidate_not_confirmed,"공공기여/기부채납 면적·순부담률 후보. S1 워크북의 공개항목/장부 필드와 대조한 뒤 confirmed, pending, conflict, not_applicable 중 하나로 기록",project-notes/02-apgujeong2.md
21,강남,2,압구정아파트지구 특별계획구역② 재건축정비사업조합,public_contribution,공공기여·기부채납,순부담,10%,data/urban/text/files/02-11000NTC202504070006-02-11000NTC202504070006-notice_file-서울특별시_제2025-136호_고시.txt,2191,"획지계획 Ÿ 획지 B1, B2 Ÿ 한강변 공공시설 제공(순부담) 비율 : 10% 내외 원칙 Ÿ 도로 : 교통영향평가 결과 및 관련 법령 등에 따라 도로 설치",source_snippet_candidate_not_confirmed,"공공기여/기부채납 면적·순부담률 후보. S1 워크북의 공개항목/장부 필드와 대조한 뒤 confirmed, pending, conflict, not_applicable 중 하나로 기록",project-notes/02-apgujeong2.md
22,강남,2,압구정아파트지구 특별계획구역② 재건축정비사업조합,ratio_calculation,용적률·비율 산정,용적률; 상한용적률; 법적상한,299.99%,data/urban/text/files/02-11000NTC202504070006-02-11000NTC202504070006-notice_file-서울특별시_제2025-136호_고시.txt,773,심의완화사항 : 예정법적상한용적률 299.99%이하 Ÿ 건축한계선,source_snippet_candidate_not_confirmed,"용적률/순부담률 산정 후보. S1 워크북의 공개항목/장부 필드와 대조한 뒤 confirmed, pending, conflict, not_applicable 중 하나로 기록",project-notes/02-apgujeong2.md
23,강남,2,압구정아파트지구 특별계획구역② 재건축정비사업조합,ratio_calculation,용적률·비율 산정,용적률; 상한용적률; 법적상한,299.99%,data/urban/text/files/02-11000NTC202504070006-02-11000NTC202504070006-notice_file-서울특별시_제2025-136호_고시.txt,856,법적 Ÿ 법적상한용적률 = 299.99% 이하 상한용적률,source_snippet_candidate_not_confirmed,"용적률/순부담률 산정 후보. S1 워크북의 공개항목/장부 필드와 대조한 뒤 confirmed, pending, conflict, not_applicable 중 하나로 기록",project-notes/02-apgujeong2.md
24,강남,2,압구정아파트지구 특별계획구역② 재건축정비사업조합,ratio_calculation,용적률·비율 산정,용적률; 상한용적률; 법적상한,50%; 299.99%; 262.81%,data/urban/text/files/02-11000NTC202504070006-02-11000NTC202504070006-notice_file-서울특별시_제2025-136호_고시.txt,1065,Ÿ 국민주택규모 주택 건설 = (법적상한용적률 – 개발가능용적률) × 50% = (299.99% - 262.81%) × 50%,source_snippet_candidate_not_confirmed,"용적률/순부담률 산정 후보. S1 워크북의 공개항목/장부 필드와 대조한 뒤 confirmed, pending, conflict, not_applicable 중 하나로 기록",project-notes/02-apgujeong2.md
25,잠실/송파,3,잠실우성아파트 재건축정비사업조합,cost_pressure,비용·분담금,공사비,"2,457,000; 2,400; 16,052,000; 2,457,000원; 8,026,000원; 16,052,000원",data/urban/text/files/03-11000NTC201512177681-03-11000NTC201512177681-notice_file-서울특별시2015-401.txt,525,"= 2,457,000 × 2,400 ÷ 16,052,000 ※ 서울시 녹색건축물 조성 복지시설 공사비 2,457,000원 ※ 부지가액 : 공시지가 2배 적용(8,026,000원 × 2 = 16,052,000원)",source_snippet_candidate_not_confirmed,"공사비·사업비·분담금 후보. S1 워크북의 공개항목/장부 필드와 대조한 뒤 confirmed, pending, conflict, not_applicable 중 하나로 기록",project-notes/03-q1qk5nf6.md
26,잠실/송파,3,잠실우성아파트 재건축정비사업조합,cost_pressure,비용·분담금,공사비,367㎡,data/urban/text/files/03-11000NTC201512177681-03-11000NTC201512177681-notice_file-서울특별시2015-401.txt,522,- 환산부지면적 : 367㎡ → 서울시 녹색건축물 조성 복지시설 공사비 × 연면적 ÷ 부지가액,source_snippet_candidate_not_confirmed,"공사비·사업비·분담금 후보. S1 워크북의 공개항목/장부 필드와 대조한 뒤 confirmed, pending, conflict, not_applicable 중 하나로 기록",project-notes/03-q1qk5nf6.md
27,잠실/송파,3,잠실우성아파트 재건축정비사업조합,infrastructure,기반시설,정비기반시설; 기반시설,"120,354㎡",data/urban/text/files/03-11000NTC201512177681-03-11000NTC201512177681-notice_file-서울특별시2015-401.txt,471,"택지(공동주택, 유치원) 정비기반시설 등 120,354㎡",source_snippet_candidate_not_confirmed,"도로·공원·공공청사·기반시설 면적 후보. S1 워크북의 공개항목/장부 필드와 대조한 뒤 confirmed, pending, conflict, not_applicable 중 하나로 기록",project-notes/03-q1qk5nf6.md
28,잠실/송파,3,잠실우성아파트 재건축정비사업조합,infrastructure,기반시설,공원,101,data/urban/text/files/03-11000NTC201512177681-03-11000NTC201512177681-notice_file-서울특별시2015-401.txt,182,공원 어린이공원 송파구 잠실동 101-1번지 일대,source_snippet_candidate_not_confirmed,"도로·공원·공공청사·기반시설 면적 후보. S1 워크북의 공개항목/장부 필드와 대조한 뒤 confirmed, pending, conflict, not_applicable 중 하나로 기록",project-notes/03-q1qk5nf6.md
29,잠실/송파,3,잠실우성아파트 재건축정비사업조합,infrastructure,기반시설,공원,101,data/urban/text/files/03-11000NTC201512177681-03-11000NTC201512177681-notice_file-서울특별시2015-401.txt,191,공원 어린이공원 송파구 잠실동 101-2번지 일대,source_snippet_candidate_not_confirmed,"도로·공원·공공청사·기반시설 면적 후보. S1 워크북의 공개항목/장부 필드와 대조한 뒤 confirmed, pending, conflict, not_applicable 중 하나로 기록",project-notes/03-q1qk5nf6.md
30,잠실/송파,3,잠실우성아파트 재건축정비사업조합,public_contribution,공공기여·기부채납,순부담,"6.7; 8,533㎡; 7.0%; 484㎡",data/urban/text/files/03-11000NTC201512177681-03-11000NTC201512177681-notice_file-서울특별시2015-401.txt,52,"6.7 ■ 순부담 면적 8,533㎡(7.0%) - 도 로 : 484㎡",source_snippet_candidate_not_confirmed,"공공기여/기부채납 면적·순부담률 후보. S1 워크북의 공개항목/장부 필드와 대조한 뒤 confirmed, pending, conflict, not_applicable 중 하나로 기록",project-notes/03-q1qk5nf6.md
31,잠실/송파,3,잠실우성아파트 재건축정비사업조합,public_contribution,공공기여·기부채납,순부담,"8,166㎡; 367㎡; 8,533㎡; 7.0%",data/urban/text/files/03-11000NTC201512177681-03-11000NTC201512177681-notice_file-서울특별시2015-401.txt,478,"토지 8,166㎡, 건축물(토지환산) 367㎡ 순부담 면적 : 8,533㎡(7.0%) 개발가능용적률",source_snippet_candidate_not_confirmed,"공공기여/기부채납 면적·순부담률 후보. S1 워크북의 공개항목/장부 필드와 대조한 뒤 confirmed, pending, conflict, not_applicable 중 하나로 기록",project-notes/03-q1qk5nf6.md
32,잠실/송파,3,잠실우성아파트 재건축정비사업조합,public_contribution,공공기여·기부채납,기부채납,240%; 210%; 10%; 20%,data/urban/text/files/03-11000NTC201512177681-03-11000NTC201512177681-notice_file-서울특별시2015-401.txt,608,"정비계획으로 정해진 용적률 ∙ 개발가능용적률 : 240% (기준용적률 210%, 인센티브 10%, 기부채납 20%) 재건축소형주택 의무면적",source_snippet_candidate_not_confirmed,"공공기여/기부채납 면적·순부담률 후보. S1 워크북의 공개항목/장부 필드와 대조한 뒤 confirmed, pending, conflict, not_applicable 중 하나로 기록",project-notes/03-q1qk5nf6.md
33,잠실/송파,3,잠실우성아파트 재건축정비사업조합,ratio_calculation,용적률·비율 산정,용적률; 상한용적률; 법적상한,291.26%,data/urban/text/files/03-11000NTC201512177681-03-11000NTC201512177681-notice_file-서울특별시2015-401.txt,531,291.26% 이하 ※ 법적상한용적률 적용대상으로 도시계획위원회 심의시 결정된 예정법적상한용적률은 건축위원회심의를 통해 확정됨 소형주택건립용적률,source_snippet_candidate_not_confirmed,"용적률/순부담률 산정 후보. S1 워크북의 공개항목/장부 필드와 대조한 뒤 confirmed, pending, conflict, not_applicable 중 하나로 기록",project-notes/03-q1qk5nf6.md
34,잠실/송파,3,잠실우성아파트 재건축정비사업조합,ratio_calculation,용적률·비율 산정,용적률; 상한용적률; 법적상한,240%; 291.26%,data/urban/text/files/03-11000NTC201512177681-03-11000NTC201512177681-notice_file-서울특별시2015-401.txt,529,240% 이하 예정법적상한용적률 291.26% 이하,source_snippet_candidate_not_confirmed,"용적률/순부담률 산정 후보. S1 워크북의 공개항목/장부 필드와 대조한 뒤 confirmed, pending, conflict, not_applicable 중 하나로 기록",project-notes/03-q1qk5nf6.md
35,잠실/송파,3,잠실우성아파트 재건축정비사업조합,ratio_calculation,용적률·비율 산정,용적률; 상한용적률; 법적상한,"323,845.23㎡; 111,188㎡; 291.26%",data/urban/text/files/03-11000NTC201512177681-03-11000NTC201512177681-notice_file-서울특별시2015-401.txt,605,"주 요 내 용 법적상한용적률 ∙ 연면적 323,845.23㎡ / 부지면적 111,188㎡ = 291.26%",source_snippet_candidate_not_confirmed,"용적률/순부담률 산정 후보. S1 워크북의 공개항목/장부 필드와 대조한 뒤 confirmed, pending, conflict, not_applicable 중 하나로 기록",project-notes/03-q1qk5nf6.md
36,강남,4,은마아파트 재건축정비사업조합,cost_pressure,비용·분담금,분담금,"2,000,000,000; 83.070; 24,076,080; 0.5095; 1층; 4,725; 4,800; 1.2; 0.8",data/urban/text/files/04-11680NTC202303030002-04-11680NTC202303030002-notice_file-서울특별시_2023-51호_고시.txt,67,"2 1 2,000,000,000 83.070 24,076,080 0.5095 ※ 상가 1층 평균 거래단가는 ㎡당 4,725만원 이나, 원활한 추정분담금 산정을 위해 실제 ㎡당 평균거래가는 4,800만원으로 적용하였음 ※ 위치별 효용지수 (A,B브럭 : 1, 은행호 : 1.2, 편의시설 : 0.8),",source_snippet_candidate_not_confirmed,"공사비·사업비·분담금 후보. S1 워크북의 공개항목/장부 필드와 대조한 뒤 confirmed, pending, conflict, not_applicable 중 하나로 기록",project-notes/04-the-eunma.md
37,강남,4,은마아파트 재건축정비사업조합,cost_pressure,비용·분담금,분담금,84㎡; 23.28억; 91㎡; 24.28억; 100.47%; 99㎡; 26.01억,data/urban/text/files/04-11680NTC202303030002-04-11680NTC202303030002-notice_file-서울특별시_2023-51호_고시.txt,76,추정 전용 84㎡형 23.28억 분담금 개별 종전자산 추정액 전용 91㎡형 24.28억 추정 권리가액 - 권리자분양가 추정액 산출 × 추정비례율(100.47%) 전용 99㎡형 26.01억 ( + : 부담 / - : 환급 ),source_snippet_candidate_not_confirmed,"공사비·사업비·분담금 후보. S1 워크북의 공개항목/장부 필드와 대조한 뒤 confirmed, pending, conflict, not_applicable 중 하나로 기록",project-notes/04-the-eunma.md
38,강남,4,은마아파트 재건축정비사업조합,cost_pressure,비용·분담금,분담금,3853호; 2023; 100%,data/urban/text/files/04-11680NTC202303030002-04-11680NTC202303030002-notice_file-서울특별시_2023-51호_고시.txt,41,서울시보 제3853호 2023. 2. 16.(목) 3. 토지등소유자별 분담금 추산액 및 산출근거 ∙ 추정비례율 산정방식 : (총 수입 – 총 지출) / 종전자산 총액 × 100%,source_snippet_candidate_not_confirmed,"공사비·사업비·분담금 후보. S1 워크북의 공개항목/장부 필드와 대조한 뒤 confirmed, pending, conflict, not_applicable 중 하나로 기록",project-notes/04-the-eunma.md
39,강남,4,은마아파트 재건축정비사업조합,infrastructure,기반시설,공원; 공공청사,"3,229.1㎡; 4,081.0㎡; 13,253.0㎡; 240㎡; 289.8㎡",data/urban/text/files/04-11680NTC202303030002-04-11680NTC202303030002-notice_file-서울특별시_2023-51호_고시.txt,298,"토지 제공면적 (도 로) 3,229.1㎡, (문화공원) 4,081.0㎡, (근린공원) 13,253.0㎡, (공공청사) 240㎡ ② 건축물 기부채납 환산면적 = 289.8㎡ (설치비용 × 건축연면적 / 개별 공시지가 × 부지가액 가중치)",source_snippet_candidate_not_confirmed,"도로·공원·공공청사·기반시설 면적 후보. S1 워크북의 공개항목/장부 필드와 대조한 뒤 confirmed, pending, conflict, not_applicable 중 하나로 기록",project-notes/04-the-eunma.md
40,강남,4,은마아파트 재건축정비사업조합,infrastructure,기반시설,공공청사,"289.8㎡; 54.5㎡; 2,407,000원; 496.0㎡; 43,800,000",data/urban/text/files/04-11680NTC202303030002-04-11680NTC202303030002-notice_file-서울특별시_2023-51호_고시.txt,300,"② 건축물 기부채납 환산면적 = 289.8㎡ (설치비용 × 건축연면적 / 개별 공시지가 × 부지가액 가중치) (공공청사) = 54.5㎡ (2,407,000원 x 496.0㎡ / 43,800,000 x 2) 건축물",source_snippet_candidate_not_confirmed,"도로·공원·공공청사·기반시설 면적 후보. S1 워크북의 공개항목/장부 필드와 대조한 뒤 confirmed, pending, conflict, not_applicable 중 하나로 기록",project-notes/04-the-eunma.md
41,강남,4,은마아파트 재건축정비사업조합,infrastructure,기반시설,도로,"2,858.7㎡; 3,229.1㎡; 370.4㎡; 223,119.9㎡; 222,749.5㎡",data/urban/text/files/04-11680NTC202303030002-04-11680NTC202303030002-notice_file-서울특별시_2023-51호_고시.txt,768,"양측 보도로 조정할 것 - 토지이용계획 변경 사항 · 도로 : 2,858.7㎡ → 3,229.1㎡ 증) 370.4㎡ · 공동주택 : 223,119.9㎡ → 222,749.5㎡ 감) 370.4㎡",source_snippet_candidate_not_confirmed,"도로·공원·공공청사·기반시설 면적 후보. S1 워크북의 공개항목/장부 필드와 대조한 뒤 confirmed, pending, conflict, not_applicable 중 하나로 기록",project-notes/04-the-eunma.md
42,강남,4,은마아파트 재건축정비사업조합,public_contribution,공공기여·기부채납,순부담,8.51%; 8.66%; 0.15%,data/urban/text/files/04-11680NTC202303030002-04-11680NTC202303030002-notice_file-서울특별시_2023-51호_고시.txt,772,- 순부담비율 변경 사항 · 순부담 비율 : 8.51% → 8.66% 증) 0.15% - 65 -,source_snippet_candidate_not_confirmed,"공공기여/기부채납 면적·순부담률 후보. S1 워크북의 공개항목/장부 필드와 대조한 뒤 confirmed, pending, conflict, not_applicable 중 하나로 기록",project-notes/04-the-eunma.md
43,강남,4,은마아파트 재건축정비사업조합,public_contribution,공공기여·기부채납,순부담,"243,552.6㎡; 222,749.5㎡; 3,229.1㎡; 4,081.0㎡; 13,253.0㎡; 240.0㎡; 54.5㎡; 235.3㎡; 21,092.9㎡; 8.66%",data/urban/text/files/04-11680NTC202303030002-04-11680NTC202303030002-notice_file-서울특별시_2023-51호_고시.txt,293,"243,552.6㎡ 222,749.5㎡ 3,229.1㎡ 4,081.0㎡ 13,253.0㎡ 240.0㎡ 54.5㎡ 235.3㎡ - Ÿ 순부담면적 : 21,092.9㎡ (8.66%) 전체 = 새로 설치하는 기반시설 면적 – 새로 설치하는 기반시설 내 기존 국·공유지 – 대지 내 용도폐지되는 기존 기반시설 국공유지",source_snippet_candidate_not_confirmed,"공공기여/기부채납 면적·순부담률 후보. S1 워크북의 공개항목/장부 필드와 대조한 뒤 confirmed, pending, conflict, not_applicable 중 하나로 기록",project-notes/04-the-eunma.md
44,강남,4,은마아파트 재건축정비사업조합,public_contribution,공공기여·기부채납,순부담,8.51%; 8.66%; 0.15%,data/urban/text/files/04-11680NTC202303030002-04-11680NTC202303030002-notice_file-서울특별시_2023-51호_고시.txt,771,※ 그 외 변경사항 없음 - 순부담비율 변경 사항 · 순부담 비율 : 8.51% → 8.66% 증) 0.15%,source_snippet_candidate_not_confirmed,"공공기여/기부채납 면적·순부담률 후보. S1 워크북의 공개항목/장부 필드와 대조한 뒤 confirmed, pending, conflict, not_applicable 중 하나로 기록",project-notes/04-the-eunma.md
45,강남,4,은마아파트 재건축정비사업조합,ratio_calculation,용적률·비율 산정,용적률; 기준용적률; 허용용적률; 상한용적률; 법적상한,210; 230; 250; 300,data/urban/text/files/04-11680NTC202303030002-04-11680NTC202303030002-notice_file-서울특별시_2023-51호_고시.txt,586,구분 비 고 기준용적률 허용용적률 상한용적률 법적상한용적률 획지1 210 이하 230 이하 250 이하 300 이하 공동주택 및 부대복리시설,source_snippet_candidate_not_confirmed,"용적률/순부담률 산정 후보. S1 워크북의 공개항목/장부 필드와 대조한 뒤 confirmed, pending, conflict, not_applicable 중 하나로 기록",project-notes/04-the-eunma.md
46,강남,4,은마아파트 재건축정비사업조합,ratio_calculation,용적률·비율 산정,용적률; 상한용적률; 법적상한,299.9%; 250.0%; 49.9%,data/urban/text/files/04-11680NTC202303030002-04-11680NTC202303030002-notice_file-서울특별시_2023-51호_고시.txt,347,법적상한용적률(건축계획) Ÿ 299.9% 이하(건축위원회 심의에서 최종결정) 용적률 증가분 Ÿ 법적상한용적률 - 상한용적률 = 299.9% - 250.0% = 49.9% 공공주택,source_snippet_candidate_not_confirmed,"용적률/순부담률 산정 후보. S1 워크북의 공개항목/장부 필드와 대조한 뒤 confirmed, pending, conflict, not_applicable 중 하나로 기록",project-notes/04-the-eunma.md
47,강남,4,은마아파트 재건축정비사업조합,ratio_calculation,용적률·비율 산정,용적률; 상한용적률; 법적상한,"84㎡; 111.09㎡; 5,554.5㎡; 678; 55,612.4㎡; 55,576.0㎡",data/urban/text/files/04-11680NTC202303030002-04-11680NTC202303030002-notice_file-서울특별시_2023-51호_고시.txt,355,"획지1 (법적상한용적률 완화) 84㎡ 111.09㎡ 50 5,554.5㎡ 합 계 678 55,612.4㎡ > 55,576.0㎡",source_snippet_candidate_not_confirmed,"용적률/순부담률 산정 후보. S1 워크북의 공개항목/장부 필드와 대조한 뒤 confirmed, pending, conflict, not_applicable 중 하나로 기록",project-notes/04-the-eunma.md
48,잠실/송파,5,"장미1,2,3차아파트 주택재건축정비사업 조합",infrastructure,기반시설,도로; 공원,"101,466.5; 10.5; 23,756.6; 8.5; 77,709.9; 43,012.5; 4.4; 8,758.0; 3.1; 34,254.5",data/urban/text/files/05-11000NTC202505290003-05-11000NTC202505290003-notice_file-서울특별시_제2025-278호_고시.txt,67,"도로 101,466.5 10.5 23,756.6 8.5 감) 77,709.9 공원 43,012.5 4.4 8,758.0 3.1 감) 34,254.5 도시계획",source_snippet_candidate_not_confirmed,"도로·공원·공공청사·기반시설 면적 후보. S1 워크북의 공개항목/장부 필드와 대조한 뒤 confirmed, pending, conflict, not_applicable 중 하나로 기록",project-notes/05-jmapt1.md
49,잠실/송파,5,"장미1,2,3차아파트 주택재건축정비사업 조합",infrastructure,기반시설,도로; 공원,"239,386.6; 24.7; 57,109.40; 20.3; 182,277.2; 101,466.5; 10.5; 23,756.6; 8.5; 77,709.9; 43,012.5; 4.4",data/urban/text/files/05-11000NTC202505290003-05-11000NTC202505290003-notice_file-서울특별시_제2025-278호_고시.txt,66,"소 계 239,386.6 24.7 57,109.40 20.3 감) 182,277.2 도로 101,466.5 10.5 23,756.6 8.5 감) 77,709.9 공원 43,012.5 4.4 8,758.0 3.1 감) 34,254.5",source_snippet_candidate_not_confirmed,"도로·공원·공공청사·기반시설 면적 후보. S1 워크북의 공개항목/장부 필드와 대조한 뒤 confirmed, pending, conflict, not_applicable 중 하나로 기록",project-notes/05-jmapt1.md
50,잠실/송파,5,"장미1,2,3차아파트 주택재건축정비사업 조합",infrastructure,기반시설,공공청사,"77,495.2; 8.0; 23,894.8; 8.5; 53,600.4; 8,863.9; 0.9; 700.0; 0.2; 8,163.9; 8,548.5",data/urban/text/files/05-11000NTC202505290003-05-11000NTC202505290003-notice_file-서울특별시_제2025-278호_고시.txt,70,"시설용지 학교 77,495.2 8.0 23,894.8 8.5 감) 53,600.4 공공청사 8,863.9 0.9 700.0 0.2 감) 8,163.9 공공공지 8,548.5 0.9 - - 감) 8,548.5",source_snippet_candidate_not_confirmed,"도로·공원·공공청사·기반시설 면적 후보. S1 워크북의 공개항목/장부 필드와 대조한 뒤 confirmed, pending, conflict, not_applicable 중 하나로 기록",project-notes/05-jmapt1.md
51,잠실/송파,5,"장미1,2,3차아파트 주택재건축정비사업 조합",public_contribution,공공기여·기부채납,공공시설부지,1.3,data/urban/text/files/05-11000NTC202505290003-05-11000NTC202505290003-notice_file-서울특별시_제2025-278호_고시.txt,317,- 상한용적률(%) = 계획용적률(%) × (1+1.3×α) 이내 (α : 공공시설부지로 제공한 후의 대지면적 내 공공시설부지로 제공하는 면적비율) ○ 용적률 인센티브 대상 공공용지,source_snippet_candidate_not_confirmed,"공공기여/기부채납 면적·순부담률 후보. S1 워크북의 공개항목/장부 필드와 대조한 뒤 confirmed, pending, conflict, not_applicable 중 하나로 기록",project-notes/05-jmapt1.md
52,잠실/송파,5,"장미1,2,3차아파트 주택재건축정비사업 조합",ratio_calculation,용적률·비율 산정,용적률; 상한용적률; α,1.3,data/urban/text/files/05-11000NTC202505290003-05-11000NTC202505290003-notice_file-서울특별시_제2025-278호_고시.txt,316,"※ 상한용적률은 서울시 도시계획조례 제55조 제10항 규정을 적용, 산출 - 상한용적률(%) = 계획용적률(%) × (1+1.3×α) 이내 (α : 공공시설부지로 제공한 후의 대지면적 내 공공시설부지로 제공하는 면적비율)",source_snippet_candidate_not_confirmed,"용적률/순부담률 산정 후보. S1 워크북의 공개항목/장부 필드와 대조한 뒤 confirmed, pending, conflict, not_applicable 중 하나로 기록",project-notes/05-jmapt1.md
53,잠실/송파,5,"장미1,2,3차아파트 주택재건축정비사업 조합",ratio_calculation,용적률·비율 산정,용적률; 상한용적률; α,1.3,data/urban/text/files/05-11000NTC202505290003-05-11000NTC202505290003-notice_file-서울특별시_제2025-278호_고시.txt,315,"○ 용적률 인센티브 : 사업시행단위별 공공시설부담률에 따라 용적률 완화 차등 적용 ※ 상한용적률은 서울시 도시계획조례 제55조 제10항 규정을 적용, 산출 - 상한용적률(%) = 계획용적률(%) × (1+1.3×α) 이내",source_snippet_candidate_not_confirmed,"용적률/순부담률 산정 후보. S1 워크북의 공개항목/장부 필드와 대조한 뒤 confirmed, pending, conflict, not_applicable 중 하나로 기록",project-notes/05-jmapt1.md
54,잠실/송파,5,"장미1,2,3차아파트 주택재건축정비사업 조합",ratio_calculation,용적률·비율 산정,용적률,50%,data/urban/text/files/05-11000NTC202505290003-05-11000NTC202505290003-notice_file-서울특별시_제2025-278호_고시.txt,310,제3종일반주거지역 50% 이하 3) 용적률 규제 구분 계획용적률 비고,source_snippet_candidate_not_confirmed,"용적률/순부담률 산정 후보. S1 워크북의 공개항목/장부 필드와 대조한 뒤 confirmed, pending, conflict, not_applicable 중 하나로 기록",project-notes/05-jmapt1.md
55,강남,8,대치쌍용1차아파트 주택재건축정비사업조합,infrastructure,기반시설,도로; 공원,"4,149.67㎡; 8.71%; 3,692㎡; 792.0",data/urban/text/files/08-11680NTC202112010001-08-11680NTC202112010001-business-notice_file-강남구_2021-203호_고시.txt,43,": 4,149.67㎡(순부담 8.71%) - 공원, 도로 : 3,692㎡ 기부 도 로 792.0 - 792.0",source_snippet_candidate_not_confirmed,"도로·공원·공공청사·기반시설 면적 후보. S1 워크북의 공개항목/장부 필드와 대조한 뒤 confirmed, pending, conflict, not_applicable 중 하나로 기록",project-notes/08-ssang1.md
56,강남,8,대치쌍용1차아파트 주택재건축정비사업조합,infrastructure,기반시설,정비기반시설; 기반시설,"4,090.00㎡; 59.67㎡; 0㎡; 4,149.67㎡",data/urban/text/files/08-11680NTC202112010001-08-11680NTC202112010001-business-notice_file-강남구_2021-203호_고시.txt,203,"토지면적 환산) 공공시설부지 (계획 정비기반시설 면적 + 공공시설설치비용 환산면적) - 계획 정비기반시설 내 국공유지 제공면적 = 4,090.00㎡ + 59.67㎡ - 0㎡ = 4,149.67㎡",source_snippet_candidate_not_confirmed,"도로·공원·공공청사·기반시설 면적 후보. S1 워크북의 공개항목/장부 필드와 대조한 뒤 confirmed, pending, conflict, not_applicable 중 하나로 기록",project-notes/08-ssang1.md
57,강남,8,대치쌍용1차아파트 주택재건축정비사업조합,infrastructure,기반시설,공원,"325호; 2,900.0",data/urban/text/files/08-11680NTC202112010001-08-11680NTC202112010001-business-notice_file-강남구_2021-203호_고시.txt,77,"서고 325호 기정 공원 소공원 대치동66번지 2,900.0 - 2,900.0 공원선 변경 (13. 10. 04)",source_snippet_candidate_not_confirmed,"도로·공원·공공청사·기반시설 면적 후보. S1 워크북의 공개항목/장부 필드와 대조한 뒤 confirmed, pending, conflict, not_applicable 중 하나로 기록",project-notes/08-ssang1.md
58,강남,8,대치쌍용1차아파트 주택재건축정비사업조합,public_contribution,공공기여·기부채납,기부채납; 순부담,"4,090.00㎡; 59.67㎡; 0㎡; 4,149.67㎡; 398㎡",data/urban/text/files/08-11680NTC202112010001-08-11680NTC202112010001-business-notice_file-강남구_2021-203호_고시.txt,205,"제공면적 = 4,090.00㎡ + 59.67㎡ - 0㎡ = 4,149.67㎡ (순부담) ※ 구역내 국공유지 398㎡는 주민이 매입 후 어린이집부지로 기부채납 하므로 제하지 않음 구 분 인센티브(용적률) 비 고",source_snippet_candidate_not_confirmed,"공공기여/기부채납 면적·순부담률 후보. S1 워크북의 공개항목/장부 필드와 대조한 뒤 confirmed, pending, conflict, not_applicable 중 하나로 기록",project-notes/08-ssang1.md
59,강남,8,대치쌍용1차아파트 주택재건축정비사업조합,public_contribution,공공기여·기부채납,순부담,"4,090.0; 4,149.67㎡; 8.71%; 3,692㎡",data/urban/text/files/08-11680NTC202112010001-08-11680NTC202112010001-business-notice_file-강남구_2021-203호_고시.txt,42,"소 계 4,090.0 - 4,090.0 ∙ 기반시설 조성 및 부지제공 : 4,149.67㎡(순부담 8.71%) - 공원, 도로 : 3,692㎡",source_snippet_candidate_not_confirmed,"공공기여/기부채납 면적·순부담률 후보. S1 워크북의 공개항목/장부 필드와 대조한 뒤 confirmed, pending, conflict, not_applicable 중 하나로 기록",project-notes/08-ssang1.md
60,강남,8,대치쌍용1차아파트 주택재건축정비사업조합,public_contribution,공공기여·기부채납,기부채납,"47,659.0㎡; 43,569; 0㎡; 4,090.0㎡; 398.0㎡",data/urban/text/files/08-11680NTC202112010001-08-11680NTC202112010001-business-notice_file-강남구_2021-203호_고시.txt,200,"토지용 기정 47,659.0㎡ 43,569..0㎡ 4,090.0㎡ 398.0㎡ (건축물기부채납을 계획",source_snippet_candidate_not_confirmed,"공공기여/기부채납 면적·순부담률 후보. S1 워크북의 공개항목/장부 필드와 대조한 뒤 confirmed, pending, conflict, not_applicable 중 하나로 기록",project-notes/08-ssang1.md
61,강남,8,대치쌍용1차아파트 주택재건축정비사업조합,ratio_calculation,용적률·비율 산정,용적률; 상한용적률; 법적상한,250.00%; 299.90%; 309,data/urban/text/files/08-11680NTC202112010001-08-11680NTC202112010001-business-notice_file-강남구_2021-203호_고시.txt,137,•용적률 완화 (도시 및 주거환경정비법 제54조) - 정비계획용적률(250.00%) → 예정법적상한용적률 (299.90%) - 309 -,source_snippet_candidate_not_confirmed,"용적률/순부담률 산정 후보. S1 워크북의 공개항목/장부 필드와 대조한 뒤 confirmed, pending, conflict, not_applicable 중 하나로 기록",project-notes/08-ssang1.md
62,강남,8,대치쌍용1차아파트 주택재건축정비사업조합,ratio_calculation,용적률·비율 산정,용적률; 상한용적률; 법적상한,250.00%; 299.90%; 3m,data/urban/text/files/08-11680NTC202112010001-08-11680NTC202112010001-business-notice_file-강남구_2021-203호_고시.txt,177,•용적률 완화 (도시 및 주거환경정비법 제54조) - 정비계획용적률(250.00%) → 예정법적상한용적률 (299.90%) •영동대로변: 건축한계선 3m,source_snippet_candidate_not_confirmed,"용적률/순부담률 산정 후보. S1 워크북의 공개항목/장부 필드와 대조한 뒤 confirmed, pending, conflict, not_applicable 중 하나로 기록",project-notes/08-ssang1.md
63,강남,8,대치쌍용1차아파트 주택재건축정비사업조합,ratio_calculation,용적률·비율 산정,용적률; 상한용적률; 법적상한,299.90%,data/urban/text/files/08-11680NTC202112010001-08-11680NTC202112010001-business-notice_file-강남구_2021-203호_고시.txt,226,￿ 총 제공면적 = 공공시설 등 부지 제공 면적 + 시설설치비용 환산 면적 법적상한 ∙ 법적상한용적률 = 299.90% 용적률 - 법적상한용적률 적용대상으로 도시계획위원회 심의 시 결정된 예정법적상한용적률은 건축위원회 심의를 통해 확정예정,source_snippet_candidate_not_confirmed,"용적률/순부담률 산정 후보. S1 워크북의 공개항목/장부 필드와 대조한 뒤 confirmed, pending, conflict, not_applicable 중 하나로 기록",project-notes/08-ssang1.md
64,강남,11,압구정아파트지구 특별계획구역4,infrastructure,기반시설,도로; 공원; 녹지,"422; 6,732.2; 3,300.4㎡",data/urban/text/files/11-11000NTC202312010004-11-11000NTC202312010004-notice_file-서울특별시_제2023-516호_고시.txt,310,"번호 공원, 녹지 및 도로 중복결정 압구정동 422 6,732.2 (공원① : 3,300.4㎡",source_snippet_candidate_not_confirmed,"도로·공원·공공청사·기반시설 면적 후보. S1 워크북의 공개항목/장부 필드와 대조한 뒤 confirmed, pending, conflict, not_applicable 중 하나로 기록",project-notes/11-apgujeong4.md
65,강남,11,압구정아파트지구 특별계획구역4,infrastructure,기반시설,공원; 녹지,"4,725.4; 2,006.8㎡; 109; 1,425.0㎡",data/urban/text/files/11-11000NTC202312010004-11-11000NTC202312010004-notice_file-서울특별시_제2023-516호_고시.txt,313,"기정 ① 유수지 유수시설 - 일원(신사공원 일원) (4,725.4) 녹지① : 2,006.8㎡ 중로2-109 : 1,425.0㎡)",source_snippet_candidate_not_confirmed,"도로·공원·공공청사·기반시설 면적 후보. S1 워크북의 공개항목/장부 필드와 대조한 뒤 confirmed, pending, conflict, not_applicable 중 하나로 기록",project-notes/11-apgujeong4.md
66,강남,11,압구정아파트지구 특별계획구역4,infrastructure,기반시설,공원,"75,449.6; 6.6; 19,539.0; 2.3; 55,910.6",data/urban/text/files/11-11000NTC202312010004-11-11000NTC202312010004-notice_file-서울특별시_제2023-516호_고시.txt,74,"시설 공원용지 75,449.6 6.6 19,539.0 2.3 감) 55,910.6 용지",source_snippet_candidate_not_confirmed,"도로·공원·공공청사·기반시설 면적 후보. S1 워크북의 공개항목/장부 필드와 대조한 뒤 confirmed, pending, conflict, not_applicable 중 하나로 기록",project-notes/11-apgujeong4.md
67,강남,12,압구정아파트지구 특별계획구역5 재건축정비사업조합,infrastructure,기반시설,도로; 공원; 녹지,"422; 6,732.2; 3,300.4㎡",data/urban/text/files/12-11000NTC202312010004-12-11000NTC202312010004-notice_file-서울특별시_제2023-516호_고시.txt,310,"번호 공원, 녹지 및 도로 중복결정 압구정동 422 6,732.2 (공원① : 3,300.4㎡",source_snippet_candidate_not_confirmed,"도로·공원·공공청사·기반시설 면적 후보. S1 워크북의 공개항목/장부 필드와 대조한 뒤 confirmed, pending, conflict, not_applicable 중 하나로 기록",project-notes/12-apgujeong5.md
68,강남,12,압구정아파트지구 특별계획구역5 재건축정비사업조합,infrastructure,기반시설,공원; 녹지,"4,725.4; 2,006.8㎡; 109; 1,425.0㎡",data/urban/text/files/12-11000NTC202312010004-12-11000NTC202312010004-notice_file-서울특별시_제2023-516호_고시.txt,313,"기정 ① 유수지 유수시설 - 일원(신사공원 일원) (4,725.4) 녹지① : 2,006.8㎡ 중로2-109 : 1,425.0㎡)",source_snippet_candidate_not_confirmed,"도로·공원·공공청사·기반시설 면적 후보. S1 워크북의 공개항목/장부 필드와 대조한 뒤 confirmed, pending, conflict, not_applicable 중 하나로 기록",project-notes/12-apgujeong5.md
69,강남,12,압구정아파트지구 특별계획구역5 재건축정비사업조합,infrastructure,기반시설,공원,"75,449.6; 6.6; 19,539.0; 2.3; 55,910.6",data/urban/text/files/12-11000NTC202312010004-12-11000NTC202312010004-notice_file-서울특별시_제2023-516호_고시.txt,74,"시설 공원용지 75,449.6 6.6 19,539.0 2.3 감) 55,910.6 용지",source_snippet_candidate_not_confirmed,"도로·공원·공공청사·기반시설 면적 후보. S1 워크북의 공개항목/장부 필드와 대조한 뒤 confirmed, pending, conflict, not_applicable 중 하나로 기록",project-notes/12-apgujeong5.md
70,구의/광진,13,자양제7구역 주택재건축정비사업 조합,infrastructure,기반시설,공원,"3,000.0",data/urban/text/files/13-11000NTC201808300002-13-11000NTC201808300002-notice_file-서울특별시2018-268.txt,82,"- 어린이공원 3,000.0",source_snippet_candidate_not_confirmed,"도로·공원·공공청사·기반시설 면적 후보. S1 워크북의 공개항목/장부 필드와 대조한 뒤 confirmed, pending, conflict, not_applicable 중 하나로 기록",project-notes/13-jayang7.md
71,구의/광진,13,자양제7구역 주택재건축정비사업 조합,infrastructure,기반시설,공원,6.7,data/urban/text/files/13-11000NTC201808300002-13-11000NTC201808300002-notice_file-서울특별시2018-268.txt,85,"6.7 어린이공원, 지하주차장 중복결정",source_snippet_candidate_not_confirmed,"도로·공원·공공청사·기반시설 면적 후보. S1 워크북의 공개항목/장부 필드와 대조한 뒤 confirmed, pending, conflict, not_applicable 중 하나로 기록",project-notes/13-jayang7.md
72,구의/광진,13,자양제7구역 주택재건축정비사업 조합,infrastructure,기반시설,도로,6m; 12m); 170,data/urban/text/files/13-11000NTC201808300002-13-11000NTC201808300002-notice_file-서울특별시2018-268.txt,361,B= 6m → 12m) ∙ 주택재건축 정비사업에 따라 증가되는 교통량 처리 및 대상지 내의 진입로 확보를 위한 도로 폭원 및 연장 확대 소로3-170,source_snippet_candidate_not_confirmed,"도로·공원·공공청사·기반시설 면적 후보. S1 워크북의 공개항목/장부 필드와 대조한 뒤 confirmed, pending, conflict, not_applicable 중 하나로 기록",project-notes/13-jayang7.md
73,구의/광진,13,자양제7구역 주택재건축정비사업 조합,public_contribution,공공기여·기부채납,공공시설부지; 순부담,"12.3%; 5,508.84㎡; 9.6%; 4,289.8㎡",data/urban/text/files/13-11000NTC201808300002-13-11000NTC201808300002-notice_file-서울특별시2018-268.txt,789,"(순부담) ∙순부담율 : 12.3%(5,508.84㎡) > 순부담 의무부담율 9.6%(4,289.8㎡) = 순부담 산정을 위한 공공시설부지제공면적",source_snippet_candidate_not_confirmed,"공공기여/기부채납 면적·순부담률 후보. S1 워크북의 공개항목/장부 필드와 대조한 뒤 confirmed, pending, conflict, not_applicable 중 하나로 기록",project-notes/13-jayang7.md
74,구의/광진,13,자양제7구역 주택재건축정비사업 조합,public_contribution,공공기여·기부채납,공공시설부지; 기부채납; 순부담,"12.3%; 5,508.84㎡; 9.6%; 4,289.8㎡",data/urban/text/files/13-11000NTC201808300002-13-11000NTC201808300002-notice_file-서울특별시2018-268.txt,790,"∙순부담율 : 12.3%(5,508.84㎡) > 순부담 의무부담율 9.6%(4,289.8㎡) = 순부담 산정을 위한 공공시설부지제공면적 = 신설 기반시설 면적 + 건축물기부채납 환산부지 – 신설 정비기반시설 내 국․공유지 면적",source_snippet_candidate_not_confirmed,"공공기여/기부채납 면적·순부담률 후보. S1 워크북의 공개항목/장부 필드와 대조한 뒤 confirmed, pending, conflict, not_applicable 중 하나로 기록",project-notes/13-jayang7.md
75,구의/광진,13,자양제7구역 주택재건축정비사업 조합,public_contribution,공공기여·기부채납,공공시설부지,"4,966.95㎡",data/urban/text/files/13-11000NTC201808300002-13-11000NTC201808300002-notice_file-서울특별시2018-268.txt,786,"4,966.95㎡ 공공시설부지 제공면적",source_snippet_candidate_not_confirmed,"공공기여/기부채납 면적·순부담률 후보. S1 워크북의 공개항목/장부 필드와 대조한 뒤 confirmed, pending, conflict, not_applicable 중 하나로 기록",project-notes/13-jayang7.md
76,구의/광진,13,자양제7구역 주택재건축정비사업 조합,ratio_calculation,용적률·비율 산정,용적률; 상한용적률; 법적상한,246.64%,data/urban/text/files/13-11000NTC201808300002-13-11000NTC201808300002-notice_file-서울특별시2018-268.txt,731,∙ 용적률 완화(도시 및 주거환경정비법 제30조의3) - 예정법적상한용적률 : 246.64% 다) 기타사항에 관한 계획,source_snippet_candidate_not_confirmed,"용적률/순부담률 산정 후보. S1 워크북의 공개항목/장부 필드와 대조한 뒤 confirmed, pending, conflict, not_applicable 중 하나로 기록",project-notes/13-jayang7.md
77,구의/광진,13,자양제7구역 주택재건축정비사업 조합,ratio_calculation,용적률·비율 산정,용적률; 상한용적률,"246.64%; 232.6%; 50%; 33,432.4㎡; 2,346.95㎡; 55.45㎡; 43세대; 2,384.35㎡",data/urban/text/files/13-11000NTC201808300002-13-11000NTC201808300002-notice_file-서울특별시2018-268.txt,919,"={(246.64%-232.6%) × 50%} × 33,432.4㎡ = 2,346.95㎡이상 ※ 용적률 증가분 = 예정법정상한용적률 - 정비계획 용적률 ※ 계획 55.45㎡ × 43세대 = 2,384.35㎡",source_snippet_candidate_not_confirmed,"용적률/순부담률 산정 후보. S1 워크북의 공개항목/장부 필드와 대조한 뒤 confirmed, pending, conflict, not_applicable 중 하나로 기록",project-notes/13-jayang7.md
78,구의/광진,13,자양제7구역 주택재건축정비사업 조합,ratio_calculation,용적률·비율 산정,용적률; α,"5,508.84㎡; 31,788.4㎡; 33,432.4㎡; 1,550.0㎡; 0.1728; 232.6%",data/urban/text/files/13-11000NTC201808300002-13-11000NTC201808300002-notice_file-서울특별시2018-268.txt,803,"* α = 공공시설부지 제공 면적 / 공공시설부지 제공 후 대지면적(획지면적 - 공공시설 환산부지 면적) α = 5,508.84㎡ / 31,788.4㎡ (33,432.4㎡- 1,550.0㎡) = 0.1728 ∙정비계획용적률 232.6% 이하",source_snippet_candidate_not_confirmed,"용적률/순부담률 산정 후보. S1 워크북의 공개항목/장부 필드와 대조한 뒤 confirmed, pending, conflict, not_applicable 중 하나로 기록",project-notes/13-jayang7.md
79,강남,14,"개포주공6,7단지아파트 재건축정비사업조합",infrastructure,기반시설,정비기반시설; 기반시설; 도로; 공원; 녹지,"185; 735.4; 1,908㎡; 10,707.6㎡",data/urban/text/files/14-53675-14-gangnam-gu-53675-1-240426_개포주공67단지-정비계획-경미한변경-고시문-안.txt,107,"획지2 개포동 185번지 특별계획구역7 735.4 유치원부지 용도지역 Ÿ 제3종일반주거지역 - ※ 정비기반시설인 도로, 공원, 녹지, 도서관부지는 가구 및 획지 면적에서 제외함 Ÿ 기존 공공시반시설(도로)면적 :1,908㎡ Ÿ 기부채납(순부담) 공공기반시설 : 10,707.6㎡",source_snippet_candidate_not_confirmed,"도로·공원·공공청사·기반시설 면적 후보. S1 워크북의 공개항목/장부 필드와 대조한 뒤 confirmed, pending, conflict, not_applicable 중 하나로 기록",project-notes/14-gaepo6_7.md
80,강남,14,"개포주공6,7단지아파트 재건축정비사업조합",infrastructure,기반시설,정비기반시설; 기반시설; 도로; 공원; 녹지,185; 735.4,data/urban/text/files/14-53675-14-gangnam-gu-53675-1-240426_개포주공67단지-정비계획-경미한변경-고시문-안.txt,378,"획지2 개포동 185번지 특별계획구역7 735.4 유치원부지 ※ 정비기반시설인 도로, 공원, 녹지, 도서관부지는 가구 및 획지 면적에서 제외함 ￭ 획지 결정(변경) 사유서",source_snippet_candidate_not_confirmed,"도로·공원·공공청사·기반시설 면적 후보. S1 워크북의 공개항목/장부 필드와 대조한 뒤 confirmed, pending, conflict, not_applicable 중 하나로 기록",project-notes/14-gaepo6_7.md
81,강남,14,"개포주공6,7단지아파트 재건축정비사업조합",infrastructure,기반시설,기반시설; 도로; 공원; 녹지,"3,572.0㎡; 12m; 4,950㎡; 219.0㎡",data/urban/text/files/14-53675-14-gangnam-gu-53675-1-240426_개포주공67단지-정비계획-경미한변경-고시문-안.txt,110,"- 공원1개소(개포동길변)(면적:3,572.0㎡) 계획 ※ 상기 변경 시설을 제외한 개포택지 지구단위계획구역 내 기타 도로시설의 변경없음 공공·기반시설계획 - 연결녹지 폭 12m(영동대로변)(면적:4,950㎡) 계획 - - 도서관부지(면적 219.0㎡) 계획",source_snippet_candidate_not_confirmed,"도로·공원·공공청사·기반시설 면적 후보. S1 워크북의 공개항목/장부 필드와 대조한 뒤 confirmed, pending, conflict, not_applicable 중 하나로 기록",project-notes/14-gaepo6_7.md
82,강남,14,"개포주공6,7단지아파트 재건축정비사업조합",public_contribution,공공기여·기부채납,기부채납; 순부담,"12,630.3㎡; 9.19%; 185; 116,684.1; 1.8; 116,682.3; 2017; 317호; 2017.09",data/urban/text/files/14-53675-14-gangnam-gu-53675-1-240426_개포주공67단지-정비계획-경미한변경-고시문-안.txt,150,"공공시설 면적 Ÿ 12,630.3㎡ - 개포주공6,7단지 강남구 개포동 서울시고시 공공시설 비율 Ÿ 기부채납(순부담)비율 9.19% 내외 - 변 경 주택재건축정비구역 185번지 일대 116,684.1 감) 1.8 116,682.3 제2017-317호 용도지역 Ÿ 제3종일반주거지역 - (2017.09.07.)",source_snippet_candidate_not_confirmed,"공공기여/기부채납 면적·순부담률 후보. S1 워크북의 공개항목/장부 필드와 대조한 뒤 confirmed, pending, conflict, not_applicable 중 하나로 기록",project-notes/14-gaepo6_7.md
83,강남,14,"개포주공6,7단지아파트 재건축정비사업조합",public_contribution,공공기여·기부채납,공공시설부지; 순부담,"1.3; 230%; 210; 0.10379; 261.03%; 0.10362; 258.29%; 10,724.1㎡; 103,316.6㎡",data/urban/text/files/14-53675-14-gangnam-gu-53675-1-240426_개포주공67단지-정비계획-경미한변경-고시문-안.txt,293,"Ÿ 개발가능용적률 = 허용용적률 +계획(기준)용적률 × 1.3α 개발가능 Ÿ = 230% ×(210 × 1.3 × 1 × 0.10379) = 261.03% 개발가능 = 230% +(210 × 1.3 × 0.10362) = 258.29% 용적률 ※ α = 공공시설로 제공한 면적(순부담면적) / 공공시설부지로 제공한 후 나머지 대지면적 용적률 ※ α = 공공시설로 제공한 면적(순부담면적) / 공공시설부지로 제공한 후 나머지 대지면적 = 10,724.1㎡ / 103,316.6㎡ = 0.10379",source_snippet_candidate_not_confirmed,"공공기여/기부채납 면적·순부담률 후보. S1 워크북의 공개항목/장부 필드와 대조한 뒤 confirmed, pending, conflict, not_applicable 중 하나로 기록",project-notes/14-gaepo6_7.md
84,강남,14,"개포주공6,7단지아파트 재건축정비사업조합",public_contribution,공공기여·기부채납,기부채납; 순부담,"12,615.6㎡; 185; 103,316.6; 9.18%",data/urban/text/files/14-53675-14-gangnam-gu-53675-1-240426_개포주공67단지-정비계획-경미한변경-고시문-안.txt,104,"공공시설 면적 Ÿ 12,615.6㎡ - 획지1 개포동 185번지 특별계획구역7,8 103,316.6 공동주택 부지 공공시설 비율 Ÿ 기부채납(순부담)비율 9.18% 내외 - 변경",source_snippet_candidate_not_confirmed,"공공기여/기부채납 면적·순부담률 후보. S1 워크북의 공개항목/장부 필드와 대조한 뒤 confirmed, pending, conflict, not_applicable 중 하나로 기록",project-notes/14-gaepo6_7.md
85,강남,14,"개포주공6,7단지아파트 재건축정비사업조합",ratio_calculation,용적률·비율 산정,용적률; 상한용적률; 법적상한,"49.98%; 0.5; 24.990%; 50%; 103,316.6㎡; 25,818.81㎡",data/urban/text/files/14-53675-14-gangnam-gu-53675-1-240426_개포주공67단지-정비계획-경미한변경-고시문-안.txt,313,"증가된 용적률의 Ÿ 49.98% × 0.5 = 24.990% Ÿ 공공주택(법적상한용적률 완화) 건설 : 도시정비법에서의 법적상한용적률에서 50% : 103,316.6㎡(대지면적) × 24.990% = 25,818.81㎡ 계획 기준 정비계획으로 정하여진 용적률을 뺀 용적률의 50% 이상",source_snippet_candidate_not_confirmed,"용적률/순부담률 산정 후보. S1 워크북의 공개항목/장부 필드와 대조한 뒤 confirmed, pending, conflict, not_applicable 중 하나로 기록",project-notes/14-gaepo6_7.md
86,강남,14,"개포주공6,7단지아파트 재건축정비사업조합",ratio_calculation,용적률·비율 산정,용적률; 상한용적률; 법적상한,"75.22㎡; 102.29㎡; 2,659.54㎡; 25,822.94㎡; 75.43㎡; 102.40㎡; 819.20㎡",data/urban/text/files/14-53675-14-gangnam-gu-53675-1-240426_개포주공67단지-정비계획-경미한변경-고시문-안.txt,325,"확보계획 75.22㎡ 102.29㎡ 26 2,659.54㎡ 의무 연면적 Ÿ 25,822.94㎡ 이상 (법적상한용적률 75.43㎡ 102.40㎡ 8 819.20㎡ 완화)",source_snippet_candidate_not_confirmed,"용적률/순부담률 산정 후보. S1 워크북의 공개항목/장부 필드와 대조한 뒤 confirmed, pending, conflict, not_applicable 중 하나로 기록",project-notes/14-gaepo6_7.md
87,강남,14,"개포주공6,7단지아파트 재건축정비사업조합",ratio_calculation,용적률·비율 산정,용적률; 상한용적률; 법적상한,"75.18㎡; 101.2438㎡; 2,632.34㎡",data/urban/text/files/14-53675-14-gangnam-gu-53675-1-240426_개포주공67단지-정비계획-경미한변경-고시문-안.txt,337,"용적률완화) 산출근거 공공주택 75.18㎡ 101.2438㎡ 26 2,632.34㎡ 전체 세대수 조합원 및 일반분양 세대수 공공주택(법적상한용적률완화) 확보계획 건립규모 세대수",source_snippet_candidate_not_confirmed,"용적률/순부담률 산정 후보. S1 워크북의 공개항목/장부 필드와 대조한 뒤 confirmed, pending, conflict, not_applicable 중 하나로 기록",project-notes/14-gaepo6_7.md
88,잠실/송파,16,가락1차현대아파트 재건축정비사업 조합,infrastructure,기반시설,공원,20260623; 019; 2017.7; 3418호; 35층; 110m; 111m; 11000; 201707138200; 2017; 1m; 020,analysis/ocr-image-review-decisions.md,103,"| ocr-img-20260623-019 | 2017.7.13 서울시보 제3418호, 대치쌍용2차아파트 정비계획 변경, 건축시설계획 | 높이: 최고35층 / 110m 이하 | 원문 이미지의 높이 열에서 최고35층 및 110m 이하 확인 | 장부 current_value 111m는 같은 이미지에서 확인되지 않음 | data/urban/text/ocr/images/07-11000NTC201707138200-07-11000NTC201707138200-notice_file-강남구2017-99/page-4.png | 현재 장부값 111m는 원문 이미지와 1m 차이가 있어 단순 OCR 확인으로 확정하지 않는다. | | ocr-img-20260623-020 | 2017.7.13 서울시보 제3418호, 대치쌍용2차아파트 정비계획 변경, 건축시설계획 | 건폐율 30% 이하 | 원문 이미지의 건축시설계획 표에서 건폐율 30% 이하 확인 | 장부 current_value 21%는 같은 이미지에서 확인되지 않음 | data/urban/text/ocr/images/07-11000NTC201707138200-07-11000NTC201707138200-notice_file-강남구2017-99/page-4.png | page-1은 고시 도입부/공원조성사업 표라서 21%의 근거가 아니며, page-4 정비계획 표는 30% 이하를 보여준다. | | ocr-img-20260623-021 | 2024.4.4 서울시보 제3967호, 가락아파트지구 개발기본계획 결정(변경) | 용적률·건폐율·높이 계획 표만 확인되고 송파한양2차 정비구역 면적 표는 확인되지 않음 | 이미지는 가락아파트지구 개발기본계획 변경과 건축물 밀도 계획을 보여줌 | 송파한양2차 장부 면적 54,855.2㎡는 해당 이미지에서 직접 확인되지 않음 | data/urban/text/ocr/images/17-11000NTC202404180001-17-11000NTC202404180001-notice_file-서울특별시_제2024-178호_고시/page-04.png | 현재 이미지가 생활권의 상위 계획 근거로는 유효하지만 장부 면적의 직접 출처는 아니다. |",source_snippet_candidate_not_confirmed,"도로·공원·공공청사·기반시설 면적 후보. S1 워크북의 공개항목/장부 필드와 대조한 뒤 confirmed, pending, conflict, not_applicable 중 하나로 기록",project-notes/16-hyundai.md
89,잠실/송파,16,가락1차현대아파트 재건축정비사업 조합,ratio_calculation,용적률·비율 산정,용적률; 상한용적률; 법적상한,20260623; 024; 2021.10; 3724호; 925세대; 925; 402; 224; 299; 786세대; 11000; 202111260001,analysis/ocr-image-review-decisions.md,108,"| ocr-img-20260623-024 | 2021.10.7 서울시보 제3724호, 대림가락아파트 건축시설계획 및 주택공급계획 | 주택공급계획: 925세대 / 합계 925 | 원문 이미지의 주택공급계획에서 925세대 및 규모별 세대수 402/224/299 확인 | 장부 current_value 786세대는 같은 이미지에서 확인되지 않음 | data/urban/text/ocr/images/19-11000NTC202111260001-19-11000NTC202111260001-notice_file-서울특별시_2021-551호_고시/page-04.png | OCR 트리아지의 page-03 연결은 공동이용시설 표와 기존 건축물 표로, 세대수 786의 직접 근거가 아니다. | | ocr-img-20260623-025 | 2021.10.7 서울시보 제3724호, 대림가락아파트 건축시설계획 | 용적률: 정비계획 234.36% 이하 / 법적상한 299.98% 이하 | 원문 이미지의 건축시설계획 표에서 정비계획용적률 234.36% 이하 및 법적상한용적률 299.98% 이하 확인 | 장부 current_value 300은 299.98%의 정밀도를 잃은 반올림값으로 보임 | data/urban/text/ocr/images/19-11000NTC202111260001-19-11000NTC202111260001-notice_file-서울특별시_2021-551호_고시/page-04.png | 지구단위계획 결정사항에는 법적상한 300% 이하도 보이나, 건축시설계획의 구체 값은 299.98% 이하로 판독된다. | | ocr-img-20260623-026 | 2021.10.7 서울시보 제3724호, 대림가락아파트 건축시설계획 | 높이: 해발고도 129m 이하 / 최고35층 이하 | 원문 이미지의 높이 열에서 해발고도 129m 이하 및 최고35층 이하 확인 | 같은 이미지에서는 지하2층을 확인하지 못함 | data/urban/text/ocr/images/19-11000NTC202111260001-19-11000NTC202111260001-notice_file-서울특별시_2021-551호_고시/page-04.png | 원문 이미지는 지상 최고층만 확인해 주며, 지하층 수는 별도 원문 확인 전까지 부분확정 상태로 둔다. |",source_snippet_candidate_not_confirmed,"용적률/순부담률 산정 후보. S1 워크북의 공개항목/장부 필드와 대조한 뒤 confirmed, pending, conflict, not_applicable 중 하나로 기록",project-notes/16-hyundai.md
90,잠실/송파,16,가락1차현대아파트 재건축정비사업 조합,ratio_calculation,용적률·비율 산정,용적률; 상한용적률; 법적상한,"20260623; 003; 2021.4; 1762호; 33,953.7; 33,953.7㎡; 11000; 202105100001; 2021; 88호; 004; 234.09%",analysis/ocr-image-review-decisions.md,83,"| ocr-img-20260623-003 | 2021.4.29 송파구보 제1762호, I. 정비구역의 지정 및 정비계획 결정(변경), 1. 정비구역 지정 조서 및 2. 토지이용계획 | 면적(㎡) 변경후 33,953.7 / 토지이용계획 합계 33,953.7 | 정비구역 지정 조서 변경후 면적 33,953.7㎡ 및 토지이용계획 합계 33,953.7㎡ 확인 | | data/urban/text/ocr/images/16-11000NTC202105100001-16-11000NTC202105100001-notice_file-송파구_2021-88호_고시/page-02.png | OCR 트리아지에서는 직접 이미지 확인 대상으로 남아 있었지만, 원문 이미지에서 장부 현재값과 같은 정비구역 면적을 확인했다. | | ocr-img-20260623-004 | 2021.4.29 송파구보 제1762호, 7. 건축시설계획(변경), 가. 획지 및 주택규모 등에 관한 계획(변경) | 용적률(%): 정비계획 234.09% 이하 / 법적상한 299.20% 이하 | 원문 이미지의 용적률 열과 심의완화사항에서 법적상한용적률 299.20% 이하 확인 | 장부 current_value 299는 원문 299.20%의 소수점 정밀도를 잃은 값 | data/urban/text/ocr/images/16-11000NTC202105100001-16-11000NTC202105100001-notice_file-송파구_2021-88호_고시/page-05.png | 현재 비교 매트릭스의 299는 법적상한용적률 299.20%를 반올림 또는 절삭한 값으로 보인다. 원문 판독값을 별도 보정 후보로 둔다. | | ocr-img-20260623-005 | 2021.4.29 송파구보 제1762호, 7. 건축시설계획(변경), 가. 획지 및 주택규모 등에 관한 계획(변경) | 건폐율(%): 50% 이하 | 원문 이미지의 건폐율 열에서 50% 이하 확인 | 장부 current_value 24는 같은 이미지에서 확인되지 않으며, 계획상한 50% 이하와 실제/사업개요 건폐율 24%의 기준 차이일 수 있음 | data/urban/text/ocr/images/16-11000NTC202105100001-16-11000NTC202105100001-notice_file-송파구_2021-88호_고시/page-05.png | OCR 트리아지는 장부값 24를 image_confirmation_candidate로 분류했지만, 직접 확인한 원문 이미지는 50% 이하만 보여 준다. 장부값 24는 2차 출처가 필요하다. |",source_snippet_candidate_not_confirmed,"용적률/순부담률 산정 후보. S1 워크북의 공개항목/장부 필드와 대조한 뒤 confirmed, pending, conflict, not_applicable 중 하나로 기록",project-notes/16-hyundai.md
91,잠실/송파,16,가락1차현대아파트 재건축정비사업 조합,ratio_calculation,용적률·비율 산정,용적률; 기준용적률; 상한용적률; 법적상한,"20260623; 016; 24,484.4; 24,484.4㎡; 017; 299; 250.0%; 299.82%; 018; 490; 560세대; 2017",analysis/ocr-image-review-decisions.md,55,"| ocr-img-20260623-016 | 7 | 대치쌍용2차아파트 주택재건축정비사업조합 | 정비구역 면적 | 24,484.4 | 정비구역 면적 변경후 24,484.4㎡ | source_value_confirmed_from_image | confirmed_from_ocr_image | district_area_sqm_official 24,484.4㎡ 확정 | | ocr-img-20260623-017 | 7 | 대치쌍용2차아파트 주택재건축정비사업조합 | 용적률 | 299 | 정비계획용적률 250.0% 이하 / 예정 법적상한용적률 299.82% 이하 | source_value_precision_mismatch | ocr_source_value_update_required | floor_area_ratio_pct_official은 법적상한 299.82% 이하로 정밀도 보정하거나 기준용적률 250.0%와 병기 | | ocr-img-20260623-018 | 7 | 대치쌍용2차아파트 주택재건축정비사업조합 | 총 세대수 | 490 | 주택공급계획 변경 합계 560세대 | source_value_basis_mismatch_needs_secondary_source | ocr_partial_confirmation_pending | total_households 490은 이후 사업시행계획/분양승인 등 다른 원문에서 2차 확인하고, 2017 정비계획 원문값 560세대와 병기 |",source_snippet_candidate_not_confirmed,"용적률/순부담률 산정 후보. S1 워크북의 공개항목/장부 필드와 대조한 뒤 confirmed, pending, conflict, not_applicable 중 하나로 기록",project-notes/16-hyundai.md
92,잠실/송파,17,송파한양2차아파트 재건축정비사업 조합,infrastructure,기반시설,공원,20260623; 019; 2017.7; 3418호; 35층; 110m; 111m; 11000; 201707138200; 2017; 1m; 020,analysis/ocr-image-review-decisions.md,103,"| ocr-img-20260623-019 | 2017.7.13 서울시보 제3418호, 대치쌍용2차아파트 정비계획 변경, 건축시설계획 | 높이: 최고35층 / 110m 이하 | 원문 이미지의 높이 열에서 최고35층 및 110m 이하 확인 | 장부 current_value 111m는 같은 이미지에서 확인되지 않음 | data/urban/text/ocr/images/07-11000NTC201707138200-07-11000NTC201707138200-notice_file-강남구2017-99/page-4.png | 현재 장부값 111m는 원문 이미지와 1m 차이가 있어 단순 OCR 확인으로 확정하지 않는다. | | ocr-img-20260623-020 | 2017.7.13 서울시보 제3418호, 대치쌍용2차아파트 정비계획 변경, 건축시설계획 | 건폐율 30% 이하 | 원문 이미지의 건축시설계획 표에서 건폐율 30% 이하 확인 | 장부 current_value 21%는 같은 이미지에서 확인되지 않음 | data/urban/text/ocr/images/07-11000NTC201707138200-07-11000NTC201707138200-notice_file-강남구2017-99/page-4.png | page-1은 고시 도입부/공원조성사업 표라서 21%의 근거가 아니며, page-4 정비계획 표는 30% 이하를 보여준다. | | ocr-img-20260623-021 | 2024.4.4 서울시보 제3967호, 가락아파트지구 개발기본계획 결정(변경) | 용적률·건폐율·높이 계획 표만 확인되고 송파한양2차 정비구역 면적 표는 확인되지 않음 | 이미지는 가락아파트지구 개발기본계획 변경과 건축물 밀도 계획을 보여줌 | 송파한양2차 장부 면적 54,855.2㎡는 해당 이미지에서 직접 확인되지 않음 | data/urban/text/ocr/images/17-11000NTC202404180001-17-11000NTC202404180001-notice_file-서울특별시_제2024-178호_고시/page-04.png | 현재 이미지가 생활권의 상위 계획 근거로는 유효하지만 장부 면적의 직접 출처는 아니다. |",source_snippet_candidate_not_confirmed,"도로·공원·공공청사·기반시설 면적 후보. S1 워크북의 공개항목/장부 필드와 대조한 뒤 confirmed, pending, conflict, not_applicable 중 하나로 기록",project-notes/17-songpa2.md
93,잠실/송파,17,송파한양2차아파트 재건축정비사업 조합,ratio_calculation,용적률·비율 산정,용적률; 상한용적률; 법적상한,20260623; 024; 2021.10; 3724호; 925세대; 925; 402; 224; 299; 786세대; 11000; 202111260001,analysis/ocr-image-review-decisions.md,108,"| ocr-img-20260623-024 | 2021.10.7 서울시보 제3724호, 대림가락아파트 건축시설계획 및 주택공급계획 | 주택공급계획: 925세대 / 합계 925 | 원문 이미지의 주택공급계획에서 925세대 및 규모별 세대수 402/224/299 확인 | 장부 current_value 786세대는 같은 이미지에서 확인되지 않음 | data/urban/text/ocr/images/19-11000NTC202111260001-19-11000NTC202111260001-notice_file-서울특별시_2021-551호_고시/page-04.png | OCR 트리아지의 page-03 연결은 공동이용시설 표와 기존 건축물 표로, 세대수 786의 직접 근거가 아니다. | | ocr-img-20260623-025 | 2021.10.7 서울시보 제3724호, 대림가락아파트 건축시설계획 | 용적률: 정비계획 234.36% 이하 / 법적상한 299.98% 이하 | 원문 이미지의 건축시설계획 표에서 정비계획용적률 234.36% 이하 및 법적상한용적률 299.98% 이하 확인 | 장부 current_value 300은 299.98%의 정밀도를 잃은 반올림값으로 보임 | data/urban/text/ocr/images/19-11000NTC202111260001-19-11000NTC202111260001-notice_file-서울특별시_2021-551호_고시/page-04.png | 지구단위계획 결정사항에는 법적상한 300% 이하도 보이나, 건축시설계획의 구체 값은 299.98% 이하로 판독된다. | | ocr-img-20260623-026 | 2021.10.7 서울시보 제3724호, 대림가락아파트 건축시설계획 | 높이: 해발고도 129m 이하 / 최고35층 이하 | 원문 이미지의 높이 열에서 해발고도 129m 이하 및 최고35층 이하 확인 | 같은 이미지에서는 지하2층을 확인하지 못함 | data/urban/text/ocr/images/19-11000NTC202111260001-19-11000NTC202111260001-notice_file-서울특별시_2021-551호_고시/page-04.png | 원문 이미지는 지상 최고층만 확인해 주며, 지하층 수는 별도 원문 확인 전까지 부분확정 상태로 둔다. |",source_snippet_candidate_not_confirmed,"용적률/순부담률 산정 후보. S1 워크북의 공개항목/장부 필드와 대조한 뒤 confirmed, pending, conflict, not_applicable 중 하나로 기록",project-notes/17-songpa2.md
94,잠실/송파,17,송파한양2차아파트 재건축정비사업 조합,ratio_calculation,용적률·비율 산정,용적률; 상한용적률; 법적상한,"20260623; 003; 2021.4; 1762호; 33,953.7; 33,953.7㎡; 11000; 202105100001; 2021; 88호; 004; 234.09%",analysis/ocr-image-review-decisions.md,83,"| ocr-img-20260623-003 | 2021.4.29 송파구보 제1762호, I. 정비구역의 지정 및 정비계획 결정(변경), 1. 정비구역 지정 조서 및 2. 토지이용계획 | 면적(㎡) 변경후 33,953.7 / 토지이용계획 합계 33,953.7 | 정비구역 지정 조서 변경후 면적 33,953.7㎡ 및 토지이용계획 합계 33,953.7㎡ 확인 | | data/urban/text/ocr/images/16-11000NTC202105100001-16-11000NTC202105100001-notice_file-송파구_2021-88호_고시/page-02.png | OCR 트리아지에서는 직접 이미지 확인 대상으로 남아 있었지만, 원문 이미지에서 장부 현재값과 같은 정비구역 면적을 확인했다. | | ocr-img-20260623-004 | 2021.4.29 송파구보 제1762호, 7. 건축시설계획(변경), 가. 획지 및 주택규모 등에 관한 계획(변경) | 용적률(%): 정비계획 234.09% 이하 / 법적상한 299.20% 이하 | 원문 이미지의 용적률 열과 심의완화사항에서 법적상한용적률 299.20% 이하 확인 | 장부 current_value 299는 원문 299.20%의 소수점 정밀도를 잃은 값 | data/urban/text/ocr/images/16-11000NTC202105100001-16-11000NTC202105100001-notice_file-송파구_2021-88호_고시/page-05.png | 현재 비교 매트릭스의 299는 법적상한용적률 299.20%를 반올림 또는 절삭한 값으로 보인다. 원문 판독값을 별도 보정 후보로 둔다. | | ocr-img-20260623-005 | 2021.4.29 송파구보 제1762호, 7. 건축시설계획(변경), 가. 획지 및 주택규모 등에 관한 계획(변경) | 건폐율(%): 50% 이하 | 원문 이미지의 건폐율 열에서 50% 이하 확인 | 장부 current_value 24는 같은 이미지에서 확인되지 않으며, 계획상한 50% 이하와 실제/사업개요 건폐율 24%의 기준 차이일 수 있음 | data/urban/text/ocr/images/16-11000NTC202105100001-16-11000NTC202105100001-notice_file-송파구_2021-88호_고시/page-05.png | OCR 트리아지는 장부값 24를 image_confirmation_candidate로 분류했지만, 직접 확인한 원문 이미지는 50% 이하만 보여 준다. 장부값 24는 2차 출처가 필요하다. |",source_snippet_candidate_not_confirmed,"용적률/순부담률 산정 후보. S1 워크북의 공개항목/장부 필드와 대조한 뒤 confirmed, pending, conflict, not_applicable 중 하나로 기록",project-notes/17-songpa2.md
95,잠실/송파,17,송파한양2차아파트 재건축정비사업 조합,ratio_calculation,용적률·비율 산정,용적률; 기준용적률; 상한용적률; 법적상한,"20260623; 016; 24,484.4; 24,484.4㎡; 017; 299; 250.0%; 299.82%; 018; 490; 560세대; 2017",analysis/ocr-image-review-decisions.md,55,"| ocr-img-20260623-016 | 7 | 대치쌍용2차아파트 주택재건축정비사업조합 | 정비구역 면적 | 24,484.4 | 정비구역 면적 변경후 24,484.4㎡ | source_value_confirmed_from_image | confirmed_from_ocr_image | district_area_sqm_official 24,484.4㎡ 확정 | | ocr-img-20260623-017 | 7 | 대치쌍용2차아파트 주택재건축정비사업조합 | 용적률 | 299 | 정비계획용적률 250.0% 이하 / 예정 법적상한용적률 299.82% 이하 | source_value_precision_mismatch | ocr_source_value_update_required | floor_area_ratio_pct_official은 법적상한 299.82% 이하로 정밀도 보정하거나 기준용적률 250.0%와 병기 | | ocr-img-20260623-018 | 7 | 대치쌍용2차아파트 주택재건축정비사업조합 | 총 세대수 | 490 | 주택공급계획 변경 합계 560세대 | source_value_basis_mismatch_needs_secondary_source | ocr_partial_confirmation_pending | total_households 490은 이후 사업시행계획/분양승인 등 다른 원문에서 2차 확인하고, 2017 정비계획 원문값 560세대와 병기 |",source_snippet_candidate_not_confirmed,"용적률/순부담률 산정 후보. S1 워크북의 공개항목/장부 필드와 대조한 뒤 confirmed, pending, conflict, not_applicable 중 하나로 기록",project-notes/17-songpa2.md
96,잠실/송파,21,가락삼익맨숀아파트 재건축정비사업 조합,infrastructure,기반시설,공원; 녹지,3m),data/urban/text/files/21-11710NTC202010230006-21-11710NTC202010230006-notice_file-송파구_2020-111호_고시.txt,538,구 분 적용위치 계 획 내 용 •소공원과 완충녹지의 연결을 위해 공공보행통로(3m) 지정 공공보행통로 도면에 표기,source_snippet_candidate_not_confirmed,"도로·공원·공공청사·기반시설 면적 후보. S1 워크북의 공개항목/장부 필드와 대조한 뒤 confirmed, pending, conflict, not_applicable 중 하나로 기록",project-notes/21-grsamik.md
97,잠실/송파,21,가락삼익맨숀아파트 재건축정비사업 조합,infrastructure,기반시설,공원; 녹지,3m,data/urban/text/files/21-11710NTC202010230006-21-11710NTC202010230006-notice_file-송파구_2020-111호_고시.txt,540,공공보행통로 도면에 표기 - 위치 및 폭원 : 대지내 소공원 → 완충녹지변 3m 2) 교통처리계획,source_snippet_candidate_not_confirmed,"도로·공원·공공청사·기반시설 면적 후보. S1 워크북의 공개항목/장부 필드와 대조한 뒤 confirmed, pending, conflict, not_applicable 중 하나로 기록",project-notes/21-grsamik.md
98,잠실/송파,21,가락삼익맨숀아파트 재건축정비사업 조합,infrastructure,기반시설,공원,"4,950; 166; 2017; 335호",data/urban/text/files/21-11710NTC202010230006-21-11710NTC202010230006-notice_file-송파구_2020-111호_고시.txt,59,"송파구 송파동 서고시 조성후 변경 1 공원 소공원 4,950 - 4,950 166번지 일대 제2017-335호 기부채납",source_snippet_candidate_not_confirmed,"도로·공원·공공청사·기반시설 면적 후보. S1 워크북의 공개항목/장부 필드와 대조한 뒤 confirmed, pending, conflict, not_applicable 중 하나로 기록",project-notes/21-grsamik.md
99,잠실/송파,21,가락삼익맨숀아파트 재건축정비사업 조합,public_contribution,공공기여·기부채납,순부담,"5,500; 9.2; 5,688.7㎡; 9.5%",data/urban/text/files/21-11710NTC202010230006-21-11710NTC202010230006-notice_file-송파구_2020-111호_고시.txt,28,"소 계 5,500 - 5,500 9.2 순부담 면적 : 5,688.7㎡(9.5%) 정비",source_snippet_candidate_not_confirmed,"공공기여/기부채납 면적·순부담률 후보. S1 워크북의 공개항목/장부 필드와 대조한 뒤 confirmed, pending, conflict, not_applicable 중 하나로 기록",project-notes/21-grsamik.md
100,잠실/송파,21,가락삼익맨숀아파트 재건축정비사업 조합,public_contribution,공공기여·기부채납,공공시설부지; 순부담,"59,721.63㎡; 54,221.63㎡; 5,500㎡; 188.7㎡; 5,688.7㎡; 9.2%",data/urban/text/files/21-11710NTC202010230006-21-11710NTC202010230006-notice_file-송파구_2020-111호_고시.txt,176,"59,721.63㎡ 54,221.63㎡ 5,500㎡ - - 공공시설부지 토지 5,500㎡, 건축물(토지환산) 188.7㎡ 제공면적 순부담 면적 : 5,688.7㎡(9.2%)",source_snippet_candidate_not_confirmed,"공공기여/기부채납 면적·순부담률 후보. S1 워크북의 공개항목/장부 필드와 대조한 뒤 confirmed, pending, conflict, not_applicable 중 하나로 기록",project-notes/21-grsamik.md
101,잠실/송파,21,가락삼익맨숀아파트 재건축정비사업 조합,public_contribution,공공기여·기부채납,공공시설부지; 순부담,"5,500㎡; 188.7㎡; 5,688.7㎡; 9.2%; 210%",data/urban/text/files/21-11710NTC202010230006-21-11710NTC202010230006-notice_file-송파구_2020-111호_고시.txt,177,"공공시설부지 토지 5,500㎡, 건축물(토지환산) 188.7㎡ 제공면적 순부담 면적 : 5,688.7㎡(9.2%) 기준용적률 210% 이하",source_snippet_candidate_not_confirmed,"공공기여/기부채납 면적·순부담률 후보. S1 워크북의 공개항목/장부 필드와 대조한 뒤 confirmed, pending, conflict, not_applicable 중 하나로 기록",project-notes/21-grsamik.md
102,잠실/송파,21,가락삼익맨숀아파트 재건축정비사업 조합,ratio_calculation,용적률·비율 산정,용적률; 기준용적률; 허용용적률; α,10%; 4%; 3%; 1.3; 220%; 210%; 0.1049; 248.64%,data/urban/text/files/21-11710NTC202010230006-21-11710NTC202010230006-notice_file-송파구_2020-111호_고시.txt,182,인센티브 = 10%[녹색건축인증(4%) + 건축에너지효율(3%) + 신재생에너지이용(3%)] 허용용적률 + 기준용적률 x 1.3 x α = 220% + (210% x 1.3 x 0.1049) = 248.64%,source_snippet_candidate_not_confirmed,"용적률/순부담률 산정 후보. S1 워크북의 공개항목/장부 필드와 대조한 뒤 confirmed, pending, conflict, not_applicable 중 하나로 기록",project-notes/21-grsamik.md
103,잠실/송파,21,가락삼익맨숀아파트 재건축정비사업 조합,ratio_calculation,용적률·비율 산정,용적률; 상한용적률; 법적상한,85㎡; 85.9%; 299.98%,data/urban/text/files/21-11710NTC202010230006-21-11710NTC202010230006-notice_file-송파구_2020-111호_고시.txt,163,- 85㎡이하 규모의 주택이 전체 연면적에서 차지하는 비율 : 85.9% 심의완화 사항 ∙ 예정법적상한용적률 : 299.98% 구분 계획내용 계획목표,source_snippet_candidate_not_confirmed,"용적률/순부담률 산정 후보. S1 워크북의 공개항목/장부 필드와 대조한 뒤 confirmed, pending, conflict, not_applicable 중 하나로 기록",project-notes/21-grsamik.md
104,잠실/송파,21,가락삼익맨숀아파트 재건축정비사업 조합,ratio_calculation,용적률·비율 산정,용적률; 상한용적률; 법적상한,299.98%; 248.64%,data/urban/text/files/21-11710NTC202010230006-21-11710NTC202010230006-notice_file-송파구_2020-111호_고시.txt,201,•소형주택은 공공 목적의 공공임대주택 용도 법적상한용적률 299.98% 이하 상한용적률 248.64%,source_snippet_candidate_not_confirmed,"용적률/순부담률 산정 후보. S1 워크북의 공개항목/장부 필드와 대조한 뒤 confirmed, pending, conflict, not_applicable 중 하나로 기록",project-notes/21-grsamik.md
105,구의/광진,22,중곡아파트 주택재건축정비사업조합,infrastructure,기반시설,정비기반시설; 기반시설,"1,888.3㎡; 632.1㎡; 1,256.2㎡; 21.7%",data/urban/text/files/22-11000NTC201411137333-22-11000NTC201411137333-notice_file-서울특별시2014-382.txt,454,"제공면적(순부담) ∙ 계획 정비기반시설면적 - 계획정비기반시설 내 국·공유지 = 1,888.3㎡ - 632.1㎡ = 1,256.2㎡ (종상향구역면적대비 21.7%)",source_snippet_candidate_not_confirmed,"도로·공원·공공청사·기반시설 면적 후보. S1 워크북의 공개항목/장부 필드와 대조한 뒤 confirmed, pending, conflict, not_applicable 중 하나로 기록",project-notes/22-junggokapt.md
106,구의/광진,22,중곡아파트 주택재건축정비사업조합,infrastructure,기반시설,도로,10m; 8m,data/urban/text/files/22-11000NTC201411137333-22-11000NTC201411137333-notice_file-서울특별시2014-382.txt,46,"공동 ※ 경미한 사항의 변경 : 사업부지 북측 폭원10m 계획도로를 폭원8m 계획도로로 변경, 구역계 조정 Ⅱ. 정비구역 지정 및 정비계획 수립",source_snippet_candidate_not_confirmed,"도로·공원·공공청사·기반시설 면적 후보. S1 워크북의 공개항목/장부 필드와 대조한 뒤 confirmed, pending, conflict, not_applicable 중 하나로 기록",project-notes/22-junggokapt.md
107,구의/광진,22,중곡아파트 주택재건축정비사업조합,infrastructure,기반시설,기반시설; 도로,10m; 8m),data/urban/text/files/22-11000NTC201411137333-22-11000NTC201411137333-notice_file-서울특별시2014-382.txt,33,"기반시설 (도로) 폭원변경 (10m→8m),",source_snippet_candidate_not_confirmed,"도로·공원·공공청사·기반시설 면적 후보. S1 워크북의 공개항목/장부 필드와 대조한 뒤 confirmed, pending, conflict, not_applicable 중 하나로 기록",project-notes/22-junggokapt.md
108,구의/광진,22,중곡아파트 주택재건축정비사업조합,public_contribution,공공기여·기부채납,공공시설부지; 순부담,632.1㎡,data/urban/text/files/22-11000NTC201411137333-22-11000NTC201411137333-notice_file-서울특별시2014-382.txt,452,632.1㎡ 공공시설부지 제공면적(순부담),source_snippet_candidate_not_confirmed,"공공기여/기부채납 면적·순부담률 후보. S1 워크북의 공개항목/장부 필드와 대조한 뒤 confirmed, pending, conflict, not_applicable 중 하나로 기록",project-notes/22-junggokapt.md
109,구의/광진,22,중곡아파트 주택재건축정비사업조합,public_contribution,공공기여·기부채납,공공시설부지,227.1%,data/urban/text/files/22-11000NTC201411137333-22-11000NTC201411137333-notice_file-서울특별시2014-382.txt,464,= 227.1% α = 공공시설부지로 제공하는 면적 /공공시설부지로 제공한 후의 대지면적,source_snippet_candidate_not_confirmed,"공공기여/기부채납 면적·순부담률 후보. S1 워크북의 공개항목/장부 필드와 대조한 뒤 confirmed, pending, conflict, not_applicable 중 하나로 기록",project-notes/22-junggokapt.md
110,구의/광진,22,중곡아파트 주택재건축정비사업조합,public_contribution,공공기여·기부채납,공공시설부지,"1,256.2㎡; 8,374.0㎡; 0.15",data/urban/text/files/22-11000NTC201411137333-22-11000NTC201411137333-notice_file-서울특별시2014-382.txt,465,"α = 공공시설부지로 제공하는 면적 /공공시설부지로 제공한 후의 대지면적 = 1,256.2㎡ / 8,374.0㎡ = 0.15",source_snippet_candidate_not_confirmed,"공공기여/기부채납 면적·순부담률 후보. S1 워크북의 공개항목/장부 필드와 대조한 뒤 confirmed, pending, conflict, not_applicable 중 하나로 기록",project-notes/22-junggokapt.md
111,구의/광진,22,중곡아파트 주택재건축정비사업조합,ratio_calculation,용적률·비율 산정,용적률; 상한용적률; 법적상한,227.1%; 249.71%,data/urban/text/files/22-11000NTC201411137333-22-11000NTC201411137333-notice_file-서울특별시2014-382.txt,431,■ 용적률 완화(도시 및 주거환경정비법 제30조의3) - 정비계획용적률(227.1% 이하) → 예정법적상한용적률(249.71% 이하) ⇒ 건축계획상의 용적률(249.71%) 적용,source_snippet_candidate_not_confirmed,"용적률/순부담률 산정 후보. S1 워크북의 공개항목/장부 필드와 대조한 뒤 confirmed, pending, conflict, not_applicable 중 하나로 기록",project-notes/22-junggokapt.md
112,구의/광진,22,중곡아파트 주택재건축정비사업조합,ratio_calculation,용적률·비율 산정,용적률,"22.61%; 8,374.0㎡; 946.7㎡; 52.62㎡; 18세대; 20세대",data/urban/text/files/22-11000NTC201411137333-22-11000NTC201411137333-notice_file-서울특별시2014-382.txt,483,"- ∙ 연면적 = (증가용적률 × 대지면적)÷2 = (22.61% × 8,374.0㎡)÷2 = 946.7㎡ ∙ 세대수 ų Ā = 연면적 ÷ 공급면적 = 946.7㎡ ÷ 52.62㎡ = 18세대 이상 (계획안 : 20세대)",source_snippet_candidate_not_confirmed,"용적률/순부담률 산정 후보. S1 워크북의 공개항목/장부 필드와 대조한 뒤 confirmed, pending, conflict, not_applicable 중 하나로 기록",project-notes/22-junggokapt.md
113,구의/광진,22,중곡아파트 주택재건축정비사업조합,ratio_calculation,용적률·비율 산정,용적률,249.71%; 22.61%; 60㎡,data/urban/text/files/22-11000NTC201411137333-22-11000NTC201411137333-notice_file-서울특별시2014-382.txt,468,건축계획(안) ∙ 건축계획 용적률 = 249.71% (증 22.61%) ※ 건축계획 시 늘어나는 용적률에 해당하는 연면적의 1/2은 주택규모 전용면적 60㎡이하 임대주택으로 건축,source_snippet_candidate_not_confirmed,"용적률/순부담률 산정 후보. S1 워크북의 공개항목/장부 필드와 대조한 뒤 confirmed, pending, conflict, not_applicable 중 하나로 기록",project-notes/22-junggokapt.md
114,구의/광진,26,자양한양아파트 재건축정비사업,cost_pressure,비용·분담금,공사비,"1,138,400; 1.1; 181.4758; 6,589,000원; 2022; 3,578,000원; 2023; 933,000원",data/urban/text/files/26-11215NTC202406040002-26-11215NTC202406040002-notice_file-서울특별시_제2024-267호_고시.txt,270,"+ (1,138,400 / 1.1 x 181.4758 x 45) ) / (6,589,000원/㎡x 2) 주1) 2022년 공공건축물 건립 공사비 책정 가이드라인(복합청사) : 3,578,000원 주2) 2023년 분양가상한제 적용주택 지하층건축비 : 933,000원",source_snippet_candidate_not_confirmed,"공사비·사업비·분담금 후보. S1 워크북의 공개항목/장부 필드와 대조한 뒤 confirmed, pending, conflict, not_applicable 중 하나로 기록",project-notes/26-jyhy2024.md
115,구의/광진,26,자양한양아파트 재건축정비사업,cost_pressure,비용·분담금,분담금,"26,014.44; 64.7; 100%",data/urban/text/files/26-11215NTC202406040002-26-11215NTC202406040002-notice_file-서울특별시_제2024-267호_고시.txt,81,"획지2 26,014.44 64.7 공동주택 및 부대복리시설 나. 토지등소유자별 분담금 추산액 및 산출근거 ·추정비례율 산정방식 : (총 수입 - 총 지출) / 총자산 총액 × 100%",source_snippet_candidate_not_confirmed,"공사비·사업비·분담금 후보. S1 워크북의 공개항목/장부 필드와 대조한 뒤 confirmed, pending, conflict, not_applicable 중 하나로 기록",project-notes/26-jyhy2024.md
116,구의/광진,26,자양한양아파트 재건축정비사업,cost_pressure,비용·분담금,분담금,3981호; 2024; 59㎡; 13.0억,data/urban/text/files/26-11215NTC202406040002-26-11215NTC202406040002-notice_file-서울특별시_제2024-267호_고시.txt,97,서울시보 제3981호 2024. 5. 30.(목) 권리자 분양가 추정액(a) 추정 권리가액(b) 추정분담금(a-b) 59㎡(25평형) 13.0억,source_snippet_candidate_not_confirmed,"공사비·사업비·분담금 후보. S1 워크북의 공개항목/장부 필드와 대조한 뒤 confirmed, pending, conflict, not_applicable 중 하나로 기록",project-notes/26-jyhy2024.md
117,구의/광진,26,자양한양아파트 재건축정비사업,infrastructure,기반시설,도로; 공공청사,"6,563.41㎡; 963.90㎡; 1,125.46㎡; 438.96㎡; 4,035.08㎡; 2,226.87㎡",data/urban/text/files/26-11215NTC202406040002-26-11215NTC202406040002-notice_file-서울특별시_제2024-267호_고시.txt,253,"공공시설등 Ÿ 6,563.41㎡ 부지(토지)면적 = (도로) 963.90㎡ + (공공청사) 1,125.46㎡ + (주차장) 438.96㎡ + (임대주택) 4,035.08㎡ Ÿ 2,226.87㎡ (건축물 기부채납 환산부지 면적 = 공공청사 + 주차장 + 임대주택)",source_snippet_candidate_not_confirmed,"도로·공원·공공청사·기반시설 면적 후보. S1 워크북의 공개항목/장부 필드와 대조한 뒤 confirmed, pending, conflict, not_applicable 중 하나로 기록",project-notes/26-jyhy2024.md
118,구의/광진,26,자양한양아파트 재건축정비사업,infrastructure,기반시설,도로; 공공청사,"7,826.38㎡; 963.9㎡; 1,779.56㎡; 1,125.46㎡; 567.69㎡; 438.96㎡",data/urban/text/files/26-11215NTC202406040002-26-11215NTC202406040002-notice_file-서울특별시_제2024-267호_고시.txt,723,"- 공공기여 : 7,826.38㎡ ※ 도로(기존) 963.9㎡, 공공청사 1,779.56㎡(토지 1,125.46㎡) 공영주차장 567.69㎡(토지지분 438.96㎡)",source_snippet_candidate_not_confirmed,"도로·공원·공공청사·기반시설 면적 후보. S1 워크북의 공개항목/장부 필드와 대조한 뒤 confirmed, pending, conflict, not_applicable 중 하나로 기록",project-notes/26-jyhy2024.md
119,구의/광진,26,자양한양아파트 재건축정비사업,infrastructure,기반시설,공공청사,"2,226.87㎡; 654.10㎡; 128.73㎡; 1,444.04㎡; 2,650.0㎡",data/urban/text/files/26-11215NTC202406040002-26-11215NTC202406040002-notice_file-서울특별시_제2024-267호_고시.txt,255,"Ÿ 2,226.87㎡ (건축물 기부채납 환산부지 면적 = 공공청사 + 주차장 + 임대주택) = (공공청사) 654.10㎡ + (주차장) 128.73㎡ + (임대주택) 1,444.04㎡ ① 공공청사 환산부지 면적 = 654.10㎡(연면적 2,650.0㎡)",source_snippet_candidate_not_confirmed,"도로·공원·공공청사·기반시설 면적 후보. S1 워크북의 공개항목/장부 필드와 대조한 뒤 confirmed, pending, conflict, not_applicable 중 하나로 기록",project-notes/26-jyhy2024.md
120,구의/광진,26,자양한양아파트 재건축정비사업,public_contribution,공공기여·기부채납,공공시설부지; 공공시설등,"40,179.2㎡; 38,089.84; 8,790.28; 6,563.41; 2,226.87; 963.9; 8,790.28㎡; 963.9㎡",data/urban/text/files/26-11215NTC202406040002-26-11215NTC202406040002-notice_file-서울특별시_제2024-267호_고시.txt,249,"40,179.2㎡ 38,089.84 8,790.28 6,563.41 2,226.87 963.9 - 공공시설부지 Ÿ 새로 설치하는 공공시설등 제공면적 - 새로 설치할 정비기반시설 내 국공유지 - 획지 내 용도폐지 되는 정비기반시설 국공유지 제공면적 = 8,790.28㎡ - 963.9㎡",source_snippet_candidate_not_confirmed,"공공기여/기부채납 면적·순부담률 후보. S1 워크북의 공개항목/장부 필드와 대조한 뒤 confirmed, pending, conflict, not_applicable 중 하나로 기록",project-notes/26-jyhy2024.md
121,구의/광진,26,자양한양아파트 재건축정비사업,public_contribution,공공기여·기부채납,공공시설등; 순부담,"8,790.28㎡; 963.9㎡; 7,826.38㎡; 19.48%; 6,563.41㎡",data/urban/text/files/26-11215NTC202406040002-26-11215NTC202406040002-notice_file-서울특별시_제2024-267호_고시.txt,251,"제공면적 = 8,790.28㎡ - 963.9㎡ (순부담) = 7,826.38㎡ (구역면적의 19.48%) 공공시설등 Ÿ 6,563.41㎡",source_snippet_candidate_not_confirmed,"공공기여/기부채납 면적·순부담률 후보. S1 워크북의 공개항목/장부 필드와 대조한 뒤 confirmed, pending, conflict, not_applicable 중 하나로 기록",project-notes/26-jyhy2024.md
122,구의/광진,26,자양한양아파트 재건축정비사업,public_contribution,공공기여·기부채납,공공기여,"5%; 7,826.38㎡; 963.9㎡; 1,779.56㎡; 1,125.46㎡",data/urban/text/files/26-11215NTC202406040002-26-11215NTC202406040002-notice_file-서울특별시_제2024-267호_고시.txt,722,"※ 허용 : 열린단지 5%, 돌봄시설 5% - 공공기여 : 7,826.38㎡ ※ 도로(기존) 963.9㎡, 공공청사 1,779.56㎡(토지 1,125.46㎡)",source_snippet_candidate_not_confirmed,"공공기여/기부채납 면적·순부담률 후보. S1 워크북의 공개항목/장부 필드와 대조한 뒤 confirmed, pending, conflict, not_applicable 중 하나로 기록",project-notes/26-jyhy2024.md
123,구의/광진,26,자양한양아파트 재건축정비사업,ratio_calculation,용적률·비율 산정,용적률; 상한용적률; 법적상한,241.42%; 293.77%; 40층; 146m),data/urban/text/files/26-11215NTC202406040002-26-11215NTC202406040002-notice_file-서울특별시_제2024-267호_고시.txt,223,심의완화사항 - 정비계획용적률(241.42%) → 예정법적상한용적률(293.77%) Ÿ 최고높이 40층(해발 146m),source_snippet_candidate_not_confirmed,"용적률/순부담률 산정 후보. S1 워크북의 공개항목/장부 필드와 대조한 뒤 confirmed, pending, conflict, not_applicable 중 하나로 기록",project-notes/26-jyhy2024.md
124,구의/광진,26,자양한양아파트 재건축정비사업,ratio_calculation,용적률·비율 산정,용적률; 허용용적률; 상한용적률,1.3; 0.7; 200%; 0.8696; 0.1470; 0.0585; 241.42%,data/urban/text/files/26-11215NTC202406040002-26-11215NTC202406040002-notice_file-서울특별시_제2024-267호_고시.txt,276,Ÿ 상한용적률 ＝ 허용용적률 × [1 ＋ (1.3 × 가중치 × a(토지)) ＋ (0.7 × a(건축물)) 상한용적률 ＝ 200% × [1 ＋ (1.3 × 0.8696 × 0.1470 ＋ 0.7 × 0.0585) ＝ 241.42% ⇒ 정비계획 용적률 241.42% 이하,source_snippet_candidate_not_confirmed,"용적률/순부담률 산정 후보. S1 워크북의 공개항목/장부 필드와 대조한 뒤 confirmed, pending, conflict, not_applicable 중 하나로 기록",project-notes/26-jyhy2024.md
125,구의/광진,26,자양한양아파트 재건축정비사업,ratio_calculation,용적률·비율 산정,용적률; 허용용적률; 상한용적률; 법적상한,"2,226.87㎡; 38,089.84㎡; 0.0585; 300.0%; 293.77%",data/urban/text/files/26-11215NTC202406040002-26-11215NTC202406040002-notice_file-서울특별시_제2024-267호_고시.txt,288,"＝ 2,226.87㎡ / 38,089.84㎡ = 0.0585 법적상한용적률 Ÿ 300.0%(건축계획 용적률 293.77%) ■ 허용용적률 인센티브 사항",source_snippet_candidate_not_confirmed,"용적률/순부담률 산정 후보. S1 워크북의 공개항목/장부 필드와 대조한 뒤 confirmed, pending, conflict, not_applicable 중 하나로 기록",project-notes/26-jyhy2024.md
126,구의/광진,30,자양4동 A구역 주택재개발사업,cost_pressure,비용·분담금,공사비,"104.8㎡; 4,179",data/urban/text/files/30-11215NTC202505200003-30-11215NTC202505200003-notice_file-서울특별시_제2025-356호_고시.txt,368,"­토지환산면적 : 104.8㎡ ­㎡당 공사비 : 4,179천원 ∙「공공건축물 건립 공사비 책정 가이드라인",source_snippet_candidate_not_confirmed,"공사비·사업비·분담금 후보. S1 워크북의 공개항목/장부 필드와 대조한 뒤 confirmed, pending, conflict, not_applicable 중 하나로 기록",project-notes/30-jayangdong.md
127,구의/광진,30,자양4동 A구역 주택재개발사업,cost_pressure,비용·분담금,공사비,"1,303.4㎡; 3,883",data/urban/text/files/30-11215NTC202505200003-30-11215NTC202505200003-notice_file-서울특별시_제2025-356호_고시.txt,375,"­토지환산면적 : 1,303.4㎡ ­㎡당 공사비 : 3,883천원 6. 공동이용시설 설치계획",source_snippet_candidate_not_confirmed,"공사비·사업비·분담금 후보. S1 워크북의 공개항목/장부 필드와 대조한 뒤 confirmed, pending, conflict, not_applicable 중 하나로 기록",project-notes/30-jayangdong.md
128,구의/광진,30,자양4동 A구역 주택재개발사업,cost_pressure,비용·분담금,공사비,"1,303.4㎡; 3,883",data/urban/text/files/30-11215NTC202505200003-30-11215NTC202505200003-notice_file-서울특별시_제2025-356호_고시.txt,1165,"­토지환산면적 : 1,303.4㎡ ­㎡당 공사비 : 3,883천원 3. 획지 및 건축물 등에 관한 결정",source_snippet_candidate_not_confirmed,"공사비·사업비·분담금 후보. S1 워크북의 공개항목/장부 필드와 대조한 뒤 confirmed, pending, conflict, not_applicable 중 하나로 기록",project-notes/30-jayangdong.md
129,구의/광진,30,자양4동 A구역 주택재개발사업,infrastructure,기반시설,도로; 공원; 녹지; 공공청사,"14,938.1㎡; 15,932.2㎡; 7,588.0㎡",data/urban/text/files/30-11215NTC202505200003-30-11215NTC202505200003-notice_file-서울특별시_제2025-356호_고시.txt,583,"14,938.1㎡ (도로, 공원, 녹지, 공공공지, 공공청사) 순부담 면적 (도로 15,932.2㎡, 공원 7,588.0㎡,",source_snippet_candidate_not_confirmed,"도로·공원·공공청사·기반시설 면적 후보. S1 워크북의 공개항목/장부 필드와 대조한 뒤 confirmed, pending, conflict, not_applicable 중 하나로 기록",project-notes/30-jayangdong.md
130,구의/광진,30,자양4동 A구역 주택재개발사업,infrastructure,기반시설,정비기반시설; 기반시설,"299.92%; 27,778.2㎡; 813㎡; 122㎡",data/urban/text/files/30-11215NTC202505200003-30-11215NTC202505200003-notice_file-서울특별시_제2025-356호_고시.txt,535,"상한용적률 : 법적상한용적률 299.92%(건축심의에서 최종 결정) ※ 토지 정비기반시설 등 면적 27,778.2㎡는 주민센터 813㎡, 파출소 122㎡ 제외된 면적임 1) 허용용적률 산출근거",source_snippet_candidate_not_confirmed,"도로·공원·공공청사·기반시설 면적 후보. S1 워크북의 공개항목/장부 필드와 대조한 뒤 confirmed, pending, conflict, not_applicable 중 하나로 기록",project-notes/30-jayangdong.md
131,구의/광진,30,자양4동 A구역 주택재개발사업,infrastructure,기반시설,정비기반시설; 기반시설,"2,600.5; 1.8; 2,499.0; 1,412.0; 1.0",data/urban/text/files/30-11215NTC202505200003-30-11215NTC202505200003-notice_file-서울특별시_제2025-356호_고시.txt,26,"공 원 ② 2,600.5 1.8 정비기반시설 공 원 ③ 2,499.0 1.8 녹 지 1,412.0 1.0",source_snippet_candidate_not_confirmed,"도로·공원·공공청사·기반시설 면적 후보. S1 워크북의 공개항목/장부 필드와 대조한 뒤 confirmed, pending, conflict, not_applicable 중 하나로 기록",project-notes/30-jayangdong.md
132,구의/광진,30,자양4동 A구역 주택재개발사업,public_contribution,공공기여·기부채납,순부담,"14,938.1㎡; 15,932.2㎡; 7,588.0㎡",data/urban/text/files/30-11215NTC202505200003-30-11215NTC202505200003-notice_file-서울특별시_제2025-356호_고시.txt,583,"14,938.1㎡ (도로, 공원, 녹지, 공공공지, 공공청사) 순부담 면적 (도로 15,932.2㎡, 공원 7,588.0㎡,",source_snippet_candidate_not_confirmed,"공공기여/기부채납 면적·순부담률 후보. S1 워크북의 공개항목/장부 필드와 대조한 뒤 confirmed, pending, conflict, not_applicable 중 하나로 기록",project-notes/30-jayangdong.md
133,구의/광진,30,자양4동 A구역 주택재개발사업,public_contribution,공공기여·기부채납,공공기여,274.08%; 274.58%,data/urban/text/files/30-11215NTC202505200003-30-11215NTC202505200003-notice_file-서울특별시_제2025-356호_고시.txt,1454,"274.08% → 274.58%으로 소폭 증가함 ○ 따라서, 입체공원 활용 등을 통한 공공기여 조정 검토는 반영하지 않았음",source_snippet_candidate_not_confirmed,"공공기여/기부채납 면적·순부담률 후보. S1 워크북의 공개항목/장부 필드와 대조한 뒤 confirmed, pending, conflict, not_applicable 중 하나로 기록",project-notes/30-jayangdong.md
134,구의/광진,30,자양4동 A구역 주택재개발사업,public_contribution,공공기여·기부채납,임대주택,"2,709; 15%; 406.35; 407세대; 30%; 407; 122.1; 162세대; 40㎡; 162; 39.8",data/urban/text/files/30-11215NTC202505200003-30-11215NTC202505200003-notice_file-서울특별시_제2025-356호_고시.txt,677,"2,709 × 15% = 406.35 ≤ 407세대 임대주택의 30% 이상 (407×30%= 122.1 ≤ 162세대) 40㎡ 이하 162 39.8",source_snippet_candidate_not_confirmed,"공공기여/기부채납 면적·순부담률 후보. S1 워크북의 공개항목/장부 필드와 대조한 뒤 confirmed, pending, conflict, not_applicable 중 하나로 기록",project-notes/30-jayangdong.md
135,구의/광진,30,자양4동 A구역 주택재개발사업,ratio_calculation,용적률·비율 산정,용적률; 허용용적률; 상한용적률; α,1.3; 0.7; 192.21%; 20%; 1.1; 212.21%; 1.0089; 0.13813; 0.01312,data/urban/text/files/30-11215NTC202505200003-30-11215NTC202505200003-notice_file-서울특별시_제2025-356호_고시.txt,523,+ (허용용적률 x 1.3 x 가중치 x α(토지)) + (허용용적률 x 0.7 x α(건축물)) 상한용적률 = (192.21% + 20% + (20% x 1.1)) + (212.21% x 1.3 x 1.0089 x 0.13813) + (212.21% x 0.7 x 0.01312),source_snippet_candidate_not_confirmed,"용적률/순부담률 산정 후보. S1 워크북의 공개항목/장부 필드와 대조한 뒤 confirmed, pending, conflict, not_applicable 중 하나로 기록",project-notes/30-jayangdong.md
136,구의/광진,30,자양4동 A구역 주택재개발사업,ratio_calculation,용적률·비율 산정,용적률; 상한용적률; 법적상한,299.92%; 139,data/urban/text/files/30-11215NTC202505200003-30-11215NTC202505200003-notice_file-서울특별시_제2025-356호_고시.txt,472,∙ 국민주택규모 주택건설에 따른 상한용적률 완화 (「도시 및 주거환경정비법」 제54조) : 법적상한용적률 299.92%(건축심의에서 최종 결정) - 139 -,source_snippet_candidate_not_confirmed,"용적률/순부담률 산정 후보. S1 워크북의 공개항목/장부 필드와 대조한 뒤 confirmed, pending, conflict, not_applicable 중 하나로 기록",project-notes/30-jayangdong.md
137,구의/광진,30,자양4동 A구역 주택재개발사업,ratio_calculation,용적률·비율 산정,용적률; 상한용적률; 법적상한,"299.92%; 27,778.2㎡; 813㎡; 122㎡",data/urban/text/files/30-11215NTC202505200003-30-11215NTC202505200003-notice_file-서울특별시_제2025-356호_고시.txt,534,"법적 • 국민주택규모 주택건설에 따른 상한용적률 완화 (「도시 및 주거환경정비법」 제54조) 상한용적률 : 법적상한용적률 299.92%(건축심의에서 최종 결정) ※ 토지 정비기반시설 등 면적 27,778.2㎡는 주민센터 813㎡, 파출소 122㎡ 제외된 면적임",source_snippet_candidate_not_confirmed,"용적률/순부담률 산정 후보. S1 워크북의 공개항목/장부 필드와 대조한 뒤 confirmed, pending, conflict, not_applicable 중 하나로 기록",project-notes/30-jayangdong.md
