queue_rank,priority,rank,focus_area,district,project_name,current_stage,ledger_rank,field_id,field_label,current_value,verification_status,manual_ocr_review_status,manual_ocr_source_value,decision_ids,decision_source_values,decision_statuses,image_paths,source_contexts,evidence_text,recommended_value_action,text_paths,source_to_open,project_note
12,P0,16,잠실/송파,송파구,가락1차현대아파트 재건축정비사업 조합,사업시행인가,2,floor_area_ratio_pct,용적률,299,ocr_source_value_update_required,source_value_precision_mismatch,법적상한용적률 299.20% 이하 / 정비계획 234.09% 이하,ocr-img-20260623-004,법적상한용적률 299.20% 이하 / 정비계획 234.09% 이하,source_value_precision_mismatch,data/urban/text/ocr/images/16-11000NTC202105100001-16-11000NTC202105100001-notice_file-송파구_2021-88호_고시/page-05.png,"2021.4.29 송파구보 제1762호, 7. 건축시설계획(변경), 가. 획지 및 주택규모 등에 관한 계획(변경)",용적률(%): 정비계획 234.09% 이하 / 법적상한 299.20% 이하,floor_area_ratio_pct_official은 299.20으로 정밀도 보정하거나 정비계획 234.09%와 법적상한 299.20%를 별도 필드로 분리,data/urban/text/files/16-11000NTC202105100001-16-11000NTC202105100001-notice_file-송파구_2021-88호_고시.txt,analysis/ocr-image-review-decisions.md; data/urban/text/files/16-11000NTC202105100001-16-11000NTC202105100001-notice_file-송파구_2021-88호_고시.txt,project-notes/16-hyundai.md
12,P0,16,잠실/송파,송파구,가락1차현대아파트 재건축정비사업 조합,사업시행인가,3,max_height_m,최고높이,104,ocr_source_value_update_required,source_value_precision_mismatch,해발고도 104.5m 이하 / 최고22층 이하,ocr-img-20260623-001,해발고도 104.5m 이하 / 최고22층 이하,source_value_precision_mismatch,data/urban/text/ocr/images/16-11000NTC202105100001-16-11000NTC202105100001-notice_file-송파구_2021-88호_고시/page-05.png,"2021.4.29 송파구보 제1762호, 7. 건축시설계획(변경), 가락1차 현대아파트 주택재건축 정비구역 표",높이(m)/최고층수: 해발고도 104.5m 이하 / 최고22층 이하,max_height_m_official은 104.5로 정밀도 보정하거나 별도 source_value_precise에 104.5m 이하를 기록,data/urban/text/files/16-11000NTC202105100001-16-11000NTC202105100001-notice_file-송파구_2021-88호_고시.txt,analysis/ocr-image-review-decisions.md; data/urban/text/files/16-11000NTC202105100001-16-11000NTC202105100001-notice_file-송파구_2021-88호_고시.txt,project-notes/16-hyundai.md
12,P0,16,잠실/송파,송파구,가락1차현대아파트 재건축정비사업 조합,사업시행인가,4,building_coverage_ratio_pct,건폐율,24,ocr_partial_confirmation_pending,source_value_basis_mismatch_needs_secondary_source,건폐율 50% 이하,ocr-img-20260623-005,건폐율 50% 이하,source_value_basis_mismatch_needs_secondary_source,data/urban/text/ocr/images/16-11000NTC202105100001-16-11000NTC202105100001-notice_file-송파구_2021-88호_고시/page-05.png,"2021.4.29 송파구보 제1762호, 7. 건축시설계획(변경), 가. 획지 및 주택규모 등에 관한 계획(변경)",건폐율(%): 50% 이하,building_coverage_ratio_pct_official 24는 바로 확정하지 말고 계획상 건폐율 50% 이하와 사업개요/인가 기준 건폐율을 분리 확인,data/urban/text/files/16-11000NTC202105100001-16-11000NTC202105100001-notice_file-송파구_2021-88호_고시.txt,analysis/ocr-image-review-decisions.md; data/urban/text/files/16-11000NTC202105100001-16-11000NTC202105100001-notice_file-송파구_2021-88호_고시.txt,project-notes/16-hyundai.md
12,P0,16,잠실/송파,송파구,가락1차현대아파트 재건축정비사업 조합,사업시행인가,5,floors,층수,지상:21/지하:미확인,ocr_partial_confirmation_pending,partial_confirmation_needs_secondary_source,해발고도 104.5m 이하 / 최고22층 이하,ocr-img-20260623-007,해발고도 104.5m 이하 / 최고22층 이하,partial_confirmation_needs_secondary_source,data/urban/text/ocr/images/16-11000NTC202105100001-16-11000NTC202105100001-notice_file-송파구_2021-88호_고시/page-05.png,"2021.4.29 송파구보 제1762호, 7. 건축시설계획(변경), 가. 획지 및 주택규모 등에 관한 계획(변경)",높이(m)/최고층수: 해발고도 104.5m 이하 / 최고22층 이하,floors_official은 지상 최고22층 확인으로 표시하고 지하층은 사업시행계획서 또는 다른 원문에서 2차 확인,data/urban/text/files/16-11000NTC202105100001-16-11000NTC202105100001-notice_file-송파구_2021-88호_고시.txt,analysis/ocr-image-review-decisions.md; data/urban/text/files/16-11000NTC202105100001-16-11000NTC202105100001-notice_file-송파구_2021-88호_고시.txt,project-notes/16-hyundai.md
12,P0,16,잠실/송파,송파구,가락1차현대아파트 재건축정비사업 조합,사업시행인가,6,total_households,총 세대수,842,source_value_fill_missing_required,source_value_fills_missing_matrix_value,총 942세대,ocr-img-20260623-006,총 942세대,source_value_fills_missing_matrix_value,data/urban/text/ocr/images/16-11000NTC202105100001-16-11000NTC202105100001-notice_file-송파구_2021-88호_고시/page-05.png,"2021.4.29 송파구보 제1762호, 7. 건축시설계획(변경), 주택공급계획",세대수 계: 기정 915 / 증감 증) 27 / 변경 942,total_households_official 공란 보강 후보로 942세대를 기록하고 사업시행인가 또는 정보몽땅 사업개요와 2차 대조,data/urban/text/files/16-11000NTC202105100001-16-11000NTC202105100001-notice_file-송파구_2021-88호_고시.txt,analysis/ocr-image-review-decisions.md; data/urban/text/files/16-11000NTC202105100001-16-11000NTC202105100001-notice_file-송파구_2021-88호_고시.txt,project-notes/16-hyundai.md
12,P0,16,잠실/송파,송파구,가락1차현대아파트 재건축정비사업 조합,사업시행인가,129,district_area_sqm,정비구역 면적,"33,953.7",confirmed_from_ocr_image,source_value_confirmed_from_image,"정비구역 면적 33,953.7㎡ / 토지이용계획 합계 33,953.7㎡",ocr-img-20260623-003,"정비구역 면적 33,953.7㎡ / 토지이용계획 합계 33,953.7㎡",source_value_confirmed_from_image,data/urban/text/ocr/images/16-11000NTC202105100001-16-11000NTC202105100001-notice_file-송파구_2021-88호_고시/page-02.png,"2021.4.29 송파구보 제1762호, I. 정비구역의 지정 및 정비계획 결정(변경), 1. 정비구역 지정 조서 및 2. 토지이용계획","면적(㎡) 변경후 33,953.7 / 토지이용계획 합계 33,953.7","district_area_sqm_official은 원문 이미지 기준 33,953.7㎡로 확인됨",data/urban/text/files/16-11000NTC202105100001-16-11000NTC202105100001-notice_file-송파구_2021-88호_고시.txt,analysis/ocr-image-review-decisions.md; data/urban/text/files/16-11000NTC202105100001-16-11000NTC202105100001-notice_file-송파구_2021-88호_고시.txt,project-notes/16-hyundai.md
13,P0,20,잠실/송파,송파구,마천1재정비촉진구역 주택재개발정비사업조합,조합설립인가,1,total_households,총 세대수,"3,113",ocr_review_required,,,,,,data/urban/text/ocr/images/20-11000NTC197312011134-20-11000NTC197312011134-notice_file-건설부470/page-1.png,,,OCR 매칭 실패. 원문 이미지를 직접 확대 확인하거나 재OCR/원본 PDF 재처리,data/urban/text/files/20-11000NTC197312011134-20-11000NTC197312011134-notice_file-건설부470.txt,analysis/ocr-source-review-triage.md; data/urban/text/ocr/images/20-11000NTC197312011134-20-11000NTC197312011134-notice_file-건설부470/page-1.png; data/urban/text/files/20-11000NTC202606080004-20-11000NTC202606080004-notice_file-서울특별시_제2026-298호_고시문.txt,project-notes/20-macheon-1.md
13,P0,20,잠실/송파,송파구,마천1재정비촉진구역 주택재개발정비사업조합,조합설립인가,19,building_coverage_ratio_pct,건폐율,50,source_link_required,source_image_not_suitable_for_current_value,1982년 건설부 도시계획 입안 고시 이미지,ocr-img-20260623-012,1982년 건설부 도시계획 입안 고시 이미지,source_image_not_suitable_for_current_value,data/urban/text/ocr/images/20-11000NTC197312011134-20-11000NTC197312011134-notice_file-건설부470/page-2.png,1982.7.27 건설부 고시 도시계획 입안 고시 이미지,도시계획 입안 고시 구역 면적 표만 확인됨,마천1의 건폐율은 별도 재정비촉진계획/정비계획 변경 원문에서 다시 연결,data/urban/text/files/20-11000NTC197312011134-20-11000NTC197312011134-notice_file-건설부470.txt,analysis/ocr-image-review-decisions.md; data/urban/text/files/20-11000NTC202606080004-20-11000NTC202606080004-notice_file-서울특별시_제2026-298호_고시문.txt,project-notes/20-macheon-1.md
13,P0,20,잠실/송파,송파구,마천1재정비촉진구역 주택재개발정비사업조합,조합설립인가,20,district_area_sqm,정비구역 면적,"159,816.7",source_link_required,source_image_not_suitable_for_current_value,1982년 건설부 도시계획 입안 고시의 광역 구역 면적,ocr-img-20260623-009,1982년 건설부 도시계획 입안 고시의 광역 구역 면적,source_image_not_suitable_for_current_value,data/urban/text/ocr/images/20-11000NTC197312011134-20-11000NTC197312011134-notice_file-건설부470/page-1.png,1982.7.27 건설부 고시 도시계획 입안 고시 이미지,"서울, 안양, 광명 도시계획 입안 고시 및 광역 구역 면적 표",마천1의 현 정비구역 면적은 별도 재정비촉진계획/정비계획 변경 원문에서 다시 연결,data/urban/text/files/20-11000NTC197312011134-20-11000NTC197312011134-notice_file-건설부470.txt,analysis/ocr-image-review-decisions.md; data/urban/text/files/20-11000NTC202606080004-20-11000NTC202606080004-notice_file-서울특별시_제2026-298호_고시문.txt,project-notes/20-macheon-1.md
13,P0,20,잠실/송파,송파구,마천1재정비촉진구역 주택재개발정비사업조합,조합설립인가,21,floor_area_ratio_pct,용적률,277.88,source_link_required,source_image_not_suitable_for_current_value,1982년 건설부 도시계획 입안 고시 이미지,ocr-img-20260623-010,1982년 건설부 도시계획 입안 고시 이미지,source_image_not_suitable_for_current_value,data/urban/text/ocr/images/20-11000NTC197312011134-20-11000NTC197312011134-notice_file-건설부470/page-1.png,1982.7.27 건설부 고시 도시계획 입안 고시 이미지,도시계획 입안 고시 본문과 구역 면적 표만 확인됨,마천1의 용적률은 별도 재정비촉진계획/정비계획 변경 원문에서 다시 연결,data/urban/text/files/20-11000NTC197312011134-20-11000NTC197312011134-notice_file-건설부470.txt,analysis/ocr-image-review-decisions.md; data/urban/text/files/20-11000NTC202606080004-20-11000NTC202606080004-notice_file-서울특별시_제2026-298호_고시문.txt,project-notes/20-macheon-1.md
13,P0,20,잠실/송파,송파구,마천1재정비촉진구역 주택재개발정비사업조합,조합설립인가,22,floors,층수,지상:49/지하:미확인,source_link_required,source_image_not_suitable_for_current_value,1982년 건설부 도시계획 입안 고시 이미지,ocr-img-20260623-013,1982년 건설부 도시계획 입안 고시 이미지,source_image_not_suitable_for_current_value,data/urban/text/ocr/images/20-11000NTC197312011134-20-11000NTC197312011134-notice_file-건설부470/page-1.png,1982.7.27 건설부 고시 도시계획 입안 고시 이미지,도시계획 입안 고시 본문과 구역 면적 표만 확인됨,마천1의 층수는 별도 재정비촉진계획/정비계획 변경 원문에서 다시 연결,data/urban/text/files/20-11000NTC197312011134-20-11000NTC197312011134-notice_file-건설부470.txt,analysis/ocr-image-review-decisions.md; data/urban/text/files/20-11000NTC202606080004-20-11000NTC202606080004-notice_file-서울특별시_제2026-298호_고시문.txt,project-notes/20-macheon-1.md
13,P0,20,잠실/송파,송파구,마천1재정비촉진구역 주택재개발정비사업조합,조합설립인가,23,max_height_m,최고높이,160,source_link_required,source_image_not_suitable_for_current_value,1982년 건설부 도시계획 입안 고시 이미지,ocr-img-20260623-011,1982년 건설부 도시계획 입안 고시 이미지,source_image_not_suitable_for_current_value,data/urban/text/ocr/images/20-11000NTC197312011134-20-11000NTC197312011134-notice_file-건설부470/page-1.png,1982.7.27 건설부 고시 도시계획 입안 고시 이미지,도시계획 입안 고시 본문과 구역 면적 표만 확인됨,마천1의 높이 기준은 별도 재정비촉진계획/정비계획 변경 원문에서 다시 연결,data/urban/text/files/20-11000NTC197312011134-20-11000NTC197312011134-notice_file-건설부470.txt,analysis/ocr-image-review-decisions.md; data/urban/text/files/20-11000NTC202606080004-20-11000NTC202606080004-notice_file-서울특별시_제2026-298호_고시문.txt,project-notes/20-macheon-1.md
33,P1,7,강남,강남구,대치쌍용2차아파트 주택재건축정비사업조합,사업시행인가,7,floor_area_ratio_pct,용적률,299,ocr_source_value_update_required,source_value_precision_mismatch,정비계획용적률 250.0% 이하 / 예정 법적상한용적률 299.82% 이하,ocr-img-20260623-017,정비계획용적률 250.0% 이하 / 예정 법적상한용적률 299.82% 이하,source_value_precision_mismatch,data/urban/text/ocr/images/07-11000NTC201707138200-07-11000NTC201707138200-notice_file-강남구2017-99/page-4.png,"2017.7.13 서울시보 제3418호, 대치쌍용2차아파트 정비계획 변경, 건축시설계획",용적률: 정비계획 250.0% 이하 / 예정 법적상한 299.82% 이하,floor_area_ratio_pct_official은 법적상한 299.82% 이하로 정밀도 보정하거나 기준용적률 250.0%와 병기,data/urban/text/files/07-11000NTC201707138200-07-11000NTC201707138200-notice_file-강남구2017-99.txt,analysis/ocr-image-review-decisions.md; data/urban/text/files/07-11000NTC201707138200-07-11000NTC201707138200-notice_file-강남구2017-99.txt,project-notes/07-ssang2.md
33,P1,7,강남,강남구,대치쌍용2차아파트 주택재건축정비사업조합,사업시행인가,9,building_coverage_ratio_pct,건폐율,21,ocr_partial_confirmation_pending,source_value_basis_mismatch_needs_secondary_source,건폐율 30% 이하,ocr-img-20260623-020,건폐율 30% 이하,source_value_basis_mismatch_needs_secondary_source,data/urban/text/ocr/images/07-11000NTC201707138200-07-11000NTC201707138200-notice_file-강남구2017-99/page-4.png,"2017.7.13 서울시보 제3418호, 대치쌍용2차아파트 정비계획 변경, 건축시설계획",건폐율 30% 이하,"building_coverage_ratio_pct 21은 실제 건축계획 또는 사업시행계획 원문에서 2차 확인하고, 정비계획 허용 건폐율 30% 이하와 병기",data/urban/text/files/07-11000NTC201707138200-07-11000NTC201707138200-notice_file-강남구2017-99.txt,analysis/ocr-image-review-decisions.md; data/urban/text/files/07-11000NTC201707138200-07-11000NTC201707138200-notice_file-강남구2017-99.txt,project-notes/07-ssang2.md
33,P1,7,강남,강남구,대치쌍용2차아파트 주택재건축정비사업조합,사업시행인가,10,floors,층수,지상:35/지하:3,ocr_partial_confirmation_pending,partial_confirmation_needs_secondary_source,최고35층 / 110m 이하,ocr-img-20260623-002,최고35층 / 110m 이하,partial_confirmation_needs_secondary_source,data/urban/text/ocr/images/07-11000NTC201707138200-07-11000NTC201707138200-notice_file-강남구2017-99/page-4.png,"2017.7.13 서울시보 제3418호, 건축시설계획 변경, 대치쌍용2차아파트 주택재건축 정비구역 표",높이(층/m): 최고35층 / 110m 이하,floors_official은 지상 최고35층 확인으로 표시하고 지하3층은 사업시행계획서 또는 다른 원문에서 2차 확인,data/urban/text/files/07-11000NTC201707138200-07-11000NTC201707138200-notice_file-강남구2017-99.txt,analysis/ocr-image-review-decisions.md; data/urban/text/files/07-11000NTC201707138200-07-11000NTC201707138200-notice_file-강남구2017-99.txt,project-notes/07-ssang2.md
33,P1,7,강남,강남구,대치쌍용2차아파트 주택재건축정비사업조합,사업시행인가,11,max_height_m,최고높이,111,ocr_partial_confirmation_pending,source_value_basis_mismatch_needs_secondary_source,최고35층 / 110m 이하,ocr-img-20260623-019,최고35층 / 110m 이하,source_value_basis_mismatch_needs_secondary_source,data/urban/text/ocr/images/07-11000NTC201707138200-07-11000NTC201707138200-notice_file-강남구2017-99/page-4.png,"2017.7.13 서울시보 제3418호, 대치쌍용2차아파트 정비계획 변경, 건축시설계획",높이: 최고35층 / 110m 이하,"max_height_m 111은 별도 건축심의/사업시행계획 원문에서 2차 확인하고, 2017 정비계획 원문값 110m 이하와 병기",data/urban/text/files/07-11000NTC201707138200-07-11000NTC201707138200-notice_file-강남구2017-99.txt,analysis/ocr-image-review-decisions.md; data/urban/text/files/07-11000NTC201707138200-07-11000NTC201707138200-notice_file-강남구2017-99.txt,project-notes/07-ssang2.md
33,P1,7,강남,강남구,대치쌍용2차아파트 주택재건축정비사업조합,사업시행인가,12,total_households,총 세대수,490,ocr_partial_confirmation_pending,source_value_basis_mismatch_needs_secondary_source,주택공급계획 변경 합계 560세대,ocr-img-20260623-018,주택공급계획 변경 합계 560세대,source_value_basis_mismatch_needs_secondary_source,data/urban/text/ocr/images/07-11000NTC201707138200-07-11000NTC201707138200-notice_file-강남구2017-99/page-4.png,"2017.7.13 서울시보 제3418호, 대치쌍용2차아파트 정비계획 변경, 주택공급계획",주택공급계획 변경 합계 560세대,"total_households 490은 이후 사업시행계획/분양승인 등 다른 원문에서 2차 확인하고, 2017 정비계획 원문값 560세대와 병기",data/urban/text/files/07-11000NTC201707138200-07-11000NTC201707138200-notice_file-강남구2017-99.txt,analysis/ocr-image-review-decisions.md; data/urban/text/files/07-11000NTC201707138200-07-11000NTC201707138200-notice_file-강남구2017-99.txt,project-notes/07-ssang2.md
33,P1,7,강남,강남구,대치쌍용2차아파트 주택재건축정비사업조합,사업시행인가,145,district_area_sqm,정비구역 면적,"24,484.4",confirmed_from_ocr_image,source_value_confirmed_from_image,"정비구역 면적 변경후 24,484.4㎡",ocr-img-20260623-016,"정비구역 면적 변경후 24,484.4㎡",source_value_confirmed_from_image,data/urban/text/ocr/images/07-11000NTC201707138200-07-11000NTC201707138200-notice_file-강남구2017-99/page-4.png,"2017.7.13 서울시보 제3418호, 대치쌍용2차아파트 정비계획 변경, 정비구역 위치 및 면적","면적 변경후 24,484.4㎡","district_area_sqm_official 24,484.4㎡ 확정",data/urban/text/files/07-11000NTC201707138200-07-11000NTC201707138200-notice_file-강남구2017-99.txt,analysis/ocr-image-review-decisions.md; data/urban/text/files/07-11000NTC201707138200-07-11000NTC201707138200-notice_file-강남구2017-99.txt,project-notes/07-ssang2.md
35,P1,17,잠실/송파,송파구,송파한양2차아파트 재건축정비사업 조합,조합설립인가,13,building_coverage_ratio_pct,건폐율,30,ocr_partial_confirmation_pending,source_value_basis_mismatch_needs_secondary_source,제3종일반주거지역 50% 이하,ocr-img-20260623-015,제3종일반주거지역 50% 이하,source_value_basis_mismatch_needs_secondary_source,data/urban/text/ocr/images/17-11000NTC202404180001-17-11000NTC202404180001-notice_file-서울특별시_제2024-178호_고시/page-04.png,"2024.4.4 서울시보 제3967호, 가락아파트지구 개발기본계획 결정(변경), 건폐율 계획",제3종일반주거지역: 50% 이하,building_coverage_ratio_pct 30%는 사업시행계획 또는 별도 정비계획 원문에서 2차 확인,data/urban/text/files/17-11000NTC202506170006-17-11000NTC202506170006-business-notice_file-서울특별시_제2025-239호_고시.txt; data/urban/text/files/17-11000NTC202404180001-17-11000NTC202404180001-notice_file-서울특별시_제2024-178호_고시.txt,analysis/ocr-image-review-decisions.md; data/urban/text/files/17-11000NTC202506170006-17-11000NTC202506170006-business-notice_file-서울특별시_제2025-239호_고시.txt,project-notes/17-songpa2.md
35,P1,17,잠실/송파,송파구,송파한양2차아파트 재건축정비사업 조합,조합설립인가,14,floors,층수,지상:29/지하:미확인,ocr_partial_confirmation_pending,partial_confirmation_needs_secondary_source,96m 이하 / 29층 이하,ocr-img-20260624-040,96m 이하 / 29층 이하,partial_confirmation_needs_secondary_source,data/urban/text/ocr/images/17-11000NTC202506170006-17-11000NTC202506170006-business-notice_file-서울특별시_제2025-239호_고시/page-07.png,"2025.5.1 서울시보 제4061호, 송파한양2차아파트 재건축 정비계획 결정(변경), 9. 건축물에 관한 계획",B1 높이(m)/최고층수: 96m 이하 / 29층 이하,floors_official은 지상 최고29층 확인으로 표시하고 지하층은 사업시행계획서 또는 후속 인가 원문에서 2차 확인,data/urban/text/files/17-11000NTC202506170006-17-11000NTC202506170006-business-notice_file-서울특별시_제2025-239호_고시.txt; data/urban/text/files/17-11000NTC202404180001-17-11000NTC202404180001-notice_file-서울특별시_제2024-178호_고시.txt,analysis/ocr-image-review-decisions.md; data/urban/text/files/17-11000NTC202506170006-17-11000NTC202506170006-business-notice_file-서울특별시_제2025-239호_고시.txt,project-notes/17-songpa2.md
35,P1,17,잠실/송파,송파구,송파한양2차아파트 재건축정비사업 조합,조합설립인가,25,total_households,총 세대수,"1,346",source_value_fill_missing_required,source_value_fills_missing_matrix_value,"총 1,346세대(공공주택 254세대 포함)",ocr-img-20260624-038,"총 1,346세대(공공주택 254세대 포함)",source_value_fills_missing_matrix_value,data/urban/text/ocr/images/17-11000NTC202506170006-17-11000NTC202506170006-business-notice_file-서울특별시_제2025-239호_고시/page-07.png,"2025.5.1 서울시보 제4061호, 송파한양2차아파트 재건축 정비계획 결정(변경), 주택의 규모 및 규모별 건설비율","총 건립 세대수 1,346세대 / 공공주택 254세대 포함","total_households_official 공란을 직접 고시 1,346세대로 보강하고, 공공주택 254세대 포함 문구를 display_values에 병기",data/urban/text/files/17-11000NTC202506170006-17-11000NTC202506170006-business-notice_file-서울특별시_제2025-239호_고시.txt; data/urban/text/files/17-11000NTC202404180001-17-11000NTC202404180001-notice_file-서울특별시_제2024-178호_고시.txt,analysis/ocr-image-review-decisions.md; data/urban/text/files/17-11000NTC202506170006-17-11000NTC202506170006-business-notice_file-서울특별시_제2025-239호_고시.txt,project-notes/17-songpa2.md
35,P1,17,잠실/송파,송파구,송파한양2차아파트 재건축정비사업 조합,조합설립인가,32,max_height_m,최고높이,96,source_link_required,source_image_not_suitable_for_current_value,가락아파트지구 용도지구 및 개발기본계획 변경 고시 이미지,ocr-img-20260624-039; ocr-img-20260623-022,96m 이하 / 29층 이하 / 가락아파트지구 용도지구 및 개발기본계획 변경 고시 이미지,source_value_confirmed_from_image; source_image_not_suitable_for_current_value,data/urban/text/ocr/images/17-11000NTC202506170006-17-11000NTC202506170006-business-notice_file-서울특별시_제2025-239호_고시/page-07.png; data/urban/text/ocr/images/17-11000NTC202404180001-17-11000NTC202404180001-notice_file-서울특별시_제2024-178호_고시/page-01.png,"2025.5.1 서울시보 제4061호, 송파한양2차아파트 재건축 정비계획 결정(변경), 9. 건축물에 관한 계획 / 2024.4.4 서울시보 제3967호, 가락아파트지구 개발기본계획 결정(변경)",B1 높이(m)/최고층수: 96m 이하 / 29층 이하 / 가락아파트지구 전체 변경 고시 본문과 용도지구 표만 확인됨,송파한양2차 최고높이 130m는 별도 건축심의/정비계획 원문에서 다시 연결,data/urban/text/files/17-11000NTC202506170006-17-11000NTC202506170006-business-notice_file-서울특별시_제2025-239호_고시.txt; data/urban/text/files/17-11000NTC202404180001-17-11000NTC202404180001-notice_file-서울특별시_제2024-178호_고시.txt,analysis/ocr-image-review-decisions.md; data/urban/text/files/17-11000NTC202506170006-17-11000NTC202506170006-business-notice_file-서울특별시_제2025-239호_고시.txt,project-notes/17-songpa2.md
35,P1,17,잠실/송파,송파구,송파한양2차아파트 재건축정비사업 조합,조합설립인가,172,floor_area_ratio_pct,용적률,230,partial_original_notice_confirmation,,,ocr-img-20260623-014,제3종일반주거지역 230% 이하,source_value_confirmed_from_image,data/urban/text/ocr/images/17-11000NTC202404180001-17-11000NTC202404180001-notice_file-서울특별시_제2024-178호_고시/page-04.png,"2024.4.4 서울시보 제3967호, 가락아파트지구 개발기본계획 결정(변경), 용적률 계획",제3종일반주거지역: 230% 이하,floor_area_ratio_pct_official 230% 이하 확정,data/urban/text/files/17-11000NTC202506170006-17-11000NTC202506170006-business-notice_file-서울특별시_제2025-239호_고시.txt; data/urban/text/files/17-11000NTC202404180001-17-11000NTC202404180001-notice_file-서울특별시_제2024-178호_고시.txt,analysis/songpa-notice-value-corroboration.md; data/urban/text/files/17-11000NTC202506170006-17-11000NTC202506170006-business-notice_file-서울특별시_제2025-239호_고시.txt,project-notes/17-songpa2.md
35,P1,17,잠실/송파,송파구,송파한양2차아파트 재건축정비사업 조합,조합설립인가,277,district_area_sqm,정비구역 면적,"62,370.3",auxiliary_notice_context_only,,,ocr-img-20260624-037; ocr-img-20260623-021,"정비구역 62,370.3㎡ / 공동주택 획지(B1) 52,913.1㎡ / 가락아파트지구 개발기본계획 변경 고시 이미지",source_value_confirmed_from_image; source_image_not_suitable_for_current_value,data/urban/text/ocr/images/17-11000NTC202506170006-17-11000NTC202506170006-business-notice_file-서울특별시_제2025-239호_고시/page-07.png; data/urban/text/ocr/images/17-11000NTC202404180001-17-11000NTC202404180001-notice_file-서울특별시_제2024-178호_고시/page-04.png,"2025.5.1 서울시보 제4061호, 송파한양2차아파트 재건축 정비계획 결정(변경), 8. 기존 건축물의 정비·개량에 관한 계획 / 9. 건축물에 관한 계획 / 2024.4.4 서울시보 제3967호, 가락아파트지구 개발기본계획 결정(변경)","송파 한양2차아파트 재건축 정비구역 62,370.3㎡ / <B1> 52,913.1㎡ / 용적률·건폐율·높이 계획 표만 확인되고 송파한양2차 정비구역 면적 표는 확인되지 않음",송파한양2차 정비구역 면적은 별도 정비계획/조합설립인가 원문에서 다시 연결,data/urban/text/files/17-11000NTC202506170006-17-11000NTC202506170006-business-notice_file-서울특별시_제2025-239호_고시.txt; data/urban/text/files/17-11000NTC202404180001-17-11000NTC202404180001-notice_file-서울특별시_제2024-178호_고시.txt,analysis/songpa-notice-value-corroboration.md; data/urban/text/files/17-11000NTC202506170006-17-11000NTC202506170006-business-notice_file-서울특별시_제2025-239호_고시.txt,project-notes/17-songpa2.md
36,P1,19,잠실/송파,송파구,대림가락아파트 재건축정비사업조합,조합설립인가,8,floor_area_ratio_pct,용적률,300,ocr_source_value_update_required,source_value_precision_mismatch,법적상한용적률 299.98% 이하 / 정비계획 234.36% 이하,ocr-img-20260623-025,법적상한용적률 299.98% 이하 / 정비계획 234.36% 이하,source_value_precision_mismatch,data/urban/text/ocr/images/19-11000NTC202111260001-19-11000NTC202111260001-notice_file-서울특별시_2021-551호_고시/page-04.png,"2021.10.7 서울시보 제3724호, 대림가락아파트 건축시설계획",용적률: 정비계획 234.36% 이하 / 법적상한 299.98% 이하,floor_area_ratio_pct_official은 법적상한 299.98% 이하로 정밀도 보정하거나 정비계획 234.36%와 법적상한을 별도 필드로 분리,data/urban/text/files/19-11000NTC202111260001-19-11000NTC202111260001-notice_file-서울특별시_2021-551호_고시.txt,analysis/ocr-image-review-decisions.md; data/urban/text/files/19-11000NTC202111260001-19-11000NTC202111260001-notice_file-서울특별시_2021-551호_고시.txt,project-notes/19-daelim.md
36,P1,19,잠실/송파,송파구,대림가락아파트 재건축정비사업조합,조합설립인가,15,building_coverage_ratio_pct,건폐율,21,ocr_partial_confirmation_pending,source_value_basis_mismatch_needs_secondary_source,건폐율 50% 이하,ocr-img-20260623-028,건폐율 50% 이하,source_value_basis_mismatch_needs_secondary_source,data/urban/text/ocr/images/19-11000NTC202111260001-19-11000NTC202111260001-notice_file-서울특별시_2021-551호_고시/page-11.png,"2021.10.7 서울시보 제3724호, 대림가락아파트 지구단위계획 결정사항 건폐율 계획",획지1: 건폐율 50% 이하,"building_coverage_ratio_pct 21은 실제 건축계획 또는 사업시행계획 원문에서 2차 확인하고, 정비계획 허용 건폐율 50% 이하와 병기",data/urban/text/files/19-11000NTC202111260001-19-11000NTC202111260001-notice_file-서울특별시_2021-551호_고시.txt,analysis/ocr-image-review-decisions.md; data/urban/text/files/19-11000NTC202111260001-19-11000NTC202111260001-notice_file-서울특별시_2021-551호_고시.txt,project-notes/19-daelim.md
36,P1,19,잠실/송파,송파구,대림가락아파트 재건축정비사업조합,조합설립인가,16,district_area_sqm,정비구역 면적,"34,284.1",ocr_partial_confirmation_pending,source_value_basis_mismatch_needs_secondary_source,"정비구역 35,241.0㎡ / 획지1 34,043.8㎡",ocr-img-20260623-023,"정비구역 35,241.0㎡ / 획지1 34,043.8㎡",source_value_basis_mismatch_needs_secondary_source,data/urban/text/ocr/images/19-11000NTC202111260001-19-11000NTC202111260001-notice_file-서울특별시_2021-551호_고시/page-01.png,"2021.10.7 서울시보 제3724호, 대림가락아파트 정비구역 지정 및 토지이용계획","정비구역 면적 35,241.0㎡ / 획지1 34,043.8㎡","district_area_sqm 34,284.1은 별도 사업개요 또는 후속 인가 원문에서 2차 확인하고, 2021 정비계획 원문값과 분리",data/urban/text/files/19-11000NTC202111260001-19-11000NTC202111260001-notice_file-서울특별시_2021-551호_고시.txt,analysis/ocr-image-review-decisions.md; data/urban/text/files/19-11000NTC202111260001-19-11000NTC202111260001-notice_file-서울특별시_2021-551호_고시.txt,project-notes/19-daelim.md
36,P1,19,잠실/송파,송파구,대림가락아파트 재건축정비사업조합,조합설립인가,17,floors,층수,지상:35/지하:2,ocr_partial_confirmation_pending,partial_confirmation_needs_secondary_source,해발고도 129m 이하 / 최고35층 이하,ocr-img-20260623-026,해발고도 129m 이하 / 최고35층 이하,partial_confirmation_needs_secondary_source,data/urban/text/ocr/images/19-11000NTC202111260001-19-11000NTC202111260001-notice_file-서울특별시_2021-551호_고시/page-04.png,"2021.10.7 서울시보 제3724호, 대림가락아파트 건축시설계획",높이: 해발고도 129m 이하 / 최고35층 이하,floors_official은 지상 최고35층 확인으로 표시하고 지하2층은 사업시행계획서 또는 건축심의 원문에서 2차 확인,data/urban/text/files/19-11000NTC202111260001-19-11000NTC202111260001-notice_file-서울특별시_2021-551호_고시.txt,analysis/ocr-image-review-decisions.md; data/urban/text/files/19-11000NTC202111260001-19-11000NTC202111260001-notice_file-서울특별시_2021-551호_고시.txt,project-notes/19-daelim.md
36,P1,19,잠실/송파,송파구,대림가락아파트 재건축정비사업조합,조합설립인가,18,total_households,총 세대수,786,ocr_partial_confirmation_pending,source_value_basis_mismatch_needs_secondary_source,주택공급계획 925세대,ocr-img-20260623-024,주택공급계획 925세대,source_value_basis_mismatch_needs_secondary_source,data/urban/text/ocr/images/19-11000NTC202111260001-19-11000NTC202111260001-notice_file-서울특별시_2021-551호_고시/page-04.png,"2021.10.7 서울시보 제3724호, 대림가락아파트 건축시설계획 및 주택공급계획",주택공급계획: 925세대 / 합계 925,"total_households 786은 후속 사업시행계획 또는 정보몽땅 사업개요에서 2차 확인하고, 2021 정비계획 원문값 925세대와 병기",data/urban/text/files/19-11000NTC202111260001-19-11000NTC202111260001-notice_file-서울특별시_2021-551호_고시.txt,analysis/ocr-image-review-decisions.md; data/urban/text/files/19-11000NTC202111260001-19-11000NTC202111260001-notice_file-서울특별시_2021-551호_고시.txt,project-notes/19-daelim.md
36,P1,19,잠실/송파,송파구,대림가락아파트 재건축정비사업조합,조합설립인가,147,max_height_m,최고높이,129,confirmed_from_ocr_image,source_value_confirmed_from_image,해발고도 129m 이하 / 최고35층 이하,ocr-img-20260623-027,해발고도 129m 이하 / 최고35층 이하,source_value_confirmed_from_image,data/urban/text/ocr/images/19-11000NTC202111260001-19-11000NTC202111260001-notice_file-서울특별시_2021-551호_고시/page-12.png,"2021.10.7 서울시보 제3724호, 대림가락아파트 지구단위계획 결정사항 높이 계획",획지1: 해발고도 129m 이하 (35층 이하),max_height_m_official 129m 이하 확정,data/urban/text/files/19-11000NTC202111260001-19-11000NTC202111260001-notice_file-서울특별시_2021-551호_고시.txt,analysis/ocr-image-review-decisions.md; data/urban/text/files/19-11000NTC202111260001-19-11000NTC202111260001-notice_file-서울특별시_2021-551호_고시.txt,project-notes/19-daelim.md
37,P1,29,구의/광진,광진구,자양1의4구역 가로주택정비사업,조합설립인가,24,district_area_sqm,정비구역 면적,"8,419.91",ocr_partial_confirmation_pending,source_value_basis_mismatch_needs_secondary_source,"조합설립 변경인가 공고 구역면적 8,473.82㎡",ocr-img-20260623-035; ocr-img-20260623-036,"공람공고 구역면적 8,473.82㎡ / 조합설립 변경인가 공고 구역면적 8,473.82㎡",manual_review_record_only; source_value_basis_mismatch_needs_secondary_source,data/urban/text/gwangjin-gu/ocr/images/29-B0000003-6353195-1-29-B0000003-6353195-gwangjin-gu-1-공람공고문-안/page-1.png; data/urban/text/gwangjin-gu/ocr/images/29-B0000003-6357990-1-29-B0000003-6357990-gwangjin-gu-1-직인날인-조합설립-변경-인가-공고문/page-1.png,"2025.3.13 광진구 공고 제2025-328호, 조합설립 변경인가 공람공고 / 2025.4.3 광진구 공고 제2025-419호, 자양1의4구역 조합설립 변경인가 공고","구역면적: 8,473.82㎡","district_area_sqm 8,419.91은 이전 사업개요 또는 다른 원문에서 2차 확인하고, 2025 변경인가 공고 원문값 8,473.82㎡와 병기",data/urban/text/gwangjin-gu/files/29-B0000003-6357990-1-29-B0000003-6357990-gwangjin-gu-1-직인날인-조합설립-변경-인가-공고문.txt; data/urban/text/gwangjin-gu/files/29-B0000003-6353195-1-29-B0000003-6353195-gwangjin-gu-1-공람공고문-안.txt,analysis/ocr-image-review-decisions.md; data/urban/text/gwangjin-gu/files/29-B0000003-6357990-1-29-B0000003-6357990-gwangjin-gu-1-직인날인-조합설립-변경-인가-공고문.txt; data/urban/text/gwangjin-gu/files/29-B0000003-6353195-1-29-B0000003-6353195-gwangjin-gu-1-공람공고문-안.txt; data/urban/text/gwangjin-gu/files/29-B0000003-6353195-2-29-B0000003-6353195-gwangjin-gu-2-공람의견서.txt,project-notes/29-jayang104.md
