rank,project_name,current_stage,main_gap,field_id,field_label,matrix_value,key_field_values,notice_snippet,management_notice_value,management_public_stage_value,source_date_basis,review_status,review_action,source_text_path,project_note
9,잠실우성4차 주택재건축정비사업조합,관리처분인가,stage_value_reconciliation,district_area_sqm,정비구역 면적,"31,961.1",1; 199; 4; 189호; 202; 6; 1; 22,"결정(변경)하는 사항임 Ⅱ. 지구단위계획에 관한 도시관리계획 결정(변경)조서  지구단위계획구역에 관한 결정(변경없음) 1. 지구단위계획구역 결정조서(변경없음) 면적(㎡) 최초 구분 시설명 위치 비고 기정 변경 변경후 결정일 국제교류복합지구 강남구 삼성동, 대치동, 서고 제1994-189호 기정 (코엑스~잠실종합운동장 일대)",31630.5,,사업개요 현재값 vs 2017-239 2017-07-06 고시,keep_values_by_source_date,고시문 값과 사업개요/공개항목 값을 시점별로 분리해 기록,data/urban/text/files/09-11000NTC202501230002-09-11000NTC202501230002-notice_file-서울특별시_제2026-49호_고시.txt,project-notes/09-tw2w7iwv.md
9,잠실우성4차 주택재건축정비사업조합,관리처분인가,stage_value_reconciliation,total_households,총 세대수,732,"4.0; 159; 9; 159; 6; 13,000.5; 159; 6","4.0 삼성동 159-9 ② 삼성동 159-6 13,000.5 ∘ 전층 불허용도 ∘ 전층 불허용도 • 미관지구 해당지역은 당해 미관지구 불허용도 • 단독주택 및 공동주택 • 단독주택 및 공동주택 • 의료시설 중 정신병원, 격리병원, 장례식장 • 의료시설 중 정신병원, 격리병원, 장례식장 • 운동시설 중 옥외철탑이 설치된 골프연습",916,,정비구역 고시 2017-07-06 vs 사업시행/관리처분 공개항목,keep_values_by_source_date,고시문 값과 사업개요/공개항목 값을 시점별로 분리해 기록,data/urban/text/files/09-11000NTC202501230002-09-11000NTC202501230002-notice_file-서울특별시_제2026-49호_고시.txt,project-notes/09-tw2w7iwv.md
9,잠실우성4차 주택재건축정비사업조합,관리처분인가,stage_value_reconciliation,floor_area_ratio_pct,용적률,300,1; 14; 1; 2; 1; 6; 2; 2,"1~14, F1~2, G1~6 2) 최대개발규모(변경없음) 2. 건축물에 관한 계획(변경없음) 1) 건축물의 용도계획(변경없음) 2) 건축물의 개발밀도(건폐율, 용적률, 높이)(변경없음) 3) 건축물의 배치 및 외관 · 형태 등에 관한 결정조서(변경없음) - 187 - 서울시보 제4122호 2026. 1. 22.(목) 3. 기",299.7,,정비계획 법적상한/계획 용적률 vs 사업시행 공개항목,confirmed_match,현재값 유지. 원문 기준값으로 확정 가능,data/urban/text/files/09-11000NTC202501230002-09-11000NTC202501230002-notice_file-서울특별시_제2026-49호_고시.txt,project-notes/09-tw2w7iwv.md
9,잠실우성4차 주택재건축정비사업조합,관리처분인가,stage_value_reconciliation,building_coverage_ratio_pct,건폐율,25,13; 1; 14; 1; 2; 1; 6; 2,"13, E1~14, F1~2, G1~6 2) 최대개발규모(변경없음) 2. 건축물에 관한 계획(변경없음) 1) 건축물의 용도계획(변경없음) 2) 건축물의 개발밀도(건폐율, 용적률, 높이)(변경없음) 3) 건축물의 배치 및 외관 · 형태 등에 관한 결정조서(변경없음) - 187 - 서울시보 제4122호 2026. 1. 22.(목)",30,,정비계획 고시 후보값 vs 사업시행 공개항목,keep_values_by_source_date,고시문 값과 사업개요/공개항목 값을 시점별로 분리해 기록,data/urban/text/files/09-11000NTC202501230002-09-11000NTC202501230002-notice_file-서울특별시_제2026-49호_고시.txt,project-notes/09-tw2w7iwv.md
9,잠실우성4차 주택재건축정비사업조합,관리처분인가,stage_value_reconciliation,height_floors,높이/층수,지상:32/지하:4,1; 2; 1; 6; 2; 2; 1; 2,"서보행축) 연계 외부공간 권장용도 변경 • 저층부 권장용도(가로활성화용도) 신설 활성화를 위한 가로활성화 용도 신설 - 위치 : 저층부 • 최상층 지정용도 위치(층수) 변경 • 문화 및 집회시설, 대지 내 녹지공간(커뮤니티숲, 공개공지), - 최상층 → 저층부 가로활성화 용도, 공공보행통로(국제교류복합지구 지정용도 신설 동서",,,,snippet_ready,원문 스니펫과 PDF/HWP 원본을 열어 구조화값과 같은 시점의 값인지 확인,data/urban/text/files/09-11000NTC202501230002-09-11000NTC202501230002-notice_file-서울특별시_제2026-49호_고시.txt,project-notes/09-tw2w7iwv.md
9,잠실우성4차 주택재건축정비사업조합,관리처분인가,stage_value_reconciliation,infrastructure,정비기반시설,,201; 7.4; 18; 1층; 1층; 1층; 1층; 0,구분 • 미관지구 불허용도 삭제 • 미관지구는 국토계획법(2017.4.18.개정)에서 폐지됨에 따라 불허용도 변경 삭제 • 주차장 및 관광호텔 제외사항 삭제 • 도시계획시설과의 정합성 고려 • 전층 권장용도 삭제 • 공공보행통로(국제교류복합지구 동서보행축) 연계 외부공간 권장용도 변경 • 저층부 권장용도(가로활성화용도) 신설 활성화,,,,snippet_ready,원문 스니펫과 PDF/HWP 원본을 열어 구조화값과 같은 시점의 값인지 확인,data/urban/text/files/09-11000NTC202501230002-09-11000NTC202501230002-notice_file-서울특별시_제2026-49호_고시.txt,project-notes/09-tw2w7iwv.md
9,잠실우성4차 주택재건축정비사업조합,관리처분인가,stage_value_reconciliation,public_contribution,공공기여,,880%; 198; 412; 2호; 202; 6; 1; 22,하 • 880% 이하 용적률 - 198 - 서울시보 제4122호 2026. 1. 22.(목) 구분 기정 변경 비고 • 허용용적률 × (1+1.3×가중치×α) • 공공시설등 제공 시 ※가중치 및 α의 적용은 서울특별시 - 허용용적률 X (1+1.3X가중치Xa토지+1.0X 도시계획조례 시행규칙 제7조 준수 a현금·건축물) 상한 •,,,,snippet_ready,원문 스니펫과 PDF/HWP 원본을 열어 구조화값과 같은 시점의 값인지 확인,data/urban/text/files/09-11000NTC202501230002-09-11000NTC202501230002-notice_file-서울특별시_제2026-49호_고시.txt,project-notes/09-tw2w7iwv.md
16,가락1차현대아파트 재건축정비사업 조합,사업시행인가,stage_value_reconciliation,district_area_sqm,정비구역 면적,"33,953.7",201; 1; 309호; 201; 1.10; 20; 201; 7,"계획(주택재건축사업부분) 제 2011-309호(2011.10.20.)에 따라 정비예정구역으로 지정되고, 서울특별 시 제2017-413호(2017.11.16.)로 정비구역 지정 및 정비계획 결정 고시된 송파구 문정동 3번지 가락1차현대아파트에 대하여 「도시 및 주거환경정 비법」제16조,같은 법 시행령 제13조 및 「서울특별시 도시",,,,snippet_ready,원문 스니펫과 PDF/HWP 원본을 열어 구조화값과 같은 시점의 값인지 확인,data/urban/text/files/16-11000NTC202105100001-16-11000NTC202105100001-notice_file-송파구_2021-88호_고시.txt,project-notes/16-hyundai.md
16,가락1차현대아파트 재건축정비사업 조합,사업시행인가,stage_value_reconciliation,total_households,총 세대수,842,"2; 5; 1; 25; 942; 2.5; 1.25; 2,943","및 사업시행인가시 변경될 수 있으며, “주택건설기준등에 관한 규정”에 적합하게 설치하고 「건축법」 등 관련법령 기준 적용 ※ 「서울특별시 주택조례」부합여부 : 세대 당 2. 5제곱미터를 더한 면적 ※ 1. 25 = (942 x 2.5nf) x 1.25 = 2,943. 75nf 이 상 < 4,430.00nf : 적합 6.기존",,,,snippet_ready,원문 스니펫과 PDF/HWP 원본을 열어 구조화값과 같은 시점의 값인지 확인,data/urban/text/files/16-11000NTC202105100001-16-11000NTC202105100001-notice_file-송파구_2021-88호_고시.txt,project-notes/16-hyundai.md
16,가락1차현대아파트 재건축정비사업 조합,사업시행인가,stage_value_reconciliation,floor_area_ratio_pct,용적률,299,7; 403; 89; 314; 393; 85; 743%; 299.20%,7이하 | 403 ，｜감) 89. 314 | 393 ㅣ 택 - : - 85ㅁ이하 규모의 주택이 전체 연면적에서 차지하는 비율 : 743% 심의완화사항 | 범적상한용적률 : 299.20% 구분 계획내용 _ 변 경 건축물의 건축선에 공공보행통로에서 6m | 공공보행통로에서 60 관한 계획 EE 공공보행통로에서 6m 송이로 공공보행,,,,snippet_ready,원문 스니펫과 PDF/HWP 원본을 열어 구조화값과 같은 시점의 값인지 확인,data/urban/text/files/16-11000NTC202105100001-16-11000NTC202105100001-notice_file-송파구_2021-88호_고시.txt,project-notes/16-hyundai.md
16,가락1차현대아파트 재건축정비사업 조합,사업시행인가,stage_value_reconciliation,building_coverage_ratio_pct,건폐율,24,50; 18; 12; 202; 1; 4; 29; 176,"관한 결정 가. 가구 및 획지에 관한 결정조서 50-18 --- OCR page 12 --- 2021. 4. 29.(목) 구 = 제1762호 나. 건축물의 용도ㆍ건폐율ㆍ용적률ㆍ높이에 관한 결정조서 1) 건축물의 용도에 관한 결정 조서 기정 허용 ax ° AY, 시행령 별표1 제2호의 공동주택|허용용도 외의 “| 용도 중 아파트",,,,snippet_ready,원문 스니펫과 PDF/HWP 원본을 열어 구조화값과 같은 시점의 값인지 확인,data/urban/text/files/16-11000NTC202105100001-16-11000NTC202105100001-notice_file-송파구_2021-88호_고시.txt,project-notes/16-hyundai.md
16,가락1차현대아파트 재건축정비사업 조합,사업시행인가,stage_value_reconciliation,height_floors,높이/층수,지상:21/지하:미확인,202; 1; 4; 29; 7; 00; 2; 99,"보 2021. 4. 29.(월) 7. 건축시설계획(변경) 가. 획지 및 주택규모 등에 관한 계획(변경) 가구 또는 EIDE 구 획지 구분 | | 주된 WC ""| 높이00 | Bl gy | 2A |gy| BA 용도 | (99) | 정비 |법적 | /최고충수 2 | | |e | | ~. | [계획'상한| ;' 공동주택 해발고도",,,,snippet_ready,원문 스니펫과 PDF/HWP 원본을 열어 구조화값과 같은 시점의 값인지 확인,data/urban/text/files/16-11000NTC202105100001-16-11000NTC202105100001-notice_file-송파구_2021-88호_고시.txt,project-notes/16-hyundai.md
16,가락1차현대아파트 재건축정비사업 조합,사업시행인가,stage_value_reconciliation,infrastructure,정비기반시설,,"33,953.7; 100.0; 50; 9; 3; 176; 2호; 202","가 성비 | 니고 계 nowt) - 33,953.7| 100.0 50-9 --- OCR page 3 --- 제1762호 구 보 2021. 4. 29.(월) 4. 도시계획시설 결정조서 : 변경없음 가. 공공청사 : 변경없음 면 적(ㅁ) 20 구분 | 조부 | wa | AA 최초결정일 ｜ 비고 ss) “ae 송파구 서울특별시고시|. ,",,,,snippet_ready,원문 스니펫과 PDF/HWP 원본을 열어 구조화값과 같은 시점의 값인지 확인,data/urban/text/files/16-11000NTC202105100001-16-11000NTC202105100001-notice_file-송파구_2021-88호_고시.txt,project-notes/16-hyundai.md
16,가락1차현대아파트 재건축정비사업 조합,사업시행인가,stage_value_reconciliation,public_contribution,공공기여,,"9.352; 1; 59.98; 80.034; 46세대; 3,681.5640; 1; 48","9.352? 획지1 59.98m | 80.034 46세대 3,681.5640? 획지1 ※ 아파트 재건축정비사업과 관련 계획 및 AYE 서울특별시에 인수되는 모는 공공기여 임대주택 및 임대주택으로 건립되는 소형주택은 「도시 및 주거환경정비법」 시행령 제48 조(소형주택의 공급방법 등) 및 관련법령 등에 따라 조합원 분양주택과 동일",,,,snippet_ready,원문 스니펫과 PDF/HWP 원본을 열어 구조화값과 같은 시점의 값인지 확인,data/urban/text/files/16-11000NTC202105100001-16-11000NTC202105100001-notice_file-송파구_2021-88호_고시.txt,project-notes/16-hyundai.md
21,가락삼익맨숀아파트 재건축정비사업 조합,관리처분인가,stage_value_reconciliation,district_area_sqm,정비구역 면적,"59,715.7",201; 1; 309호; 201; 1.10; 20; 201; 7,"도도 면면 고고 시시 서울특별시 제2011-309호(2011.10.20.)로 정비예정구역으로 고시되고, 서울특별시 제2017-335호(2017.09.21.)로 정비구역 지정 및 정비계획 결정 고시된 송파구 오금로 252 송파동 166번지 가락삼익맨숀아파트에 대하여 「도시 및 주거환경정비법」 제16조, 같은법 시행령 제13조 및",59721.63,,사업개요 현재값 vs 2020-111 2020-10-08 고시,confirmed_match,현재값 유지. 원문 기준값으로 확정 가능,data/urban/text/files/21-11710NTC202010230006-21-11710NTC202010230006-notice_file-송파구_2020-111호_고시.txt,project-notes/21-grsamik.md
21,가락삼익맨숀아파트 재건축정비사업 조합,관리처분인가,stage_value_reconciliation,total_households,총 세대수,"1,485","500; 2; 1.25; 500; 1,570; 2㎡; 1.25; 4,550.0㎡","변경될 수 있으며, “주택건설기준등에 관한 규정”에 적합하게 설치하고 「건축법」 등 관련법령 기준 적용 ※ 「서울특별시 주택조례」 부합여부 : 500제곱미터에 세대 당 2제곱미터를 더한 면적 X 1.25 = (500 + 1,570 × 2㎡) × 1.25 = 4,550.0㎡ 이상 < 5,490.0㎡ : 적합 6. 기존건축물의","1,570","1,531세대",정비구역 고시 2020-10-08 vs 사업시행/관리처분 공개항목,public_stage_value_available,정보몽땅 공개항목 값을 최신 인가 단계 값으로 별도 기록,data/urban/text/files/21-11710NTC202010230006-21-11710NTC202010230006-notice_file-송파구_2020-111호_고시.txt,project-notes/21-grsamik.md
21,가락삼익맨숀아파트 재건축정비사업 조합,관리처분인가,stage_value_reconciliation,floor_area_ratio_pct,용적률,300,0; 550; 166; 201; 7; 335호; 1; 550,0 - 550 시설 (구립어린이집) 166번지 일대 제2017-335호 기부채납 - 사회복지시설 건축범위 결정 도면 표시 시설명 시설의 종류 면 적(㎡) 건폐율 용적률 높이 비고 번호 사회복지 사회복지시설 1 550 50%이하 250%이하 5층 이하 시설 (구립어린이집) 5. 공동이용시설의 설치계획(변경) 면적 기준 (㎡) 구,299.98,299.975%,정비계획 법적상한/계획 용적률 vs 사업시행 공개항목,public_stage_value_available,정보몽땅 공개항목 값을 최신 인가 단계 값으로 별도 기록,data/urban/text/files/21-11710NTC202010230006-21-11710NTC202010230006-notice_file-송파구_2020-111호_고시.txt,project-notes/21-grsamik.md
21,가락삼익맨숀아파트 재건축정비사업 조합,관리처분인가,stage_value_reconciliation,building_coverage_ratio_pct,건폐율,24,1; 550; 550; 166; 201; 7; 335호; 1,1 550 - 550 시설 (구립어린이집) 166번지 일대 제2017-335호 기부채납 - 사회복지시설 건축범위 결정 도면 표시 시설명 시설의 종류 면 적(㎡) 건폐율 용적률 높이 비고 번호 사회복지 사회복지시설 1 550 50%이하 250%이하 5층 이하 시설 (구립어린이집) 5. 공동이용시설의 설치계획(변경) 면적 기준 (,50,18.67%,정비계획 고시 후보값 vs 사업시행 공개항목,public_stage_value_available,정보몽땅 공개항목 값을 최신 인가 단계 값으로 별도 기록,data/urban/text/files/21-11710NTC202010230006-21-11710NTC202010230006-notice_file-송파구_2020-111호_고시.txt,project-notes/21-grsamik.md
21,가락삼익맨숀아파트 재건축정비사업 조합,관리처분인가,stage_value_reconciliation,height_floors,높이/층수,지상:29/지하:4,"50%; 247.46%; 292.82%; 125; 1; 56,559; 550; 166","지 및 주택규모 등에 관한 계획(변경) 가구 또는 구 역 구 분 건폐 용적률(%) 구 획지 구분 주된 높이(m) 비 위치 율 분 면적 면적 용도 정비 예정 /최고층수 고 명칭 명칭 (%) (㎡) (㎡) 계획 법적상한 해발고도 공동주택 및 50% 247.46% 292.82% 125m이하 획지1 56,559 가락삼익 부대복리시설",,,,snippet_ready,원문 스니펫과 PDF/HWP 원본을 열어 구조화값과 같은 시점의 값인지 확인,data/urban/text/files/21-11710NTC202010230006-21-11710NTC202010230006-notice_file-송파구_2020-111호_고시.txt,project-notes/21-grsamik.md
21,가락삼익맨숀아파트 재건축정비사업 조합,관리처분인가,stage_value_reconciliation,infrastructure,정비기반시설,,"59,721.63㎡; 54,221.63㎡; 5,500㎡; 5,500㎡; 63; 100.0; 3; 62,059","도로 · 보행환경 개선 나. 용적률 계획(변경) 구 분 산 정 내 용 비고 대지(획지)내 계 택지 계획 기존 기반시설 용도 폐지되는 (구역면적) (공동주택등) 정비기반시설 내 국·공유지 기존 기반시설 토지이용계획 국·공유지 59,721.63㎡ 54,221.63㎡ 5,500㎡ - - 공공시설부지 토지 5,500㎡, 건축물(토지환산)",,,,snippet_ready,원문 스니펫과 PDF/HWP 원본을 열어 구조화값과 같은 시점의 값인지 확인,data/urban/text/files/21-11710NTC202010230006-21-11710NTC202010230006-notice_file-송파구_2020-111호_고시.txt,project-notes/21-grsamik.md
21,가락삼익맨숀아파트 재건축정비사업 조합,관리처분인가,stage_value_reconciliation,public_contribution,공공기여,,"1; 4,950; 4,950; 166; 201; 7; 335호; 1","류 위 치 비고 결정일 번호 기 정 변 경 변경후 송파구 송파동 서고시 조성후 변경 1 공원 소공원 4,950 - 4,950 166번지 일대 제2017-335호 기부채납 - 공원 결정(변경)사유서 도면 표시 시설명 시설의 종류 위 치 변 경 내 용 변 경 사 유 번호 송파구 송파동 • 형태변경 1 공원 소공원 •효율적인 건축배치",,,,snippet_ready,원문 스니펫과 PDF/HWP 원본을 열어 구조화값과 같은 시점의 값인지 확인,data/urban/text/files/21-11710NTC202010230006-21-11710NTC202010230006-notice_file-송파구_2020-111호_고시.txt,project-notes/21-grsamik.md
1,잠실5단지아파트 주택재건축정비사업조합,조합설립인가,official_notice_text_ready,district_area_sqm,정비구역 면적,"358,077",400; 5호; 202; 4; 9; 5; 5; 1,"- 서울시보 제4005호 2024. 9. 5.(목) Ⅱ. 잠실주공5단지아파트 재건축사업 정비계획 결정(변경) 1. 사업명 : 잠실주공5단지아파트 재건축사업 2. 정비구역 결정조서(변경없음) 사업면적(㎡) 구분 구역의 명칭 위치 비 고 기 정 증 감 변 경 잠실주공5단지아파트 잠실동 잠실아파트지구 기정 358,077.0 - 358",,,,snippet_ready,원문 스니펫과 PDF/HWP 원본을 열어 구조화값과 같은 시점의 값인지 확인,data/urban/text/files/01-11710NTC202409230003-01-11710NTC202409230003-notice_file-서울특별시_제2024-432호_고시.txt,project-notes/01-jamsil5apt.md
1,잠실5단지아파트 주택재건축정비사업조합,조합설립인가,official_notice_text_ready,total_households,총 세대수,"6,491","110.81; 103.47; 110.82; 103.61; 34; 2,280; 2,550,000; 5,814,000,000","지의 토지 건물은 인근지역 토지의 거래사례, 공시지가 지가수준, 건물의 가치등을 종합 고려하여 산정하였음 (단위 : 천원) (통칭) 건물면적(㎡) 종전자산 구분 세대수 종전자산추산액 평형 공급 전용 (세대평균) 110.81 103.47 110.82 103.61 34 2,280 2,550,000 5,814,000,000 114",,,,snippet_ready,원문 스니펫과 PDF/HWP 원본을 열어 구조화값과 같은 시점의 값인지 확인,data/urban/text/files/01-11710NTC202409230003-01-11710NTC202409230003-notice_file-서울특별시_제2024-432호_고시.txt,project-notes/01-jamsil5apt.md
1,잠실5단지아파트 주택재건축정비사업조합,조합설립인가,official_notice_text_ready,floor_area_ratio_pct,용적률,323,"14,414.1; 14,414.1; 27; 5; 16,000.0; 27; 5; 8,000.0","신설 ① 학교 초등학교 - 증) 14,414.1 14,414.1 - - 27-5일원 ■ 학교 건축범위 결정 도면표시 구분 시설의세분 위치 면적(㎡) 건폐율(%) 용적률(%) 높이 비고 번 호 잠실동 폐지 ①,② 초등학교 16,000.0 관련 규정에 따름 - 27-5일원 잠실동 폐지 ① 중학교 8,000.0 관련 규정에 따름 -",,,,snippet_ready,원문 스니펫과 PDF/HWP 원본을 열어 구조화값과 같은 시점의 값인지 확인,data/urban/text/files/01-11710NTC202409230003-01-11710NTC202409230003-notice_file-서울특별시_제2024-432호_고시.txt,project-notes/01-jamsil5apt.md
1,잠실5단지아파트 주택재건축정비사업조합,조합설립인가,official_notice_text_ready,building_coverage_ratio_pct,건폐율,22,"5; 14,414.1; 14,414.1; 27; 5; 16,000.0; 27; 5","5) 잠실동 신설 ① 학교 초등학교 - 증) 14,414.1 14,414.1 - - 27-5일원 ■ 학교 건축범위 결정 도면표시 구분 시설의세분 위치 면적(㎡) 건폐율(%) 용적률(%) 높이 비고 번 호 잠실동 폐지 ①,② 초등학교 16,000.0 관련 규정에 따름 - 27-5일원 잠실동 폐지 ① 중학교 8,000.0 관련 규",,,,snippet_ready,원문 스니펫과 PDF/HWP 원본을 열어 구조화값과 같은 시점의 값인지 확인,data/urban/text/files/01-11710NTC202409230003-01-11710NTC202409230003-notice_file-서울특별시_제2024-432호_고시.txt,project-notes/01-jamsil5apt.md
1,잠실5단지아파트 주택재건축정비사업조합,조합설립인가,official_notice_text_ready,height_floors,높이/층수,지상:70/지하:4,"00; 3,780,000,000; 117.92; 110.05; 117.92; 110.19; 3,930; 10,389,000,000","00 3,780,000,000 총추산액 117.92 110.05 117.92 110.19 합계 3,930 - 10,389,000,000 토지면적 건물연면적 지번 층수 등기형태 종전자산총액 (㎡) (㎡) 27-1 998.4 -1/3 1,155.75 집합건물 40,372,952 27-2 1,088.98 -1/2 1,478.88",,,,snippet_ready,원문 스니펫과 PDF/HWP 원본을 열어 구조화값과 같은 시점의 값인지 확인,data/urban/text/files/01-11710NTC202409230003-01-11710NTC202409230003-notice_file-서울특별시_제2024-432호_고시.txt,project-notes/01-jamsil5apt.md
1,잠실5단지아파트 주택재건축정비사업조합,조합설립인가,official_notice_text_ready,infrastructure,정비기반시설,,"1; 20; 8,943.0; 2,972.0; 88,701.0; 2,063.3; 32,843.6; 142세대",개공지 위치 지정 - 복합용지 내 잠실역변 1개소 ∙ 통경축 확보구간 (20m 이상) (도면 참조) ■ 용적률 계획 ○ 기정 구분 산정 내용 획지면적(㎡) 계획 정비기반시설(㎡) 획지 내 용도폐지되는 토지이용 구역 (㎡ 면 ) 적 주택용지 복합용지 기타용지 토지면적 공 건 공 립 주 면 택 적 공 환 공 산 시 부 설 지 제 면 공,,,,snippet_ready,원문 스니펫과 PDF/HWP 원본을 열어 구조화값과 같은 시점의 값인지 확인,data/urban/text/files/01-11710NTC202409230003-01-11710NTC202409230003-notice_file-서울특별시_제2024-432호_고시.txt,project-notes/01-jamsil5apt.md
1,잠실5단지아파트 주택재건축정비사업조합,조합설립인가,official_notice_text_ready,public_contribution,공공기여,,"96.0㎡; 32,735.0㎡; 24,000.0㎡; 11,655.0㎡; 1,506.0㎡; 963.9㎡; 32,843.6㎡; 963.9㎡","96.0㎡ 공공시설등 - 도로(32,735.0㎡), 학교(24,000.0㎡), 공원(11,655.0㎡), 공공청사(1,506.0㎡) 부지(토지) 면적 •공공주택(공공기여) 건립면적(대지지분) = 963.9㎡ •계획 정비기반시설 내 기존 국·공유지 면적 = 32,843.6㎡ •건축물 기부채납(공공기여) 환산부지면적 = 공공청사 +",,,,snippet_ready,원문 스니펫과 PDF/HWP 원본을 열어 구조화값과 같은 시점의 값인지 확인,data/urban/text/files/01-11710NTC202409230003-01-11710NTC202409230003-notice_file-서울특별시_제2024-432호_고시.txt,project-notes/01-jamsil5apt.md
3,잠실우성아파트 재건축정비사업조합,조합설립인가,official_notice_text_ready,district_area_sqm,정비구역 면적,"120,354.2",201; 5; 401호; 4; 101; 1; 1; 2,"捤獥 汤捯 서울특별시고시 제2015-401호 잠실 우성아파트 주택재건축 정비구역지정 및 지형도면 고시 「도시 및 주거환경정비법」 제4조의 규정에 따라 송파구 잠실동 101-1번지 일대를 잠실 우성(1,2,3차)아파트 주택재건축 정비구역으로",,,,snippet_ready,원문 스니펫과 PDF/HWP 원본을 열어 구조화값과 같은 시점의 값인지 확인,data/urban/text/files/03-11000NTC201512177681-03-11000NTC201512177681-notice_file-서울특별시2015-401.txt,project-notes/03-q1qk5nf6.md
3,잠실우성아파트 재건축정비사업조합,조합설립인가,official_notice_text_ready,total_households,총 세대수,,"1.26; 105; 35층; 2; 1,000; 50; 250; 5층","1.26 이하 105m이하, /최고35층이하 신설 획지2 1,000 유치원 50 이하 250 이하 - 5층이하 주택의 규모 및 규모별 건설 비율 ◦건립규모 구분 세대수 비율(%) 비고 계 2,716 100.00% 60㎡이하 829 30.52% 소형주택: 390세대 (14.36%) 60~85㎡이하 999 36.78% 85㎡초과",,,,snippet_ready,원문 스니펫과 PDF/HWP 원본을 열어 구조화값과 같은 시점의 값인지 확인,data/urban/text/files/03-11000NTC201512177681-03-11000NTC201512177681-notice_file-서울특별시2015-401.txt,project-notes/03-q1qk5nf6.md
3,잠실우성아파트 재건축정비사업조합,조합설립인가,official_notice_text_ready,floor_area_ratio_pct,용적률,300,"0,354; 101; 1; 30; 30; 2; 120,354; 3","0,354 - - 잠실동 101-1번지 일대 30 - - 30 - 2) 건축시설계획 氠瑢 구분 구 역 구 분 가구 또는 획지 구분 위치 주된 용도 건폐율 (%) 용적률 (%) 높이(m) /최고층수 비고 명칭 면적 (㎡) 명칭 면적 (㎡) 정비계획 예정 법적상한 신설 잠실우성 아파트 주택재건축 정비구역 120,354 사회복지시설",,,,snippet_ready,원문 스니펫과 PDF/HWP 원본을 열어 구조화값과 같은 시점의 값인지 확인,data/urban/text/files/03-11000NTC201512177681-03-11000NTC201512177681-notice_file-서울특별시2015-401.txt,project-notes/03-q1qk5nf6.md
3,잠실우성아파트 재건축정비사업조합,조합설립인가,official_notice_text_ready,building_coverage_ratio_pct,건폐율,23,"120,354; 101; 1; 30; 30; 2; 120; 35","정비구역 120,354 - - 잠실동 101-1번지 일대 30 - - 30 - 2) 건축시설계획 氠瑢 구분 구 역 구 분 가구 또는 획지 구분 위치 주된 용도 건폐율 (%) 용적률 (%) 높이(m) /최고층수 비고 명칭 면적 (㎡) 명칭 면적 (㎡) 정비계획 예정 법적상한 신설 잠실우성 아파트 주택재건축 정비구역 120,35",,,,snippet_ready,원문 스니펫과 PDF/HWP 원본을 열어 구조화값과 같은 시점의 값인지 확인,data/urban/text/files/03-11000NTC201512177681-03-11000NTC201512177681-notice_file-서울특별시2015-401.txt,project-notes/03-q1qk5nf6.md
3,잠실우성아파트 재건축정비사업조합,조합설립인가,official_notice_text_ready,height_floors,높이/층수,지상:49/지하:4,"1; 30; 30; 2; 120,354; 1,600; 101; 1","-1번지 일대 30 - - 30 - 2) 건축시설계획 氠瑢 구분 구 역 구 분 가구 또는 획지 구분 위치 주된 용도 건폐율 (%) 용적률 (%) 높이(m) /최고층수 비고 명칭 면적 (㎡) 명칭 면적 (㎡) 정비계획 예정 법적상한 신설 잠실우성 아파트 주택재건축 정비구역 120,354 사회복지시설 1,600 잠실동 101-1",,,,snippet_ready,원문 스니펫과 PDF/HWP 원본을 열어 구조화값과 같은 시점의 값인지 확인,data/urban/text/files/03-11000NTC201512177681-03-11000NTC201512177681-notice_file-서울특별시2015-401.txt,project-notes/03-q1qk5nf6.md
3,잠실우성아파트 재건축정비사업조합,조합설립인가,official_notice_text_ready,infrastructure,정비기반시설,,"3; 120,354㎡; 112,188㎡; 8,166㎡; 8,166㎡; 367㎡; 8,533㎡; 7.0%","상, 공공성 증진 및 주거환경보호를 위한 차폐조경 설치 3) 개발가능 용적률 산정 氠瑢 구 분 산정내용 비고 토지이용계획 계(구역면적) 택지(공동주택, 유치원) 정비기반시설 등 120,354㎡ 112,188㎡ 8,166㎡ 공공시설부지 제공면적 토지 8,166㎡, 건축물(토지환산) 367㎡ 순부담 면적 : 8,533㎡(7.0%) 개발",,,,snippet_ready,원문 스니펫과 PDF/HWP 원본을 열어 구조화값과 같은 시점의 값인지 확인,data/urban/text/files/03-11000NTC201512177681-03-11000NTC201512177681-notice_file-서울특별시2015-401.txt,project-notes/03-q1qk5nf6.md
3,잠실우성아파트 재건축정비사업조합,조합설립인가,official_notice_text_ready,public_contribution,공공기여,,"1; 101; 1; 4,082; 4,082; 2; 101; 2","세분 위치 면 적(㎡) 최초 결정일 비고 기 정 변 경 변경후 신설 1 공원 어린이공원 송파구 잠실동 101-1번지 일대 - 증) 4,082 4,082 조성후 기부채납 신설 2 공원 어린이공원 송파구 잠실동 101-2번지 일대 - 증) 2,000 2,000 조성후 기부채납 나) 공원 결정사유서 氠瑢 도면표시번호 시설명 변경내용",,,,snippet_ready,원문 스니펫과 PDF/HWP 원본을 열어 구조화값과 같은 시점의 값인지 확인,data/urban/text/files/03-11000NTC201512177681-03-11000NTC201512177681-notice_file-서울특별시2015-401.txt,project-notes/03-q1qk5nf6.md
5,"장미1,2,3차아파트 주택재건축정비사업 조합",조합설립인가,official_notice_text_ready,district_area_sqm,정비구역 면적,"343,266.7","202; 5; 05; 22; 1; 2,347,112.2; 281,656.3; 2,065,455.9","을 고시합니다. 2025년 05월 22일 서 울 특 별 시 장 Ⅰ. 도시관리계획(용도지구) 결정(변경)조서 1. 용도지구[(종전)아파트지구]의 결정(변경) 조서 면적(㎡) 도면 구분 표시 지구명 위치 비고 번호 기정 변경 변경 후 감) 계 2,347,112.2 281,656.3 송파구 2,065,455.9 잠실 잠실동, 감)",,,,snippet_ready,원문 스니펫과 PDF/HWP 원본을 열어 구조화값과 같은 시점의 값인지 확인,data/urban/text/files/05-11000NTC202505290003-05-11000NTC202505290003-notice_file-서울특별시_제2025-278호_고시.txt,project-notes/05-jmapt1.md
5,"장미1,2,3차아파트 주택재건축정비사업 조합",조합설립인가,official_notice_text_ready,total_households,총 세대수,,7; 1; 1; 1; 2; 4층; 2; 7층,"함 - 7 - 라. 건축물 관련계획(변경) ※ 금회 아파트지구 변경(제척) 후 존치 범위에 해당하지 않는 사항은 삭제함 1) 용도 건축범위 구분 비고 기정 변경 공동주택, 어린이놀이터, 운동시설(건축물을 수반하는 운동시설은 주택용지 제외한다), 유치원, 탁아소, 경로당, 공동주택 관리용시설, 공급처리시설, 변경없음 사회복지관,",,,,snippet_ready,원문 스니펫과 PDF/HWP 원본을 열어 구조화값과 같은 시점의 값인지 확인,data/urban/text/files/05-11000NTC202505290003-05-11000NTC202505290003-notice_file-서울특별시_제2025-278호_고시.txt,project-notes/05-jmapt1.md
5,"장미1,2,3차아파트 주택재건축정비사업 조합",조합설립인가,official_notice_text_ready,floor_area_ratio_pct,용적률,,2; 1; 60%; 2; 60%; 3; 50%; 3,절대정화구역내 불허용도 불허 2) 건폐율 규제 구분 건폐율 비고 제1종일반주거지역 60% 이하 제2종일반주거지역 60% 이하 제3종일반주거지역 50% 이하 3) 용적률 규제 구분 계획용적률 비고 제3종일반주거지역 230% ※ 기타 지역에서의 계획용적률은 서울시도시계획조례에 의함 ○ 용적률 인센티브 : 사업시행단위별 공공시설부담,,,,snippet_ready,원문 스니펫과 PDF/HWP 원본을 열어 구조화값과 같은 시점의 값인지 확인,data/urban/text/files/05-11000NTC202505290003-05-11000NTC202505290003-notice_file-서울특별시_제2025-278호_고시.txt,project-notes/05-jmapt1.md
5,"장미1,2,3차아파트 주택재건축정비사업 조합",조합설립인가,official_notice_text_ready,building_coverage_ratio_pct,건폐율,,6; 1; 4; 2; 2; 1; 60%; 2,"없음 도로용지 도로시설 변경없음 공공청사 공공청사 변경없음 ※ 단, 학교보건법상 제6조 1항 및 시행령 제4조의 2의 상대 및 절대정화구역내 불허용도 불허 2) 건폐율 규제 구분 건폐율 비고 제1종일반주거지역 60% 이하 제2종일반주거지역 60% 이하 제3종일반주거지역 50% 이하 3) 용적률 규제 구분 계획용적률 비고 제3종",,,,snippet_ready,원문 스니펫과 PDF/HWP 원본을 열어 구조화값과 같은 시점의 값인지 확인,data/urban/text/files/05-11000NTC202505290003-05-11000NTC202505290003-notice_file-서울특별시_제2025-278호_고시.txt,project-notes/05-jmapt1.md
5,"장미1,2,3차아파트 주택재건축정비사업 조합",조합설립인가,official_notice_text_ready,height_floors,높이/층수,,8; 4; 1; 4층; 2; 7층; 3; 5,으로 민간이 기부채납하는 용지 - 8 - 4) 건축물의 높이 구분 건축물의 높이 비고 제1종일반주거지역 4층 이하 제2종일반주거지역 7층 이하 제3종일반주거지역 층수제한 없음 ※ 사업시행단위별 건축물 높이는 사업시행인가전 서울시 건축위원회 심의결과에 따름 5) 공동주택과 이격거리 ○ 공동주택간의 인동거리는 관계법령에 따름 6,,,,snippet_ready,원문 스니펫과 PDF/HWP 원본을 열어 구조화값과 같은 시점의 값인지 확인,data/urban/text/files/05-11000NTC202505290003-05-11000NTC202505290003-notice_file-서울특별시_제2025-278호_고시.txt,project-notes/05-jmapt1.md
5,"장미1,2,3차아파트 주택재건축정비사업 조합",조합설립인가,official_notice_text_ready,infrastructure,정비기반시설,,"487,204.1; 248,303.5; 88.2; 61,791.8; 61,791.8; 3,280.0; 3,280.0; 1","감)487,204.1 248,303.5 88.2 준주거지역 61,791.8 감)61,791.8 - - 자연녹지지역 3,280.0 감)3,280.0 - - 다. 도시계획시설 설치에 관한 계획 1) 도로 결정 조서(변경없음) 규모 구 연장 사용 최초 폭원 기능 기점 종점 비고 분 등급 류별 번호 (m) 형태 결정일 (m) 성내역 간선",,,,snippet_ready,원문 스니펫과 PDF/HWP 원본을 열어 구조화값과 같은 시점의 값인지 확인,data/urban/text/files/05-11000NTC202505290003-05-11000NTC202505290003-notice_file-서울특별시_제2025-278호_고시.txt,project-notes/05-jmapt1.md
5,"장미1,2,3차아파트 주택재건축정비사업 조합",조합설립인가,official_notice_text_ready,public_contribution,공공기여,,8; 4; 1; 4층; 2; 7층; 3; 3,"시설부지로 제공한 후의 대지면적 내 공공시설부지로 제공하는 면적비율) ○ 용적률 인센티브 대상 공공용지 : 도로, 공원 및 기타공공시설의 설치를 목적으로 민간이 기부채납하는 용지 - 8 - 4) 건축물의 높이 구분 건축물의 높이 비고 제1종일반주거지역 4층 이하 제2종일반주거지역 7층 이하 제3종일반주거지역 층수제한 없음 ※ 사",,,,snippet_ready,원문 스니펫과 PDF/HWP 원본을 열어 구조화값과 같은 시점의 값인지 확인,data/urban/text/files/05-11000NTC202505290003-05-11000NTC202505290003-notice_file-서울특별시_제2025-278호_고시.txt,project-notes/05-jmapt1.md
17,송파한양2차아파트 재건축정비사업 조합,조합설립인가,official_notice_text_ready,district_area_sqm,정비구역 면적,"62,370.3",3; 1; 18; 1.3; 4; 18; 1.3; 4,"도시계획조례시행규칙 제3조 1항의 규정을 적용, 산출 상한용적률(%) = (18*1.3× ㅇㅇ) X 기준용적률(%)이내 (a : 공공시설부지로 제공한 후의 대지면적 내 공공시설부지로 제공하는 면적의 비율) O 용적률 인센티브 대상 공공용지 - 도로, 공원, 공공공지(공공시설의 설치를 목적으로 민간이 기부채납하는 용지) 4)",,,,snippet_ready,원문 스니펫과 PDF/HWP 원본을 열어 구조화값과 같은 시점의 값인지 확인,data/urban/text/files/17-11000NTC202404180001-17-11000NTC202404180001-notice_file-서울특별시_제2024-178호_고시.txt,project-notes/17-songpa2.md
17,송파한양2차아파트 재건축정비사업 조합,조합설립인가,official_notice_text_ready,total_households,총 세대수,"1,346",19; 201; 5; 396; 7호; 7; 202; 4,SODIE ESSA 19 심의결과 UB - 201 - --- OCR page 5 --- [ 서울시보 제3967호 “7 서울특별시 2024. 4. 4.(목) 5) 공동주택과 이격거리 O 공동주택간 인동거리는 관계법령에 따름 6) 건축물 배치 () 간선도로변 탑상형 또는 직각배치 유도로 시각회랑 확보 7) 주택용지안의 녹지확보 O,,,,snippet_ready,원문 스니펫과 PDF/HWP 원본을 열어 구조화값과 같은 시점의 값인지 확인,data/urban/text/files/17-11000NTC202404180001-17-11000NTC202404180001-notice_file-서울특별시_제2024-178호_고시.txt,project-notes/17-songpa2.md
17,송파한양2차아파트 재건축정비사업 조합,조합설립인가,official_notice_text_ready,floor_area_ratio_pct,용적률,230,4; 2; 603; 3; 126; 94; 2; 030,"4.(목) 2) 건폐율 계획 LET 603 Of 3d ※ 12694 2 030 38 48, 및 TASS QIENTALIAY Sel 28 To 충족하여 함 3) 용적률 계획 O 계획(기준)용적률(주택용지) ? 분 ALVIDI3HE | 1 AEA 150% Of zd Ho) 조(19츠 조 ol: HM 12005-4002 (2005",,,,snippet_ready,원문 스니펫과 PDF/HWP 원본을 열어 구조화값과 같은 시점의 값인지 확인,data/urban/text/files/17-11000NTC202404180001-17-11000NTC202404180001-notice_file-서울특별시_제2024-178호_고시.txt,project-notes/17-songpa2.md
17,송파한양2차아파트 재건축정비사업 조합,조합설립인가,official_notice_text_ready,building_coverage_ratio_pct,건폐율,30,333; 7; 333; 245; 1; 200; 4; 396,"3337 333 2451: A - 200 - --- OCR page 4 --- (J = 쓰, 서울시보 제3967호 @""서울특별시 2024. 4. 4.(목) 2) 건폐율 계획 LET 603 Of 3d ※ 12694 2 030 38 48, 및 TASS QIENTALIAY Sel 28 To 충족하여 함 3) 용적률 계획 O 계획(기",,,,snippet_ready,원문 스니펫과 PDF/HWP 원본을 열어 구조화값과 같은 시점의 값인지 확인,data/urban/text/files/17-11000NTC202404180001-17-11000NTC202404180001-notice_file-서울특별시_제2024-178호_고시.txt,project-notes/17-songpa2.md
17,송파한양2차아파트 재건축정비사업 조합,조합설립인가,official_notice_text_ready,height_floors,높이/층수,지상:29/지하:미확인,4; 258; 9; 19; 201; 5; 39; 4,"설부지로 제공하는 면적의 비율) O 용적률 인센티브 대상 공공용지 - 도로, 공원, 공공공지(공공시설의 설치를 목적으로 민간이 기부채납하는 용지) 4) 건축물의 높이 i § ! : ※ ARAESIE 2589 높이는 NUASODIE ESSA 19 심의결과 UB - 201 - --- OCR page 5 --- [ 서울시보 제39",,,,snippet_ready,원문 스니펫과 PDF/HWP 원본을 열어 구조화값과 같은 시점의 값인지 확인,data/urban/text/files/17-11000NTC202404180001-17-11000NTC202404180001-notice_file-서울특별시_제2024-178호_고시.txt,project-notes/17-songpa2.md
17,송파한양2차아파트 재건축정비사업 조합,조합설립인가,official_notice_text_ready,infrastructure,정비기반시설,,915; 269.2%; 7; 57.6048; 199; 3; 396; 7호,915 269.2% 7 57.6048 - 199 - --- OCR page 3 --- (J 서울시보 제3967호 ^? 서울특별시 2024. 4. 4.(목) 다. 도시계획시설 설치에 관한 AF 1) 도로 결정조서(변경없음) 부 = 느 | 03 저 조저 NS |주0 경 Hz TE m= = | 폭원 ls ml 기점 종점 | 주요 경과지,,,,snippet_ready,원문 스니펫과 PDF/HWP 원본을 열어 구조화값과 같은 시점의 값인지 확인,data/urban/text/files/17-11000NTC202404180001-17-11000NTC202404180001-notice_file-서울특별시_제2024-178호_고시.txt,project-notes/17-songpa2.md
17,송파한양2차아파트 재건축정비사업 조합,조합설립인가,official_notice_text_ready,public_contribution,공공기여,,4; 258; 9; 19; 201; 7; 30%; 8,"로 제공한 후의 대지면적 내 공공시설부지로 제공하는 면적의 비율) O 용적률 인센티브 대상 공공용지 - 도로, 공원, 공공공지(공공시설의 설치를 목적으로 민간이 기부채납하는 용지) 4) 건축물의 높이 i § ! : ※ ARAESIE 2589 높이는 NUASODIE ESSA 19 심의결과 UB - 201 - --- OCR page",,,,snippet_ready,원문 스니펫과 PDF/HWP 원본을 열어 구조화값과 같은 시점의 값인지 확인,data/urban/text/files/17-11000NTC202404180001-17-11000NTC202404180001-notice_file-서울특별시_제2024-178호_고시.txt,project-notes/17-songpa2.md
18,송파미성아파트 재건축정비사업조합,조합설립인가,official_notice_text_ready,district_area_sqm,정비구역 면적,"28,959.7",366; 2호; 202; 1; 3; 25; 202; 1,서울시보 제3662호 2021. 3. 25.(목) ◈ 서울특별시고시 제2021- 146호 송파미성아파트 재건축정비구역 지정 / 지구단위계획 결정 및 지형도면 고시 서울특별시 송파구 송파동 161번지 재건축사업 시행을 위하여 「도시 및 주거환경정비법(이하 ‘도시정비법’」 제16조,,,,snippet_ready,원문 스니펫과 PDF/HWP 원본을 열어 구조화값과 같은 시점의 값인지 확인,data/urban/text/files/18-11710NTC202104230008-18-11710NTC202104230008-notice_file-서울특별시_2021-146호_고시.txt,project-notes/18-songpams.md
18,송파미성아파트 재건축정비사업조합,조합설립인가,official_notice_text_ready,total_households,총 세대수,810,810세대; 810; 100.0; 44㎡; 56; 6.9; 60㎡; 810세대,분 용적률(%) 구분 건폐율 높이(m) 구분 위치 주용도 비고 (%) (최고층수) 정비 법적 명칭 면적(㎡) 명칭 면적(㎡) 계획 상한 ￿ 주택공급계획 : 810세대 ￿ 전체 건립규모(전용면적 기준) ※ 세대수는 건축위원회 심의에서 최종 결정 구분 세대수 비율(%) 비고 계 810 100.0 44㎡형 56 6.9 임대 60㎡,,,,snippet_ready,원문 스니펫과 PDF/HWP 원본을 열어 구조화값과 같은 시점의 값인지 확인,data/urban/text/files/18-11710NTC202104230008-18-11710NTC202104230008-notice_file-서울특별시_2021-146호_고시.txt,project-notes/18-songpams.md
18,송파미성아파트 재건축정비사업조합,조합설립인가,official_notice_text_ready,floor_area_ratio_pct,용적률,295,"59.7; 1; 28,959.7; 6; 6; 161; 6; 161","59.7 획지1 28,959.7 6 - - 6 - - 재건축정비구역 161번지 6. 건축시설계획 ▪ 획지 및 주택규모 등에 관한 계획 가구 또는 획지 구역 구분 용적률(%) 구분 건폐율 높이(m) 구분 위치 주용도 비고 (%) (최고층수) 정비 법적 명칭 면적(㎡) 명칭 면적(㎡) 계획 상한 송파미성 최고 공동주택 및 아파트",,,,snippet_ready,원문 스니펫과 PDF/HWP 원본을 열어 구조화값과 같은 시점의 값인지 확인,data/urban/text/files/18-11710NTC202104230008-18-11710NTC202104230008-notice_file-서울특별시_2021-146호_고시.txt,project-notes/18-songpams.md
18,송파미성아파트 재건축정비사업조합,조합설립인가,official_notice_text_ready,building_coverage_ratio_pct,건폐율,19,"8,959.7; 6; 6; 161; 6; 50; 230; 124.95","8,959.7 6 - - 6 - - 재건축정비구역 161번지 6. 건축시설계획 ▪ 획지 및 주택규모 등에 관한 계획 가구 또는 획지 구역 구분 용적률(%) 구분 건폐율 높이(m) 구분 위치 주용도 비고 (%) (최고층수) 정비 법적 명칭 면적(㎡) 명칭 면적(㎡) 계획 상한 송파미성 최고 공동주택 및 아파트 송파동 50 230",,,,snippet_ready,원문 스니펫과 PDF/HWP 원본을 열어 구조화값과 같은 시점의 값인지 확인,data/urban/text/files/18-11710NTC202104230008-18-11710NTC202104230008-notice_file-서울특별시_2021-146호_고시.txt,project-notes/18-songpams.md
18,송파미성아파트 재건축정비사업조합,조합설립인가,official_notice_text_ready,height_floors,높이/층수,지상:32/지하:3,"1; 6; 50; 230; 294.95; 32층; 28,959.0; 1","1번지 6. 건축시설계획 ▪ 획지 및 주택규모 등에 관한 계획 가구 또는 획지 구역 구분 용적률(%) 구분 건폐율 높이(m) 구분 위치 주용도 비고 (%) (최고층수) 정비 법적 명칭 면적(㎡) 명칭 면적(㎡) 계획 상한 송파미성 최고 공동주택 및 아파트 송파동 50 230 294.95 32층이하 신규 28,959.0 획지1",,,,snippet_ready,원문 스니펫과 PDF/HWP 원본을 열어 구조화값과 같은 시점의 값인지 확인,data/urban/text/files/18-11710NTC202104230008-18-11710NTC202104230008-notice_file-서울특별시_2021-146호_고시.txt,project-notes/18-songpams.md
18,송파미성아파트 재건축정비사업조합,조합설립인가,official_notice_text_ready,infrastructure,정비기반시설,,315; 366; 2호; 202; 1; 3; 25; 1,"315 - 서울시보 제3662호 2021. 3. 25.(목) ▪ 용적률 계획 구 분 산 정 내 용 대지 내 용도 신설 신설 폐지되는 기존 계(구역면적) 획지1 정비기반시설 정비기반시설 기반시설 토지이용계획 내 국·공유지 국·공유지 28,959.7㎡ 28,959.7㎡ - - - 기준용적률 ￿ 기준용적률 = 210% 이하 ￿ 허용용적",,,,snippet_ready,원문 스니펫과 PDF/HWP 원본을 열어 구조화값과 같은 시점의 값인지 확인,data/urban/text/files/18-11710NTC202104230008-18-11710NTC202104230008-notice_file-서울특별시_2021-146호_고시.txt,project-notes/18-songpams.md
18,송파미성아파트 재건축정비사업조합,조합설립인가,official_notice_text_ready,public_contribution,공공기여,,20%; 15%; 4; 6%; 21%; 20%; 230%; 202,하 허용용적률 ￿ 인센티브 = 20% [우수디자인(15%) + 지능형건축물(4등급)(6%) = 21%(최대 20% 적용)] 상한용적률 ￿ 230% 이하(공공시설 기부채납 미계획에 따라 별도의 상한용적률 산정 없음) ￿ 소형주택 건설에 따른 상한용적률 완화 법적상한용적률 ￿ 2025 서울특별시 도시 및 주거환경정비기본계획의 ￿ 법,,,,snippet_ready,원문 스니펫과 PDF/HWP 원본을 열어 구조화값과 같은 시점의 값인지 확인,data/urban/text/files/18-11710NTC202104230008-18-11710NTC202104230008-notice_file-서울특별시_2021-146호_고시.txt,project-notes/18-songpams.md
19,대림가락아파트 재건축정비사업조합,조합설립인가,official_notice_text_ready,district_area_sqm,정비구역 면적,"34,284.1",1; 372; 4호; 202; 1; 10; 7; 202,OCR page 1 --- [개 서물시보 제3724호 “#?서울특별시 2021. 10. 7.(목) # 서울특별시고시 제2021-551호 대림가락아파트 재건축사업 정비구역 지정 / 지구단위계획 결정 및 지형도면 고시 서울특별시 송파구 방이동 317번지 재건축사업 시행을 위하여 「도시 및 주거환경정비법(이하 ‘= 시정비법” )」 제,,,,snippet_ready,원문 스니펫과 PDF/HWP 원본을 열어 구조화값과 같은 시점의 값인지 확인,data/urban/text/files/19-11000NTC202111260001-19-11000NTC202111260001-notice_file-서울특별시_2021-551호_고시.txt,project-notes/19-daelim.md
19,대림가락아파트 재건축정비사업조합,조합설립인가,official_notice_text_ready,total_households,총 세대수,786,50; 0.050; 10; 50; 005; 0; 875; 0,"(HER - 50) × 0.050 이상 - 10 + (데다 -50 x 0050 = 8750 이상 이00 ~ 1,000세다 미만 : 세 획지 2931.00 - (세대수 x 2.5) x 1.25m 이상 - (62541 × 25) X 1.250 = 2.89083 이상 . ~ 세대 미만 : 세 찌 [mn 주민 - ~ I 만 | 해",,,,snippet_ready,원문 스니펫과 PDF/HWP 원본을 열어 구조화값과 같은 시점의 값인지 확인,data/urban/text/files/19-11000NTC202111260001-19-11000NTC202111260001-notice_file-서울특별시_2021-551호_고시.txt,project-notes/19-daelim.md
19,대림가락아파트 재건축정비사업조합,조합설립인가,official_notice_text_ready,floor_area_ratio_pct,용적률,300,399; 72; 850; 0; 857; 67.7%; 007; 50%,EAR Hix) 39972 및 : h 8500하 - 857 이하 규모의 주택이 전체 세대수에서 차지하는 비율 : 67.7% - 소형주택(007이하) 건설 : 초과용적률의 50% 이상 (139세대) 2085 서울시 도시ㆍ환경정비기본겨획 HAO IZ 528%E 완화 심의완화 사항 - 기본용적률 210% - 222% 이하 =e WA,,,,snippet_ready,원문 스니펫과 PDF/HWP 원본을 열어 구조화값과 같은 시점의 값인지 확인,data/urban/text/files/19-11000NTC202111260001-19-11000NTC202111260001-notice_file-서울특별시_2021-551호_고시.txt,project-notes/19-daelim.md
19,대림가락아파트 재건축정비사업조합,조합설립인가,official_notice_text_ready,building_coverage_ratio_pct,건폐율,21,32; 11; 372; 4호; 202; 1; 10; 7,"신설 - 32 - --- OCR page 11 --- [ 개 서물시보 제3724호 “#?서울특별시 2021. 10. 7.(목) 를 청소년수련시설, 사회복지시설 건폐율.용적률 및 높이 결정(변경) 조서 ~ ~ — F— 3. FA 및 건축물 등에 관한 결정 가. 가구 및 획지에 관한 결정 조서 구 분 가구 비율) 비고 BABAR",,,,snippet_ready,원문 스니펫과 PDF/HWP 원본을 열어 구조화값과 같은 시점의 값인지 확인,data/urban/text/files/19-11000NTC202111260001-19-11000NTC202111260001-notice_file-서울특별시_2021-551호_고시.txt,project-notes/19-daelim.md
19,대림가락아파트 재건축정비사업조합,조합설립인가,official_notice_text_ready,height_floors,높이/층수,지상:35/지하:2,388; 098; 25층; 738; 53; 02; 1; 11,"음. 저측주거지 여점부 주동의 RAL 금힘 XIE 요첨사항을 반역히 "" Sek. ih oe oP. a So SL FATA 388 098 | ＊ 시추 omy 25 층수 하향 738. (53-02) 및 Aspen HRMS 검토할 기 Te Onze 가로경관을 고려하여 건축바치 및 스카이라인겨획을 조정하고, 1 DHHS BYE ER",,,,snippet_ready,원문 스니펫과 PDF/HWP 원본을 열어 구조화값과 같은 시점의 값인지 확인,data/urban/text/files/19-11000NTC202111260001-19-11000NTC202111260001-notice_file-서울특별시_2021-551호_고시.txt,project-notes/19-daelim.md
19,대림가락아파트 재건축정비사업조합,조합설립인가,official_notice_text_ready,infrastructure,정비기반시설,,47; 1; 31; 4; 1; 3; 1; 2,선을 사항 [자도부속형 전면공지 47) mz 조정함. 1. 기반시설계획 및 교통처리계획 관련 개의 기반시설을 복합계획한 Bf 주관부서에서 건축심의 전 각 | ＊ 정비기반시설 위치는 송파구 의견을 반영하여 오금로31가길과 공공보행 통 시설 이용자의 편의성이 최대한 확보될 4 있도록 NBEAN | 로 걸절부인 현 AGNHO 위치를 SM,,,,snippet_ready,원문 스니펫과 PDF/HWP 원본을 열어 구조화값과 같은 시점의 값인지 확인,data/urban/text/files/19-11000NTC202111260001-19-11000NTC202111260001-notice_file-서울특별시_2021-551호_고시.txt,project-notes/19-daelim.md
19,대림가락아파트 재건축정비사업조합,조합설립인가,official_notice_text_ready,public_contribution,공공기여,,,,,,,missing_snippet,공공기여 원문 스니펫 미확보. 원문 파일 또는 OCR 품질 확인,data/urban/text/files/19-11000NTC202111260001-19-11000NTC202111260001-notice_file-서울특별시_2021-551호_고시.txt,project-notes/19-daelim.md
20,마천1재정비촉진구역 주택재개발정비사업조합,조합설립인가,official_notice_text_ready,district_area_sqm,정비구역 면적,"159,816.7","2; 1; 1; 1; 148,498.0; 11; 31; 2","비촉진구역별 정비계획 가) 거여2구역(주택재개발사업) : 변경없음 나) 마천시장구역(시장재건축사업) : 변경없음 다) 마천1구역(주택재개발사업) : 변경 (1) 정비구역의 위치 및 면적 면 적(㎡) 구 분 재정비촉진사업 명칭 위 치 비고 기정 변경 변경후 마천1 재정비촉진구역 송파구 마천동 변경 148,498.0 증) 11,31",,,,snippet_ready,원문 스니펫과 PDF/HWP 원본을 열어 구조화값과 같은 시점의 값인지 확인,data/urban/text/files/20-11000NTC202606080004-20-11000NTC202606080004-notice_file-서울특별시_제2026-298호_고시문.txt,project-notes/20-macheon-1.md
20,마천1재정비촉진구역 주택재개발정비사업조합,조합설립인가,official_notice_text_ready,total_households,총 세대수,"3,113","1,200.2; 0.1%; 1; 2; 2; 57,615; 17,028세대; 16,443","1,200.2 0.1% - ※ 변경사유 : 마천1 재정비촉진구역 결정(변경)사항 반영 - 2 - 2) 인구․주택 수용계획 : 변경 (57,615인 / 17,028세대) ○ 총괄 주택수(호) 인구수(인) 주택유형 비 고 기 정 변 경 변경후 기 정 변 경 변경후 합 계 16,443 증) 585 17,028 56,027 증) 1",,,,snippet_ready,원문 스니펫과 PDF/HWP 원본을 열어 구조화값과 같은 시점의 값인지 확인,data/urban/text/files/20-11000NTC202606080004-20-11000NTC202606080004-notice_file-서울특별시_제2026-298호_고시문.txt,project-notes/20-macheon-1.md
20,마천1재정비촉진구역 주택재개발정비사업조합,조합설립인가,official_notice_text_ready,floor_area_ratio_pct,용적률,277.88,6; 7; 2; 202; 16.0; 230%; 60%; 1,검토서)에 명시 6) 경관계획 : 변경없음 7) 도시 및 주거환경정비기본계획 : 변경 ○ 주택재개발사업 구역 생활권 추진 사업시행방 정비 구분 동명 지번 면적 용적률 층수 건폐율 비고 번호 유형 단계 식 유형 전면 기정 거여2 C 거여동 202 16.0ha 230% - 60% 1 주택재개발 - 개발 3-1 150% 60% 전,,,,snippet_ready,원문 스니펫과 PDF/HWP 원본을 열어 구조화값과 같은 시점의 값인지 확인,data/urban/text/files/20-11000NTC202606080004-20-11000NTC202606080004-notice_file-서울특별시_제2026-298호_고시문.txt,project-notes/20-macheon-1.md
20,마천1재정비촉진구역 주택재개발정비사업조합,조합설립인가,official_notice_text_ready,building_coverage_ratio_pct,건폐율,50,6; 7; 2; 202; 16.0; 230%; 60%; 1,명시 6) 경관계획 : 변경없음 7) 도시 및 주거환경정비기본계획 : 변경 ○ 주택재개발사업 구역 생활권 추진 사업시행방 정비 구분 동명 지번 면적 용적률 층수 건폐율 비고 번호 유형 단계 식 유형 전면 기정 거여2 C 거여동 202 16.0ha 230% - 60% 1 주택재개발 - 개발 3-1 150% 60% 전면 변경 마천,,,,snippet_ready,원문 스니펫과 PDF/HWP 원본을 열어 구조화값과 같은 시점의 값인지 확인,data/urban/text/files/20-11000NTC202606080004-20-11000NTC202606080004-notice_file-서울특별시_제2026-298호_고시문.txt,project-notes/20-macheon-1.md
20,마천1재정비촉진구역 주택재개발정비사업조합,조합설립인가,official_notice_text_ready,height_floors,높이/층수,지상:49/지하:미확인,6; 7; 2; 202; 16.0; 230%; 60%; 1,)에 명시 6) 경관계획 : 변경없음 7) 도시 및 주거환경정비기본계획 : 변경 ○ 주택재개발사업 구역 생활권 추진 사업시행방 정비 구분 동명 지번 면적 용적률 층수 건폐율 비고 번호 유형 단계 식 유형 전면 기정 거여2 C 거여동 202 16.0ha 230% - 60% 1 주택재개발 - 개발 3-1 150% 60% 전면 변,,,,snippet_ready,원문 스니펫과 PDF/HWP 원본을 열어 구조화값과 같은 시점의 값인지 확인,data/urban/text/files/20-11000NTC202606080004-20-11000NTC202606080004-notice_file-서울특별시_제2026-298호_고시문.txt,project-notes/20-macheon-1.md
20,마천1재정비촉진구역 주택재개발정비사업조합,조합설립인가,official_notice_text_ready,infrastructure,정비기반시설,,"38,580.0㎡; 8,776.8㎡; 2; 7층; 30,050.0㎡; 30,087.0㎡; 2; 79,868.0㎡","용도지역 조정 : 38,580.0㎡ → 8,776.8㎡ Ÿ 면적 변경 제2종(7층)일반주거지역 : 30,050.0㎡ → 30,087.0㎡ Ÿ 공동주택 건립 및 정비기반시설 변경에 따른 용도지역 조정 Ÿ 면적 변경 제2종일반주거지역 : 79,868.0㎡ → 44,845.4㎡ Ÿ 면적 변경 제3종일반주거지역 Ÿ 공동주택 건립을 위한",,,,snippet_ready,원문 스니펫과 PDF/HWP 원본을 열어 구조화값과 같은 시점의 값인지 확인,data/urban/text/files/20-11000NTC202606080004-20-11000NTC202606080004-notice_file-서울특별시_제2026-298호_고시문.txt,project-notes/20-macheon-1.md
20,마천1재정비촉진구역 주택재개발정비사업조합,조합설립인가,official_notice_text_ready,public_contribution,공공기여,,"124.9; 124.9; 1; 1; 4,987.8㎡; 2,077.9㎡; 1,595.1㎡; 10","- - - - - - - - - - - - - 대체 ※124.9 ※124.9 도로 ※ 변경사유 : 마천1 재정비촉진구역 결정(변경)사항 반영 ※ “※”은 시설 기부채납에 따른 건축물 환산부지 면적임 ※ 마천1구역의 건축시설면적(4,987.8㎡)은 공공지원시설 2,077.9㎡(=공공안심산후조리원 1,595.1㎡ + 주거안심복지센",,,,snippet_ready,원문 스니펫과 PDF/HWP 원본을 열어 구조화값과 같은 시점의 값인지 확인,data/urban/text/files/20-11000NTC202606080004-20-11000NTC202606080004-notice_file-서울특별시_제2026-298호_고시문.txt,project-notes/20-macheon-1.md
