rank,project_name,focus_area,current_stage,notice_no,notice_date,local_notice_file,text_path,field_id,field_label,matrix_current_value,source_value,review_status,action_group,recommended_value_action,evidence_basis,confidence
5,"장미1,2,3차아파트 주택재건축정비사업 조합",잠실/송파,조합설립인가,2025-278,,data/urban/files/05-11000NTC202505290003-notice_file-서울특별시_제2025-278호_고시.pdf,data/urban/text/files/05-11000NTC202505290003-05-11000NTC202505290003-notice_file-서울특별시_제2025-278호_고시.txt,notice_no,고시번호,2025-278,2025-278,auxiliary_plan_notice_connected,keep_as_auxiliary_context,"원문 연결은 유지하되 장미1,2,3차 사업별 정비계획 고시로 승격하지 않음","서울특별시고시 제2025-278호는 잠실아파트지구 용도지구/개발기본계획 변경 고시이며 장미1,2,3차는 존치 대상으로 언급된다.",medium
5,"장미1,2,3차아파트 주택재건축정비사업 조합",잠실/송파,조합설립인가,2025-278,,data/urban/files/05-11000NTC202505290003-notice_file-서울특별시_제2025-278호_고시.pdf,data/urban/text/files/05-11000NTC202505290003-05-11000NTC202505290003-notice_file-서울특별시_제2025-278호_고시.txt,district_area_sqm,정비구역 면적,"343,266.7",,not_directly_confirmed_from_notice,keep_as_auxiliary_context,"정보몽땅 사업개요 343,266.7㎡를 보조값으로 유지하고 장미 사업별 정비계획/사업시행 원문을 별도 확보","고시 텍스트는 잠실아파트지구 총괄/주구별 변경 면적을 다루며, 장미1,2,3차 단독 정비구역 면적을 직접 확정하지 않는다.",high
5,"장미1,2,3차아파트 주택재건축정비사업 조합",잠실/송파,조합설립인가,2025-278,,data/urban/files/05-11000NTC202505290003-notice_file-서울특별시_제2025-278호_고시.pdf,data/urban/text/files/05-11000NTC202505290003-05-11000NTC202505290003-notice_file-서울특별시_제2025-278호_고시.txt,floor_area_ratio_pct,용적률,,제3종일반주거지역 계획용적률 230%,district_plan_rule_only,keep_as_auxiliary_context,상위 계획 기준으로만 기록하고 사업별 용적률 공식값은 공란 유지,고시의 230%는 잠실아파트지구 개발기본계획의 용적률 규제이며 장미 사업시행 수치가 아니다.,high
17,송파한양2차아파트 재건축정비사업 조합,잠실/송파,조합설립인가,2025-239,2025-05-01,data/urban/files/17-11000NTC202506170006-business-notice_file-서울특별시_제2025-239호_고시.pdf,data/urban/text/files/17-11000NTC202506170006-17-11000NTC202506170006-business-notice_file-서울특별시_제2025-239호_고시.txt,notice_no,고시번호,2025-239,2025-239,direct_original_notice_confirmed,promote_or_confirm,송파한양2차 사업별 원문 고시번호로 확정,서울특별시고시 제2025-239호 제목이 송파한양2차아파트 재건축 정비계획 결정(변경)을 직접 명시한다.,high
17,송파한양2차아파트 재건축정비사업 조합,잠실/송파,조합설립인가,2025-239,2025-05-01,data/urban/files/17-11000NTC202506170006-business-notice_file-서울특별시_제2025-239호_고시.pdf,data/urban/text/files/17-11000NTC202506170006-17-11000NTC202506170006-business-notice_file-서울특별시_제2025-239호_고시.txt,district_area_sqm,정비구역 면적,"62,370.3",,not_directly_confirmed_from_notice,keep_as_auxiliary_context,"정보몽땅 사업개요 54,855.2㎡를 보조값으로 유지하고 송파한양2차 사업별 정비계획/건축심의 원문을 별도 확보",제2025-239호는 송파한양2차 직접 고시지만 현재 OCR 텍스트만으로는 정비구역 결정 조서의 면적값을 안정적으로 구조화하지 못했다.,high
17,송파한양2차아파트 재건축정비사업 조합,잠실/송파,조합설립인가,2025-239,2025-05-01,data/urban/files/17-11000NTC202506170006-business-notice_file-서울특별시_제2025-239호_고시.pdf,data/urban/text/files/17-11000NTC202506170006-17-11000NTC202506170006-business-notice_file-서울특별시_제2025-239호_고시.txt,floor_area_ratio_pct,용적률,230,"제2025-239호 OCR상 기준용적률 208.9%, 허용용적률 230%, 상한용적률 299.99% 이하 문맥",partial_source_confirmation,split_by_definition_or_stage,직접 고시 OCR 문맥은 확보됐지만 표 숫자 오염이 있어 원문 이미지 대조 후 기준/허용/상한 용적률을 분리 확정,제2025-239호 직접 고시 본문과 심의결과 문맥에서 용적률 표가 확인되지만 OCR 숫자 오차가 있어 단계별 용적률 정의를 바로 승격하기 어렵다.,medium
18,송파미성아파트 재건축정비사업조합,잠실/송파,조합설립인가,2021-146,2021-03-25,data/urban/files/18-11710NTC202104230008-notice_file-서울특별시_2021-146호_고시.pdf,data/urban/text/files/18-11710NTC202104230008-18-11710NTC202104230008-notice_file-서울특별시_2021-146호_고시.txt,notice_no,고시번호,2021-146,2021-146,direct_original_notice_confirmed,promote_or_confirm,송파미성 사업별 원문 고시번호로 확정,서울특별시고시 제2021-146호 제목이 송파미성아파트 재건축정비구역 지정 및 지형도면 고시다.,high
18,송파미성아파트 재건축정비사업조합,잠실/송파,조합설립인가,2021-146,2021-03-25,data/urban/files/18-11710NTC202104230008-notice_file-서울특별시_2021-146호_고시.pdf,data/urban/text/files/18-11710NTC202104230008-18-11710NTC202104230008-notice_file-서울특별시_2021-146호_고시.txt,notice_date,고시일,2021-03-25,2021-03-25,direct_original_notice_confirmed,promote_or_confirm,송파미성 사업별 원문 고시일로 확정,고시문 상단과 고시 본문에 2021년 3월 25일이 표시된다.,high
18,송파미성아파트 재건축정비사업조합,잠실/송파,조합설립인가,2021-146,2021-03-25,data/urban/files/18-11710NTC202104230008-notice_file-서울특별시_2021-146호_고시.pdf,data/urban/text/files/18-11710NTC202104230008-18-11710NTC202104230008-notice_file-서울특별시_2021-146호_고시.txt,district_area_sqm,정비구역 면적,"28,959.7","28,959.7㎡",direct_original_notice_confirmed,promote_or_confirm,"비교 매트릭스 현재값 28,959.7㎡ 확정","정비구역 지정 조서에 송파구 송파동 161번지, 면적 28,959.7㎡가 표시된다.",high
18,송파미성아파트 재건축정비사업조합,잠실/송파,조합설립인가,2021-146,2021-03-25,data/urban/files/18-11710NTC202104230008-notice_file-서울특별시_2021-146호_고시.pdf,data/urban/text/files/18-11710NTC202104230008-18-11710NTC202104230008-notice_file-서울특별시_2021-146호_고시.txt,total_households,총 세대수,810,810세대,fills_missing_matrix_value,promote_or_confirm,현재 공란인 총 세대수의 원문 확인 후보로 기록하되 건축위원회 최종 결정 가능성 주석 유지,"주택공급계획에 810세대가 표시되며, 세대수는 건축위원회 심의에서 최종 결정된다는 단서가 붙어 있다.",high
18,송파미성아파트 재건축정비사업조합,잠실/송파,조합설립인가,2021-146,2021-03-25,data/urban/files/18-11710NTC202104230008-notice_file-서울특별시_2021-146호_고시.pdf,data/urban/text/files/18-11710NTC202104230008-18-11710NTC202104230008-notice_file-서울특별시_2021-146호_고시.txt,floor_area_ratio_pct,용적률,295,법적상한용적률 294.95%; 허용용적률 230%,match_or_rounding,promote_or_confirm,"비교 매트릭스 295%는 법적상한용적률 반올림값으로 해석하고, 허용용적률 230%를 별도 보조값으로 병기","건축시설계획과 용적률 계획에 허용용적률 230%, 법적상한용적률 294.95%가 함께 표시된다.",high
18,송파미성아파트 재건축정비사업조합,잠실/송파,조합설립인가,2021-146,2021-03-25,data/urban/files/18-11710NTC202104230008-notice_file-서울특별시_2021-146호_고시.pdf,data/urban/text/files/18-11710NTC202104230008-18-11710NTC202104230008-notice_file-서울특별시_2021-146호_고시.txt,building_coverage_ratio_pct,건폐율,19,50% 이하,source_time_or_definition_conflict,split_by_definition_or_stage,정보몽땅 현재값 19%와 고시 기준 50% 이하를 덮어쓰지 않고 기준/계획/실시설계 단계 차이로 분리,"고시의 건축물 개발밀도 조서는 건폐율 50% 이하 기준을 제시하며, 정보몽땅 19%와 같은 정의의 값인지 확인이 필요하다.",high
18,송파미성아파트 재건축정비사업조합,잠실/송파,조합설립인가,2021-146,2021-03-25,data/urban/files/18-11710NTC202104230008-notice_file-서울특별시_2021-146호_고시.pdf,data/urban/text/files/18-11710NTC202104230008-18-11710NTC202104230008-notice_file-서울특별시_2021-146호_고시.txt,floors,높이/층수,지상:32/지하:3,32층 이하; 최고높이 124.95m 이하,partial_source_confirmation,split_by_definition_or_stage,"지상 32층과 최고높이는 확정 후보로 기록하고, 지하 3층은 정보몽땅/건축심의 자료에서 별도 확인",건축시설계획에 32층 이하와 124.95m 이하가 표시되지만 지하층수는 같은 스니펫에서 확인되지 않는다.,high
18,송파미성아파트 재건축정비사업조합,잠실/송파,조합설립인가,2021-146,2021-03-25,data/urban/files/18-11710NTC202104230008-notice_file-서울특별시_2021-146호_고시.pdf,data/urban/text/files/18-11710NTC202104230008-18-11710NTC202104230008-notice_file-서울특별시_2021-146호_고시.txt,public_contribution,공공기여,,공공시설 기부채납 미계획,direct_original_notice_context,manual_review,공공기여 없음/미계획 문맥으로 기록하되 소형주택 의무공급과 구분,용적률 계획에 공공시설 기부채납 미계획에 따라 별도 상한용적률 산정이 없다는 문맥이 있다.,medium
