rank,project_name,search_site,search_keyword,search_status,match_score,match_confidence,notice_no,notice_date,title,official_url,attachment_name,attachment_url,review_note
23,광장동 삼성1차아파트 소규모재건축정비사업,서울도시공간포털,소규모재건축,candidate,10,low,2026-82,2026-04-30,청담현대1차아파트 소규모재건축정비사업 조합설립(경미한)변경 수리 및 지형도면 고시,https://urban.seoul.go.kr/view/ntfc/mapForm.pop?noticeCode=11680NTC202605080003,추출) 페이지 범위 구보 제1848호.pdf,https://urban.seoul.go.kr/UpisArchive/DATA/PM/pdf/11680TTC202605080003/%EC%B6%94%EC%B6%9C)%20%ED%8E%98%EC%9D%B4%EC%A7%80%20%EB%B2%94%EC%9C%84%20%EA%B5%AC%EB%B3%B4%20%EC%A0%9C1848%ED%98%B8.pdf,키워드 검색 후보이나 직접 관련성은 낮다.
23,광장동 삼성1차아파트 소규모재건축정비사업,서울도시공간포털,소규모재건축,candidate,10,low,2026-47,2026-04-03,삼흥연립 소규모재건축사업 사업시행계획(변경)인가 고시,https://urban.seoul.go.kr/view/ntfc/mapForm.pop?noticeCode=11305NTC202603300009,사업시행계획(변경)인가 고시문.hwp,https://urban.seoul.go.kr/UpisArchive/DATA/PM/pdf/11305TTC202603300009/%EC%82%AC%EC%97%85%EC%8B%9C%ED%96%89%EA%B3%84%ED%9A%8D(%EB%B3%80%EA%B2%BD)%EC%9D%B8%EA%B0%80%20%EA%B3%A0%EC%8B%9C%EB%AC%B8.hwp,키워드 검색 후보이나 직접 관련성은 낮다.
23,광장동 삼성1차아파트 소규모재건축정비사업,서울도시공간포털,소규모재건축,candidate,10,low,2026-16,2026-02-05,경남구로연립 소규모재건축정비사업 사업시행계획(변경)인가 고시,https://urban.seoul.go.kr/view/ntfc/mapForm.pop?noticeCode=11530NTC202603170006,사업시행계획인가 고시문 (안)최종.pdf,https://urban.seoul.go.kr/UpisArchive/DATA/PM/pdf/11530TTC202603170006/%EC%82%AC%EC%97%85%EC%8B%9C%ED%96%89%EA%B3%84%ED%9A%8D%EC%9D%B8%EA%B0%80%20%EA%B3%A0%EC%8B%9C%EB%AC%B8%20(%EC%95%88)%EC%B5%9C%EC%A2%85.pdf,키워드 검색 후보이나 직접 관련성은 낮다.
23,광장동 삼성1차아파트 소규모재건축정비사업,서울도시공간포털,소규모재건축,candidate,10,low,2026-7,2026-01-14,신생보훈 소규모재건축사업 사업시행계획인가 고시,https://urban.seoul.go.kr/view/ntfc/mapForm.pop?noticeCode=11740NTC202602240004,강동구_제2026-7호_고시.pdf,https://urban.seoul.go.kr/UpisArchive/DATA/PM/pdf/11740NTC202602240004/%EA%B0%95%EB%8F%99%EA%B5%AC_%EC%A0%9C2026-7%ED%98%B8_%EA%B3%A0%EC%8B%9C.pdf,키워드 검색 후보이나 직접 관련성은 낮다.
23,광장동 삼성1차아파트 소규모재건축정비사업,서울도시공간포털,소규모재건축,candidate,10,low,2026-4,2026-01-02,풍납동 147-1번지 일원 유천연립 소규모재건축사업 사업시행계획인가 고시,https://urban.seoul.go.kr/view/ntfc/mapForm.pop?noticeCode=11710NTC202602240003,송파구_제2026-4호_고시.pdf,https://urban.seoul.go.kr/UpisArchive/DATA/PM/pdf/11710NTC202602240003/%EC%86%A1%ED%8C%8C%EA%B5%AC_%EC%A0%9C2026-4%ED%98%B8_%EA%B3%A0%EC%8B%9C.pdf,키워드 검색 후보이나 직접 관련성은 낮다.
23,광장동 삼성1차아파트 소규모재건축정비사업,서울도시공간포털,소규모재건축,candidate,10,low,2025-182,2025-11-20,여의도화랑아파트 소규모재건축사업 조합설립인가 및 지형도면 고시,https://urban.seoul.go.kr/view/ntfc/mapForm.pop?noticeCode=11560NTC202602050001,영등포구_제2025-182호_고시.pdf,https://urban.seoul.go.kr/UpisArchive/DATA/PM/pdf/11560NTC202602050001/%EC%98%81%EB%93%B1%ED%8F%AC%EA%B5%AC_%EC%A0%9C2025-182%ED%98%B8_%EA%B3%A0%EC%8B%9C.pdf,키워드 검색 후보이나 직접 관련성은 낮다.
23,광장동 삼성1차아파트 소규모재건축정비사업,서울도시공간포털,소규모재건축,candidate,10,low,2025-133,2025-10-30,황해연립 소규모재건축사업 조합설립인가 취소 고시,https://urban.seoul.go.kr/view/ntfc/mapForm.pop?noticeCode=11620NTC202510310003,고시문.pdf,https://urban.seoul.go.kr/UpisArchive/DATA/PM/pdf/11620TTC202510310003/%EA%B3%A0%EC%8B%9C%EB%AC%B8.pdf,키워드 검색 후보이나 직접 관련성은 낮다.
23,광장동 삼성1차아파트 소규모재건축정비사업,서울도시공간포털,소규모재건축,candidate,10,low,2025-123,2025-10-23,황해연립 소규모재건축사업 사업시행계획인가 폐지,https://urban.seoul.go.kr/view/ntfc/mapForm.pop?noticeCode=11620NTC202510310002,관악구_제2025-123호_고시.pdf,https://urban.seoul.go.kr/UpisArchive/DATA/PM/pdf/11620NTC202510310002/%EA%B4%80%EC%95%85%EA%B5%AC_%EC%A0%9C2025-123%ED%98%B8_%EA%B3%A0%EC%8B%9C.pdf,키워드 검색 후보이나 직접 관련성은 낮다.
23,광장동 삼성1차아파트 소규모재건축정비사업,서울도시공간포털,소규모재건축,candidate,10,low,2025-164,2025-10-02,공덕현대아파트 소규모재건축정비사업 사업시행계획인가 고시,https://urban.seoul.go.kr/view/ntfc/mapForm.pop?noticeCode=11440NTC202601290002,마포구_제2025-164호_고시.pdf,https://urban.seoul.go.kr/UpisArchive/DATA/PM/pdf/11440NTC202601290002/%EB%A7%88%ED%8F%AC%EA%B5%AC_%EC%A0%9C2025-164%ED%98%B8_%EA%B3%A0%EC%8B%9C.pdf,키워드 검색 후보이나 직접 관련성은 낮다.
23,광장동 삼성1차아파트 소규모재건축정비사업,서울도시공간포털,소규모재건축,candidate,10,low,2025-117,2025-06-25,유원연립·뉴삼성빌 소규모재건축사업조합 조합설립변경인가 및 지형도면 고시,https://urban.seoul.go.kr/view/ntfc/mapForm.pop?noticeCode=11740NTC202507100004,강동구_제2025-117호_고시.pdf,https://urban.seoul.go.kr/UpisArchive/DATA/PM/pdf/11740NTC202507100004/%EA%B0%95%EB%8F%99%EA%B5%AC_%EC%A0%9C2025-117%ED%98%B8_%EA%B3%A0%EC%8B%9C.pdf,키워드 검색 후보이나 직접 관련성은 낮다.
23,광장동 삼성1차아파트 소규모재건축정비사업,서울도시공간포털,소규모재건축,candidate,10,low,2025-109,2025-06-19,미래빌라 소규모재건축사업 시행계획인가 고시,https://urban.seoul.go.kr/view/ntfc/mapForm.pop?noticeCode=11530NTC202507150002,구로구_제2025-109호_고시.pdf,https://urban.seoul.go.kr/UpisArchive/DATA/PM/pdf/11530TTC202507150002/%EA%B5%AC%EB%A1%9C%EA%B5%AC_%EC%A0%9C2025-109%ED%98%B8_%EA%B3%A0%EC%8B%9C.pdf,키워드 검색 후보이나 직접 관련성은 낮다.
23,광장동 삼성1차아파트 소규모재건축정비사업,서울도시공간포털,소규모재건축,candidate,10,low,2025-107,2025-06-19,화랑주택 소규모재건축사업 시행계획인가 고시,https://urban.seoul.go.kr/view/ntfc/mapForm.pop?noticeCode=11530NTC202507150001,구로구_제2025-107호_고시.pdf,https://urban.seoul.go.kr/UpisArchive/DATA/PM/pdf/11530TTC202507150001/%EA%B5%AC%EB%A1%9C%EA%B5%AC_%EC%A0%9C2025-107%ED%98%B8_%EA%B3%A0%EC%8B%9C.pdf,키워드 검색 후보이나 직접 관련성은 낮다.
23,광장동 삼성1차아파트 소규모재건축정비사업,서울도시공간포털,소규모재건축,candidate,10,low,2025-87,2025-06-05,동신아파트 소규모재건축정비사업 사업시행계획(경미한)변경인가 고시,https://urban.seoul.go.kr/view/ntfc/mapForm.pop?noticeCode=11290NTC202506120004,성북구_제2025-87호_고시.pdf,https://urban.seoul.go.kr/UpisArchive/DATA/PM/pdf/11290NTC202506120004/%EC%84%B1%EB%B6%81%EA%B5%AC_%EC%A0%9C2025-87%ED%98%B8_%EA%B3%A0%EC%8B%9C.pdf,키워드 검색 후보이나 직접 관련성은 낮다.
23,광장동 삼성1차아파트 소규모재건축정비사업,서울도시공간포털,소규모재건축,candidate,10,low,2025-605,2025-05-30,청담현대1차아파트 소규모재건축정비사업 조합설립인가 및 지형도면 고시,https://urban.seoul.go.kr/view/ntfc/mapForm.pop?noticeCode=11680NTC202506230008,강남구_제2025-605호_고시.pdf,https://urban.seoul.go.kr/UpisArchive/DATA/PM/pdf/11680NTC202506230008/%EA%B0%95%EB%82%A8%EA%B5%AC_%EC%A0%9C2025-605%ED%98%B8_%EA%B3%A0%EC%8B%9C.pdf,키워드 검색 후보이나 직접 관련성은 낮다.
23,광장동 삼성1차아파트 소규모재건축정비사업,서울도시공간포털,소규모재건축,candidate,10,low,2024-75,2025-04-18,남구로역 대흥연립 소규모재건축정비사업 사업시행계획(변경)인가 고시,https://urban.seoul.go.kr/view/ntfc/mapForm.pop?noticeCode=11530NTC202508180003,구로구_제2024-75호_고시.pdf,https://urban.seoul.go.kr/UpisArchive/DATA/PM/pdf/11530TTC202508180003/%EA%B5%AC%EB%A1%9C%EA%B5%AC_%EC%A0%9C2024-75%ED%98%B8_%EA%B3%A0%EC%8B%9C.pdf,키워드 검색 후보이나 직접 관련성은 낮다.
23,광장동 삼성1차아파트 소규모재건축정비사업,서울도시공간포털,소규모재건축,candidate,10,low,2025-33,2025-04-17,창동대신빌라소규모재건축정비사업 지형도면 고시,https://urban.seoul.go.kr/view/ntfc/mapForm.pop?noticeCode=11320NTC202504280006,도봉구_제2025-33호_고시.pdf,https://urban.seoul.go.kr/UpisArchive/DATA/PM/pdf/11320NTC202504280006/%EB%8F%84%EB%B4%89%EA%B5%AC_%EC%A0%9C2025-33%ED%98%B8_%EA%B3%A0%EC%8B%9C.pdf,키워드 검색 후보이나 직접 관련성은 낮다.
23,광장동 삼성1차아파트 소규모재건축정비사업,서울도시공간포털,소규모재건축,candidate,10,low,2025-28,2025-04-10,창동대신빌라소규모재건축사업 사업시행계획인가 고시,https://urban.seoul.go.kr/view/ntfc/mapForm.pop?noticeCode=11320NTC202504100005,도봉구_제2025-28호_고시.pdf,https://urban.seoul.go.kr/UpisArchive/DATA/PM/pdf/11320NTC202504100005/%EB%8F%84%EB%B4%89%EA%B5%AC_%EC%A0%9C2025-28%ED%98%B8_%EA%B3%A0%EC%8B%9C.pdf,키워드 검색 후보이나 직접 관련성은 낮다.
23,광장동 삼성1차아파트 소규모재건축정비사업,서울도시공간포털,소규모재건축,candidate,10,low,2025-29,2025-03-20,극동강변아파트 소규모재건축정비사업 조합설립인가 및 지형도면 고시,https://urban.seoul.go.kr/view/ntfc/mapForm.pop?noticeCode=11590NTC202503260002,동작구_제2025-29호_고시.pdf,https://urban.seoul.go.kr/UpisArchive/DATA/PM/pdf/11590NTC202503260002/%EB%8F%99%EC%9E%91%EA%B5%AC_%EC%A0%9C2025-29%ED%98%B8_%EA%B3%A0%EC%8B%9C.pdf,키워드 검색 후보이나 직접 관련성은 낮다.
23,광장동 삼성1차아파트 소규모재건축정비사업,서울도시공간포털,소규모재건축,candidate,10,low,2024-222,2024-11-21,신성빌라 소규모재건축사업 관리처분계획(변경)인가,https://urban.seoul.go.kr/view/ntfc/mapForm.pop?noticeCode=11650NTC202512020004,서초구_제2024-222호_고시.pdf,https://urban.seoul.go.kr/UpisArchive/DATA/PM/pdf/11650TTC202512020004/%EC%84%9C%EC%B4%88%EA%B5%AC_%EC%A0%9C2024-222%ED%98%B8_%EA%B3%A0%EC%8B%9C.pdf,키워드 검색 후보이나 직접 관련성은 낮다.
23,광장동 삼성1차아파트 소규모재건축정비사업,서울도시공간포털,소규모재건축,candidate,10,low,2024-135,2024-11-15,보광연립 소규모재건축사업 사업시행(변경)인가 고시,https://urban.seoul.go.kr/view/ntfc/mapForm.pop?noticeCode=11305NTC202508070005,강북구_제2024-135호_고시.pdf,https://urban.seoul.go.kr/UpisArchive/DATA/PM/pdf/11305TTC202508070005/%EA%B0%95%EB%B6%81%EA%B5%AC_%EC%A0%9C2024-135%ED%98%B8_%EA%B3%A0%EC%8B%9C.pdf,키워드 검색 후보이나 직접 관련성은 낮다.
23,광장동 삼성1차아파트 소규모재건축정비사업,광진구청 고시공고(2025.9.이전),소규모재건축,candidate,10,low,,2025-08-22,중곡동 대원빌라 소규모재건축정비사업 조합설립인가를 위한 공람공고,https://www.gwangjin.go.kr/portal/bbs/B0000003/view.do?nttId=6415124&menuNo=201848&searchCnd=3&searchWrd=%EC%86%8C%EA%B7%9C%EB%AA%A8%EC%9E%AC%EA%B1%B4%EC%B6%95&deptId=101591&pSiteId=portal&pageIndex=1,공람공고문. pdf (255 KB); 공람의견서.h hwpx (32 KB),,키워드 검색 후보이나 직접 관련성은 낮다.
23,광장동 삼성1차아파트 소규모재건축정비사업,광진구청 고시공고(2025.9.이전),소규모재건축,candidate,10,low,서울특별시 광진구 고시 제 2023- 82 호,2023-08-09,자양아파트 소규모재건축사업 사업시행계획(관리처분계획)변경인가 고시,https://www.gwangjin.go.kr/portal/bbs/B0000003/view.do?nttId=6151443&menuNo=201848&searchCnd=3&searchWrd=%EC%86%8C%EA%B7%9C%EB%AA%A8%EC%9E%AC%EA%B1%B4%EC%B6%95&deptId=101591&pSiteId=portal&pageIndex=1,,,키워드 검색 후보이나 직접 관련성은 낮다.
23,광장동 삼성1차아파트 소규모재건축정비사업,광진구청 고시공고(2025.9.이전),소규모재건축,candidate,10,low,서울특별시 광진구 공고 제 2023 - 780 호,2023-07-07,자양아파트 소규모재건축사업 사업시행계획변경인가 (관리처분계획 변경)를 위한 공람·공고,https://www.gwangjin.go.kr/portal/bbs/B0000003/view.do?nttId=6101276&menuNo=201848&searchCnd=3&searchWrd=%EC%86%8C%EA%B7%9C%EB%AA%A8%EC%9E%AC%EA%B1%B4%EC%B6%95&deptId=101591&pSiteId=portal&pageIndex=1,,,키워드 검색 후보이나 직접 관련성은 낮다.
23,광장동 삼성1차아파트 소규모재건축정비사업,광진구청 고시공고(2025.9.이전),소규모재건축,candidate,10,low,광진구 고시 제2023-21호,2023-09-25,자양아파트 소규모재건축사업 준공인가 및 공사완료 고시,https://www.gwangjin.go.kr/portal/bbs/B0000003/view.do?nttId=6035462&menuNo=201848&searchCnd=3&searchWrd=%EC%86%8C%EA%B7%9C%EB%AA%A8%EC%9E%AC%EA%B1%B4%EC%B6%95&deptId=101591&pSiteId=portal&pageIndex=1,,,키워드 검색 후보이나 직접 관련성은 낮다.
28,자양번영로3나길 일대 가로주택정비사업,광진구청 고시공고(2025.9.이전),자양번영로,candidate,10,low,서울특별시 광진구 공고 제 2025- 922 호,2025-08-13,리모델링주택조합 변경인가 공고,https://www.gwangjin.go.kr/portal/bbs/B0000003/view.do?nttId=6414618&menuNo=201848&searchCnd=3&searchWrd=%EC%9E%90%EC%96%91%EB%B2%88%EC%98%81%EB%A1%9C&deptId=101591&pSiteId=portal&pageIndex=1,,,키워드 검색 후보이나 직접 관련성은 낮다.
28,자양번영로3나길 일대 가로주택정비사업,광진구청 고시공고(2025.9.이전),자양번영로,candidate,10,low,서울특별시 광진구 공고 제 2024-565 호,2024-05-08,자양우성1차아파트 리모델링주택조합(변경)인가 공고,https://www.gwangjin.go.kr/portal/bbs/B0000003/view.do?nttId=6279073&menuNo=201848&searchCnd=3&searchWrd=%EC%9E%90%EC%96%91%EB%B2%88%EC%98%81%EB%A1%9C&deptId=101591&pSiteId=portal&pageIndex=1,공고문. pdf (158 KB),,키워드 검색 후보이나 직접 관련성은 낮다.
28,자양번영로3나길 일대 가로주택정비사업,광진구청 고시공고(2025.9.이전),자양번영로,candidate,10,low,,2023-12-29,자양우성1차아파트 리모델링 주택사업 환경영향평가서(초안)공람·공고 및 주민설명회 개최 공고,https://www.gwangjin.go.kr/portal/bbs/B0000003/view.do?nttId=6196989&menuNo=201848&searchCnd=3&searchWrd=%EC%9E%90%EC%96%91%EB%B2%88%EC%98%81%EB%A1%9C&deptId=101591&pSiteId=portal&pageIndex=1,,,키워드 검색 후보이나 직접 관련성은 낮다.
28,자양번영로3나길 일대 가로주택정비사업,광진구청 고시공고(2025.9.이전),자양번영로,candidate,10,low,서울특별시 광진구 공고 제 2023-1250 호,2023-11-15,리모델링주택조합 변경인가 공고,https://www.gwangjin.go.kr/portal/bbs/B0000003/view.do?nttId=6171396&menuNo=201848&searchCnd=3&searchWrd=%EC%9E%90%EC%96%91%EB%B2%88%EC%98%81%EB%A1%9C&deptId=101591&pSiteId=portal&pageIndex=1,,,키워드 검색 후보이나 직접 관련성은 낮다.
5,"장미1,2,3차아파트 주택재건축정비사업 조합",official_probe,,no_candidate,0,none,,,,,,,공식 검색 프로브에서 직접 후보를 찾지 못함
