shortlist_id,source_group,source_label,rank,focus_area,district,project_name,source_title,source_file,source_ext,extraction_status,extraction_method,text_char_count,text_path,resolved_text,soffice_required,review_priority,text_quality_flag,extraction_error
,seoul_urban_notice,서울도시공간포털 고시 원문,1,잠실/송파,송파구,잠실5단지아파트 주택재건축정비사업조합,2024-432,data/urban/files/01-11710NTC202409230003-notice_file-서울특별시_제2024-432호_고시.pdf,pdf,extracted,pdf_text_layer,47847,data/urban/text/files/01-11710NTC202409230003-01-11710NTC202409230003-notice_file-서울특별시_제2024-432호_고시.txt,Y,N,P3_text_layer,text_layer,
,seoul_urban_notice,서울도시공간포털 고시 원문,2,강남,강남구,압구정아파트지구 특별계획구역② 재건축정비사업조합,2025-136,data/urban/files/02-11000NTC202504070006-notice_file-서울특별시_제2025-136호_고시.pdf,pdf,extracted,pdf_text_layer,55248,data/urban/text/files/02-11000NTC202504070006-02-11000NTC202504070006-notice_file-서울특별시_제2025-136호_고시.txt,Y,N,P3_text_layer,text_layer,
,seoul_urban_notice,서울도시공간포털 고시 원문,3,잠실/송파,송파구,잠실우성아파트 재건축정비사업조합,2015-401,data/urban/files/03-11000NTC201512177681-notice_file-서울특별시2015-401.HWP,hwp,extracted,hwp5_body_stream,6025,data/urban/text/files/03-11000NTC201512177681-03-11000NTC201512177681-notice_file-서울특별시2015-401.txt,Y,N,P2_hwp_direct_check,hwp5_direct_body_stream,
,seoul_urban_notice,서울도시공간포털 고시 원문,4,강남,강남구,은마아파트 재건축정비사업조합,2023-51,data/urban/files/04-11680NTC202303030002-notice_file-서울특별시_2023-51호_고시.pdf,pdf,extracted,pdf_text_layer,19242,data/urban/text/files/04-11680NTC202303030002-04-11680NTC202303030002-notice_file-서울특별시_2023-51호_고시.txt,Y,N,P3_text_layer,text_layer,
,seoul_urban_notice,서울도시공간포털 고시 원문,5,잠실/송파,송파구,"장미1,2,3차아파트 주택재건축정비사업 조합",2025-278,data/urban/files/05-11000NTC202505290003-notice_file-서울특별시_제2025-278호_고시.pdf,pdf,extracted,pdf_text_layer,8324,data/urban/text/files/05-11000NTC202505290003-05-11000NTC202505290003-notice_file-서울특별시_제2025-278호_고시.txt,Y,N,P3_text_layer,text_layer,
,seoul_urban_notice,서울도시공간포털 고시 원문,6,강남,강남구,대치우성1차아파트 재건축정비사업조합,2018-399,data/urban/files/06-11000NTC201812171410-notice_file-서울시고시-제2018-399호.pdf,pdf,extracted,pdf_text_layer,9341,data/urban/text/files/06-11000NTC201812171410-06-11000NTC201812171410-notice_file-서울시고시-제2018-399호.txt,Y,N,P3_text_layer,text_layer,
,seoul_urban_notice,서울도시공간포털 고시 원문,7,강남,강남구,대치쌍용2차아파트 주택재건축정비사업조합,2017-99,data/urban/files/07-11000NTC201707138200-notice_file-강남구2017-99.PDF,pdf,ocr_extracted,pdf_ocr,6285,data/urban/text/files/07-11000NTC201707138200-07-11000NTC201707138200-notice_file-강남구2017-99.txt,Y,N,P1_ocr_verify,pdf_image_ocr_verify,
,seoul_urban_notice,서울도시공간포털 고시 원문,8,강남,강남구,대치쌍용1차아파트 주택재건축정비사업조합,2021-203,data/urban/files/08-11680NTC202112010001-business-notice_file-강남구_2021-203호_고시.pdf,pdf,extracted,pdf_text_layer,6262,data/urban/text/files/08-11680NTC202112010001-08-11680NTC202112010001-business-notice_file-강남구_2021-203호_고시.txt,Y,N,P3_text_layer,text_layer,
,seoul_urban_notice,서울도시공간포털 고시 원문,8,강남,강남구,대치쌍용1차아파트 주택재건축정비사업조합,2025-644,data/urban/files/08-11000NTC202512190003-business-notice_file-서울특별시_제2025-644호_고시.pdf,pdf,extracted,pdf_text_layer,17026,data/urban/text/files/08-11000NTC202512190003-08-11000NTC202512190003-business-notice_file-서울특별시_제2025-644호_고시.txt,Y,N,P3_text_layer,text_layer,
,seoul_urban_notice,서울도시공간포털 고시 원문,8,강남,강남구,대치쌍용1차아파트 주택재건축정비사업조합,2025-644,data/urban/files/08-11000NTC202512190003-notice_file-서울특별시_제2025-644호_고시.pdf,pdf,extracted,pdf_text_layer,17026,data/urban/text/files/08-11000NTC202512190003-08-11000NTC202512190003-notice_file-서울특별시_제2025-644호_고시.txt,Y,N,P3_text_layer,text_layer,
,seoul_urban_notice,서울도시공간포털 고시 원문,9,잠실/송파,송파구,잠실우성4차 주택재건축정비사업조합,2017-239,data/urban/files/09-11000NTC201707068193-notice_file-서울특별시2017-239.PDF,pdf,extracted,pdf_text_layer,4368,data/urban/text/files/09-11000NTC201707068193-09-11000NTC201707068193-notice_file-서울특별시2017-239.txt,Y,N,P3_text_layer,text_layer,
,seoul_urban_notice,서울도시공간포털 고시 원문,9,잠실/송파,송파구,잠실우성4차 주택재건축정비사업조합,2021-671,data/urban/files/09-11000NTC202302220005-notice_file-서울특별시_2021-671호_고시.pdf,pdf,extracted,pdf_text_layer,4246,data/urban/text/files/09-11000NTC202302220005-09-11000NTC202302220005-notice_file-서울특별시_2021-671호_고시.txt,Y,N,P3_text_layer,text_layer,
,seoul_urban_notice,서울도시공간포털 고시 원문,9,잠실/송파,송파구,잠실우성4차 주택재건축정비사업조합,2026-49,data/urban/files/09-11000NTC202501230002-notice_file-서울특별시_제2026-49호_고시.pdf,pdf,extracted,pdf_text_layer,35216,data/urban/text/files/09-11000NTC202501230002-09-11000NTC202501230002-notice_file-서울특별시_제2026-49호_고시.txt,Y,N,P3_text_layer,text_layer,
,seoul_urban_notice,서울도시공간포털 고시 원문,10,강남,강남구,압구정아파트지구 특별계획구역③ 재건축정비사업 조합,2023-516,data/urban/files/10-11000NTC202312010004-notice_file-서울특별시_제2023-516호_고시.pdf,pdf,extracted,pdf_text_layer,7901,data/urban/text/files/10-11000NTC202312010004-10-11000NTC202312010004-notice_file-서울특별시_제2023-516호_고시.txt,Y,N,P3_text_layer,text_layer,
,seoul_urban_notice,서울도시공간포털 고시 원문,11,강남,강남구,압구정아파트지구 특별계획구역4,2023-516,data/urban/files/11-11000NTC202312010004-notice_file-서울특별시_제2023-516호_고시.pdf,pdf,extracted,pdf_text_layer,7901,data/urban/text/files/11-11000NTC202312010004-11-11000NTC202312010004-notice_file-서울특별시_제2023-516호_고시.txt,Y,N,P3_text_layer,text_layer,
,seoul_urban_notice,서울도시공간포털 고시 원문,12,강남,강남구,압구정아파트지구 특별계획구역5 재건축정비사업조합,2023-516,data/urban/files/12-11000NTC202312010004-notice_file-서울특별시_제2023-516호_고시.pdf,pdf,extracted,pdf_text_layer,7901,data/urban/text/files/12-11000NTC202312010004-12-11000NTC202312010004-notice_file-서울특별시_제2023-516호_고시.txt,Y,N,P3_text_layer,text_layer,
,seoul_urban_notice,서울도시공간포털 고시 원문,13,구의/광진,광진구,자양제7구역 주택재건축정비사업 조합,2018-268,data/urban/files/13-11000NTC201808300002-notice_file-서울특별시2018-268.HWP,hwp,extracted,hwp5_body_stream,8122,data/urban/text/files/13-11000NTC201808300002-13-11000NTC201808300002-notice_file-서울특별시2018-268.txt,Y,N,P2_hwp_direct_check,hwp5_direct_body_stream,
,gangnam_songpa_district_notice,강남·송파구청 고시공고 첨부,14,강남,강남구,"개포주공6,7단지아파트 재건축정비사업조합",제2024-57호,data/urban/files/14-gangnam-gu-53675-1-240426_개포주공67단지-정비계획-경미한변경-고시문-안.pdf,pdf,extracted,pdf_text_layer,19369,data/urban/text/files/14-53675-14-gangnam-gu-53675-1-240426_개포주공67단지-정비계획-경미한변경-고시문-안.txt,Y,N,P3_text_layer,text_layer,
,seoul_urban_notice,서울도시공간포털 고시 원문,14,강남,강남구,"개포주공6,7단지아파트 재건축정비사업조합",2017-431,data/urban/files/14-11000NTC201804262948-notice_file-서울특별시2017-431.HWP,hwp,hwp_ocr_extracted,hwp_binaries_ocr,16152,data/urban/text/files/14-11000NTC201804262948-14-11000NTC201804262948-notice_file-서울특별시2017-431.txt,Y,N,P1_ocr_verify,hwp_image_ocr_verify,
,seoul_urban_notice,서울도시공간포털 고시 원문,15,강남,강남구,압구정한양7차아파트 재건축정비사업조합,2023-516,data/urban/files/15-11000NTC202312010004-notice_file-서울특별시_제2023-516호_고시.pdf,pdf,extracted,pdf_text_layer,7901,data/urban/text/files/15-11000NTC202312010004-15-11000NTC202312010004-notice_file-서울특별시_제2023-516호_고시.txt,Y,N,P3_text_layer,text_layer,
,seoul_urban_notice,서울도시공간포털 고시 원문,16,잠실/송파,송파구,가락1차현대아파트 재건축정비사업 조합,2021-88,data/urban/files/16-11000NTC202105100001-notice_file-송파구_2021-88호_고시.pdf,pdf,ocr_extracted,pdf_ocr,12363,data/urban/text/files/16-11000NTC202105100001-16-11000NTC202105100001-notice_file-송파구_2021-88호_고시.txt,Y,N,P1_ocr_verify,pdf_image_ocr_verify,
,seoul_urban_notice,서울도시공간포털 고시 원문,17,잠실/송파,송파구,송파한양2차아파트 재건축정비사업 조합,2025-239,data/urban/files/17-11000NTC202506170006-business-notice_file-서울특별시_제2025-239호_고시.pdf,pdf,ocr_extracted,pdf_ocr,33847,data/urban/text/files/17-11000NTC202506170006-17-11000NTC202506170006-business-notice_file-서울특별시_제2025-239호_고시.txt,Y,N,P1_ocr_verify,pdf_image_ocr_verify,
,seoul_urban_notice,서울도시공간포털 고시 원문,17,잠실/송파,송파구,송파한양2차아파트 재건축정비사업 조합,2024-178,data/urban/files/17-11000NTC202404180001-notice_file-서울특별시_제2024-178호_고시.pdf,pdf,ocr_extracted,pdf_ocr,6110,data/urban/text/files/17-11000NTC202404180001-17-11000NTC202404180001-notice_file-서울특별시_제2024-178호_고시.txt,Y,N,P1_ocr_verify,pdf_image_ocr_verify,
,seoul_urban_notice,서울도시공간포털 고시 원문,18,잠실/송파,송파구,송파미성아파트 재건축정비사업조합,2021-146,data/urban/files/18-11710NTC202104230008-business-notice_file-서울특별시_2021-146호_고시.pdf,pdf,extracted,pdf_text_layer,12455,data/urban/text/files/18-11710NTC202104230008-18-11710NTC202104230008-business-notice_file-서울특별시_2021-146호_고시.txt,Y,N,P3_text_layer,text_layer,
,seoul_urban_notice,서울도시공간포털 고시 원문,18,잠실/송파,송파구,송파미성아파트 재건축정비사업조합,2021-146,data/urban/files/18-11710NTC202104230008-notice_file-서울특별시_2021-146호_고시.pdf,pdf,extracted,pdf_text_layer,12455,data/urban/text/files/18-11710NTC202104230008-18-11710NTC202104230008-notice_file-서울특별시_2021-146호_고시.txt,Y,N,P3_text_layer,text_layer,
,seoul_urban_notice,서울도시공간포털 고시 원문,19,잠실/송파,송파구,대림가락아파트 재건축정비사업조합,2021-551,data/urban/files/19-11000NTC202111260001-notice_file-서울특별시_2021-551호_고시.pdf,pdf,ocr_extracted,pdf_ocr,15504,data/urban/text/files/19-11000NTC202111260001-19-11000NTC202111260001-notice_file-서울특별시_2021-551호_고시.txt,Y,N,P1_ocr_verify,pdf_image_ocr_verify,
,seoul_urban_notice,서울도시공간포털 고시 원문,20,잠실/송파,송파구,마천1재정비촉진구역 주택재개발정비사업조합,1973-470,data/urban/files/20-11000NTC197312011134-notice_file-건설부470.PDF,pdf,ocr_extracted,pdf_ocr,982,data/urban/text/files/20-11000NTC197312011134-20-11000NTC197312011134-notice_file-건설부470.txt,Y,N,P1_ocr_verify,pdf_image_ocr_verify,
,seoul_urban_notice,서울도시공간포털 고시 원문,20,잠실/송파,송파구,마천1재정비촉진구역 주택재개발정비사업조합,2026-298,data/urban/files/20-11000NTC202606080004-notice_file-서울특별시_제2026-298호_고시문.pdf,pdf,extracted,pdf_text_layer,33795,data/urban/text/files/20-11000NTC202606080004-20-11000NTC202606080004-notice_file-서울특별시_제2026-298호_고시문.txt,Y,N,P3_text_layer,text_layer,
,seoul_urban_notice,서울도시공간포털 고시 원문,21,잠실/송파,송파구,가락삼익맨숀아파트 재건축정비사업 조합,2020-111,data/urban/files/21-11710NTC202010230006-notice_file-송파구_2020-111호_고시.pdf,pdf,extracted,pdf_text_layer,13621,data/urban/text/files/21-11710NTC202010230006-21-11710NTC202010230006-notice_file-송파구_2020-111호_고시.txt,Y,N,P3_text_layer,text_layer,
,seoul_urban_notice,서울도시공간포털 고시 원문,22,구의/광진,광진구,중곡아파트 주택재건축정비사업조합,2014-382,data/urban/files/22-11000NTC201411137333-notice_file-서울특별시2014-382.HWP,hwp,extracted,hwp5_body_stream,5035,data/urban/text/files/22-11000NTC201411137333-22-11000NTC201411137333-notice_file-서울특별시2014-382.txt,Y,N,P2_hwp_direct_check,hwp5_direct_body_stream,
,gwangjin_district_notice,광진구청 고시공고 첨부,24,구의/광진,광진구,워커힐아파트1단지 재건축정비사업 조합설립추진위원회,워커힐아파트 일대 도시관리계획 수립 전략환경영향평가 항목・범위 등의 결정 내용 공개,data/urban/files/24-B0000378-16413-gwangjin-gu-1-붙임2-주민의견제출서.pdf,pdf,extracted,pdf_text_layer,224,data/urban/text/gwangjin-gu/files/24-B0000378-16413-1-24-B0000378-16413-gwangjin-gu-1-붙임2-주민의견제출서.txt,Y,N,P2_short_form,short_form_or_cover_page,
,gwangjin_district_notice,광진구청 고시공고 첨부,24,구의/광진,광진구,워커힐아파트1단지 재건축정비사업 조합설립추진위원회,워커힐아파트 일대 도시관리계획 수립 전략환경영향평가 항목・범위 등의 결정 내용 공개,data/urban/files/24-B0000378-16413-gwangjin-gu-2-붙임1-워커힐아파트-일대-도시관리계획수립-전략환경영향평가-항목-범위-등의-결정내용.pdf,pdf,extracted,pdf_text_layer,26472,data/urban/text/gwangjin-gu/files/24-B0000378-16413-2-24-B0000378-16413-gwangjin-gu-2-붙임1-워커힐아파트-일대-도시관리계획수립-전략환경영향평가-항목-범위-등의-결정내용.txt,Y,N,P3_text_layer,text_layer,
,gwangjin_district_notice,광진구청 고시공고 첨부,24,구의/광진,광진구,워커힐아파트1단지 재건축정비사업 조합설립추진위원회,워커힐아파트 일대 도시관리계획 수립 전략환경영향평가 항목・범위 등의 결정 내용 공개,data/urban/files/24-B0000378-16413-gwangjin-gu-3-공고문.pdf,pdf,extracted,pdf_text_layer,46,data/urban/text/gwangjin-gu/files/24-B0000378-16413-3-24-B0000378-16413-gwangjin-gu-3-공고문.txt,Y,N,P2_short_form,short_form_or_cover_page,
,gwangjin_district_notice,광진구청 고시공고 첨부,24,구의/광진,광진구,워커힐아파트1단지 재건축정비사업 조합설립추진위원회,도시관리계획(워커힐아파트 일대 지구단위계획구역 지정 및 계획) 결정(안) 주민 열람공고,data/urban/files/24-B0000378-16096-gwangjin-gu-1-공고문.hwpx,hwpx,extracted,hwpx_zip_xml,965,data/urban/text/gwangjin-gu/files/24-B0000378-16096-1-24-B0000378-16096-gwangjin-gu-1-공고문.txt,Y,N,P3_text_layer,hwpx_xml_text,
,gwangjin_district_notice,광진구청 고시공고 첨부,24,구의/광진,광진구,워커힐아파트1단지 재건축정비사업 조합설립추진위원회,도시관리계획(워커힐아파트 일대 지구단위계획구역 지정 및 계획) 결정(안) 주민 열람공고,data/urban/files/24-B0000378-16096-gwangjin-gu-2-공람의견서-서식.hwp,hwp,extracted,hwp5_body_stream,192,data/urban/text/gwangjin-gu/files/24-B0000378-16096-2-24-B0000378-16096-gwangjin-gu-2-공람의견서-서식.txt,Y,N,P2_short_form,short_form_or_cover_page,
,gwangjin_district_notice,광진구청 고시공고 첨부,25,구의/광진,광진구,한양연립 일대 가로주택정비사업,사업시행계획인가(정정) 고시,data/urban/gwangjin-gu-notice-html/25-B0000003-6031295.html,html,extracted,html_preserved_text,8266,data/urban/text/gwangjin-gu/html/25-B0000003-6031295.txt,Y,N,P3_text_layer,html_preserved_text,
,gwangjin_district_notice,광진구청 고시공고 첨부,25,구의/광진,광진구,한양연립 일대 가로주택정비사업,사업시행계획변경인가 고시,data/urban/gwangjin-gu-notice-html/25-B0000003-6186353.html,html,extracted,html_preserved_text,8272,data/urban/text/gwangjin-gu/html/25-B0000003-6186353.txt,Y,N,P3_text_layer,html_preserved_text,
,gwangjin_district_notice,광진구청 고시공고 첨부,25,구의/광진,광진구,한양연립 일대 가로주택정비사업,사업시행계획변경인가 공람공고,data/urban/gwangjin-gu-notice-html/25-B0000003-6171163.html,html,extracted,html_preserved_text,8456,data/urban/text/gwangjin-gu/html/25-B0000003-6171163.txt,Y,N,P3_text_layer,html_preserved_text,
,gwangjin_district_notice,광진구청 고시공고 첨부,25,구의/광진,광진구,한양연립 일대 가로주택정비사업,건설공사 안전점검 수행기관 지정 모집공고,data/urban/gwangjin-gu-notice-html/25-B0000003-6209808.html,html,extracted,html_preserved_text,8276,data/urban/text/gwangjin-gu/html/25-B0000003-6209808.txt,Y,N,P3_text_layer,html_preserved_text,
,gwangjin_district_notice,광진구청 고시공고 첨부,25,구의/광진,광진구,한양연립 일대 가로주택정비사업,건설공사 안전점검 수행기관 지정 결과,data/urban/gwangjin-gu-notice-html/25-B0000003-6213254.html,html,extracted,html_preserved_text,8095,data/urban/text/gwangjin-gu/html/25-B0000003-6213254.txt,Y,N,P3_text_layer,html_preserved_text,
,seoul_urban_notice,서울도시공간포털 고시 원문,25,구의/광진,광진구,한양연립 일대 가로주택정비사업,2024-282,data/urban/files/25-11000NTC202407080004-notice_file-서울특별시_제2024-282호_고시.pdf,pdf,ocr_extracted,pdf_ocr,25773,data/urban/text/files/25-11000NTC202407080004-25-11000NTC202407080004-notice_file-서울특별시_제2024-282호_고시.txt,Y,N,P1_ocr_verify,pdf_image_ocr_verify,
,seoul_urban_notice,서울도시공간포털 고시 원문,26,구의/광진,광진구,자양한양아파트 재건축정비사업,2024-267,data/urban/files/26-11215NTC202406040002-notice_file-서울특별시_제2024-267호_고시.pdf,pdf,extracted,pdf_text_layer,17180,data/urban/text/files/26-11215NTC202406040002-26-11215NTC202406040002-notice_file-서울특별시_제2024-267호_고시.txt,Y,N,P3_text_layer,text_layer,
,gwangjin_district_notice,광진구청 고시공고 첨부,27,구의/광진,광진구,광장극동아파트 재건축사업 (신속통합기획),광장극동아파트 재건축사업 정비계획 수립 및 정비구역 지정(안) 공람·공고(정정),data/urban/files/27-B0000003-6410141-gwangjin-gu-1-공고문_정정.pdf,pdf,extracted,pdf_text_layer,23034,data/urban/text/gwangjin-gu/files/27-B0000003-6410141-1-27-B0000003-6410141-gwangjin-gu-1-공고문_정정.txt,Y,N,P3_text_layer,text_layer,
,gwangjin_district_notice,광진구청 고시공고 첨부,27,구의/광진,광진구,광장극동아파트 재건축사업 (신속통합기획),광장극동아파트 재건축사업 정비계획 수립 및 정비구역 지정(안) 재공람・공고,data/urban/files/27-B0000378-15811-gwangjin-gu-1-1-재공람공고문_광장극동아파트-재건축사업.pdf,pdf,extracted,pdf_text_layer,25322,data/urban/text/gwangjin-gu/files/27-B0000378-15811-1-27-B0000378-15811-gwangjin-gu-1-1-재공람공고문_광장극동아파트-재건축사업.txt,Y,N,P3_text_layer,text_layer,
,gwangjin_district_notice,광진구청 고시공고 첨부,27,구의/광진,광진구,광장극동아파트 재건축사업 (신속통합기획),광장극동아파트 재건축사업 정비계획 수립 및 정비구역 지정(안) 재공람・공고,data/urban/files/27-B0000378-15811-gwangjin-gu-2-2-재공람의견서_광장극동아파트-재건축사업.hwpx,hwpx,extracted,hwpx_zip_xml,195,data/urban/text/gwangjin-gu/files/27-B0000378-15811-2-27-B0000378-15811-gwangjin-gu-2-2-재공람의견서_광장극동아파트-재건축사업.txt,Y,N,P2_short_form,short_form_or_cover_page,
,gwangjin_district_notice,광진구청 고시공고 첨부,27,구의/광진,광진구,광장극동아파트 재건축사업 (신속통합기획),광장극동아파트 재건축사업 조합(직접)설립 주민협의체 위원장 모집 공고,data/urban/files/27-B0000378-15174-gwangjin-gu-1-1-조합설립-주민협의체-위원장-모집-공고문_광장극동아파트-재건축사업.pdf,pdf,extracted,pdf_text_layer,5853,data/urban/text/gwangjin-gu/files/27-B0000378-15174-1-27-B0000378-15174-gwangjin-gu-1-1-조합설립-주민협의체-위원장-모집-공고문_광장극동아파트-재건축사업.txt,Y,N,P3_text_layer,text_layer,
,gwangjin_district_notice,광진구청 고시공고 첨부,27,구의/광진,광진구,광장극동아파트 재건축사업 (신속통합기획),광장극동아파트 재건축사업 조합설립계획 공고,data/urban/files/27-B0000378-15155-gwangjin-gu-1-조합설립계획-공고문_광장극동.hwpx,hwpx,extracted,hwpx_zip_xml,3268,data/urban/text/gwangjin-gu/files/27-B0000378-15155-1-27-B0000378-15155-gwangjin-gu-1-조합설립계획-공고문_광장극동.txt,Y,N,P3_text_layer,hwpx_xml_text,
,gwangjin_district_notice,광진구청 고시공고 첨부,27,구의/광진,광진구,광장극동아파트 재건축사업 (신속통합기획),광장극동아파트 재건축사업 조합직접설립 주민협의체 주민대표(부위원장) 당선인 및 위원 선임 공고,data/urban/files/27-B0000378-15460-gwangjin-gu-1-조합설립-부위원장-당선인-및-위원-선임-공고_광장극동.pdf,pdf,extracted,pdf_text_layer,1589,data/urban/text/gwangjin-gu/files/27-B0000378-15460-1-27-B0000378-15460-gwangjin-gu-1-조합설립-부위원장-당선인-및-위원-선임-공고_광장극동.txt,Y,N,P3_text_layer,text_layer,
,seoul_urban_notice,서울도시공간포털 고시 원문,27,구의/광진,광진구,광장극동아파트 재건축사업 (신속통합기획),2026-249,data/urban/files/27-11215NTC202509240002-business-notice_file--정정-고시문-제2026-308호-_260604_오기정정.pdf,pdf,extracted,pdf_text_layer,3107,data/urban/text/files/27-11215NTC202509240002-27-11215NTC202509240002-business-notice_file--정정-고시문-제2026-308호-_260604_오기정정.txt,Y,N,P3_text_layer,text_layer,
,gwangjin_district_notice,광진구청 고시공고 첨부,29,구의/광진,광진구,자양1의4구역 가로주택정비사업,자양1의4구역 가로주택정비사업(자양4동 249-2 일대) 조합설립(변경)인가 공고,data/urban/files/29-B0000003-6357990-gwangjin-gu-1-직인날인-조합설립-변경-인가-공고문.pdf,pdf,ocr_extracted,pdf_ocr,682,data/urban/text/gwangjin-gu/files/29-B0000003-6357990-1-29-B0000003-6357990-gwangjin-gu-1-직인날인-조합설립-변경-인가-공고문.txt,Y,N,P1_ocr_verify,pdf_image_ocr_verify,
,gwangjin_district_notice,광진구청 고시공고 첨부,29,구의/광진,광진구,자양1의4구역 가로주택정비사업,자양1의4구역 가로주택정비사업(자양4동 249-2 일대) 조합설립(변경)인가를 위한 공람 · 공고,data/urban/files/29-B0000003-6353195-gwangjin-gu-1-공람공고문-안.pdf,pdf,ocr_extracted,pdf_ocr,779,data/urban/text/gwangjin-gu/files/29-B0000003-6353195-1-29-B0000003-6353195-gwangjin-gu-1-공람공고문-안.txt,Y,N,P1_ocr_verify,pdf_image_ocr_verify,
,gwangjin_district_notice,광진구청 고시공고 첨부,29,구의/광진,광진구,자양1의4구역 가로주택정비사업,자양1의4구역 가로주택정비사업(자양4동 249-2 일대) 조합설립(변경)인가를 위한 공람 · 공고,data/urban/files/29-B0000003-6353195-gwangjin-gu-2-공람의견서.hwpx,hwpx,extracted,hwpx_zip_xml,187,data/urban/text/gwangjin-gu/files/29-B0000003-6353195-2-29-B0000003-6353195-gwangjin-gu-2-공람의견서.txt,Y,N,P2_short_form,short_form_or_cover_page,
,seoul_urban_notice,서울도시공간포털 고시 원문,30,구의/광진,광진구,자양4동 A구역 주택재개발사업,2025-356,data/urban/files/30-11215NTC202505200003-notice_file-서울특별시_제2025-356호_고시.pdf,pdf,extracted,pdf_text_layer,33872,data/urban/text/files/30-11215NTC202505200003-30-11215NTC202505200003-notice_file-서울특별시_제2025-356호_고시.txt,Y,N,P3_text_layer,text_layer,
exp-short-gd-cheonho3,seoul_urban_notice,서울도시공간포털 고시 원문,,강동권,강동구,천호3구역,2025-194,data/urban/expansion-files/exp-short-gd-cheonho3-11740NTC202511180006-notice_file-강동구_제2025-194호_고시.pdf,pdf,extracted,pdf_text_layer,9063,data/urban/text/files/exp-short-gd-cheonho3-11740NTC202511180006-exp-short-gd-cheonho3-11740NTC202511180006-notice_file-강동구_제2025-194호_고시.txt,Y,N,P3_text_layer,text_layer,
exp-short-gd-gildong43,seoul_urban_notice,서울도시공간포털 고시 원문,,강동권,강동구,주택재건축정비구역,2020-55,data/urban/expansion-files/exp-short-gd-gildong43-11000NTC202004280008-notice_file-강동구_제2020-55호_고시.pdf,pdf,extracted,pdf_text_layer,4785,data/urban/text/files/exp-short-gd-gildong43-11000NTC202004280008-exp-short-gd-gildong43-11000NTC202004280008-notice_file-강동구_제2020-55호_고시.txt,Y,N,P3_text_layer,text_layer,
exp-short-gd-seongnaemiju,seoul_urban_notice,서울도시공간포털 고시 원문,,강동권,강동구,성내미주아파트 주택재건축정비사업,2016-123,data/urban/expansion-files/exp-short-gd-seongnaemiju-11000NTC201608247852-notice_file-강동구2016-123.PDF,pdf,extracted,pdf_text_layer,3090,data/urban/text/files/exp-short-gd-seongnaemiju-11000NTC201608247852-exp-short-gd-seongnaemiju-11000NTC201608247852-notice_file-강동구2016-123.txt,Y,N,P3_text_layer,text_layer,
exp-short-gd-sindonga12,seoul_urban_notice,서울도시공간포털 고시 원문,,강동권,강동구,신동아1·2차아파트 주택재건축 정비사업,2025-48,data/urban/expansion-files/exp-short-gd-sindonga12-11740NTC202504220008-notice_file-강동구_제2025-48호_고시.pdf,pdf,extracted,pdf_text_layer,4824,data/urban/text/files/exp-short-gd-sindonga12-11740NTC202504220008-exp-short-gd-sindonga12-11740NTC202504220008-notice_file-강동구_제2025-48호_고시.txt,Y,N,P3_text_layer,text_layer,
exp-short-ys-geumho14-1,seoul_urban_notice,서울도시공간포털 고시 원문,,약수동 주변,성동구,금호 제14-1 주택재개발 정비사업,2023-13,data/urban/expansion-files/exp-short-ys-geumho14-1-11200NTC202302270005-notice_file-성동구_2023-13호_고시.pdf,pdf,ocr_extracted,pdf_ocr,10339,data/urban/text/files/exp-short-ys-geumho14-1-11200NTC202302270005-exp-short-ys-geumho14-1-11200NTC202302270005-notice_file-성동구_2023-13호_고시.txt,Y,N,P3_ocr_rechecked,pdf_image_ocr_rechecked,
exp-short-ys-sindang8,seoul_urban_notice,서울도시공간포털 고시 원문,,약수동 주변,중구,신당 제8구역 주택재개발정비사업,2023-6,data/urban/expansion-files/exp-short-ys-sindang8-11140NTC202302130001-notice_file-중구_2023-6호_고시.pdf,pdf,ocr_extracted,pdf_ocr,15654,data/urban/text/files/exp-short-ys-sindang8-11140NTC202302130001-exp-short-ys-sindang8-11140NTC202302130001-notice_file-중구_2023-6호_고시.txt,Y,N,P3_ocr_rechecked,pdf_image_ocr_rechecked,
exp-short-ys-sindang9,seoul_urban_notice,서울도시공간포털 고시 원문,,약수동 주변,중구,신당 제9주택재개발정비구역,2021-102,data/urban/expansion-files/exp-short-ys-sindang9-11140NTC202109170002-notice_file-중구_2021-102호_고시.pdf,pdf,ocr_extracted,pdf_ocr,10298,data/urban/text/files/exp-short-ys-sindang9-11140NTC202109170002-exp-short-ys-sindang9-11140NTC202109170002-notice_file-중구_2021-102호_고시.txt,Y,N,P3_ocr_rechecked,pdf_image_ocr_rechecked,
