queue_rank,priority,rank,focus_area,district,project_name,field_id,field_label,current_value,issue_type,candidate_status,candidate_source_type,candidate_source_label,candidate_field,candidate_value,candidate_match_level,candidate_source_url,candidate_source_path,candidate_note
1,P0,20,잠실/송파,송파구,마천1재정비촉진구역 주택재개발정비사업조합,building_coverage_ratio_pct,건폐율,50,wrong_source_image,candidate_value_mismatch,cleanup_project_summary,정보몽땅 사업개요,building_coverage_ratio_pct,26,mismatch,https://cleanup.seoul.go.kr/cafe/mastr-cleanup-bsnsSumry/execute.do?cafeId=710900000742i64&stepSeCode=102&div=sumry,data/cleanup/project-summaries-priority-candidates.json,정보몽땅 사업개요 값이 현재값과 다르다. 기준일 또는 필드 정의 확인 필요.
2,P0,20,잠실/송파,송파구,마천1재정비촉진구역 주택재개발정비사업조합,district_area_sqm,정비구역 면적,"159,816.7",wrong_source_image,candidate_value_mismatch,cleanup_project_summary,정보몽땅 사업개요,district_area_sqm,"148,498",mismatch,https://cleanup.seoul.go.kr/cafe/mastr-cleanup-bsnsSumry/execute.do?cafeId=710900000742i64&stepSeCode=102&div=sumry,data/cleanup/project-summaries-priority-candidates.json,정보몽땅 사업개요 값이 현재값과 다르다. 기준일 또는 필드 정의 확인 필요.
3,P0,20,잠실/송파,송파구,마천1재정비촉진구역 주택재개발정비사업조합,floor_area_ratio_pct,용적률,277.88,wrong_source_image,candidate_value_mismatch,cleanup_project_summary,정보몽땅 사업개요,floor_area_ratio_pct,218,mismatch,https://cleanup.seoul.go.kr/cafe/mastr-cleanup-bsnsSumry/execute.do?cafeId=710900000742i64&stepSeCode=102&div=sumry,data/cleanup/project-summaries-priority-candidates.json,정보몽땅 사업개요 값이 현재값과 다르다. 기준일 또는 필드 정의 확인 필요.
4,P0,20,잠실/송파,송파구,마천1재정비촉진구역 주택재개발정비사업조합,floors,층수,지상:49/지하:미확인,wrong_source_image,candidate_value_mismatch,cleanup_project_summary,정보몽땅 사업개요,floors,지상:25/지하:3,mismatch,https://cleanup.seoul.go.kr/cafe/mastr-cleanup-bsnsSumry/execute.do?cafeId=710900000742i64&stepSeCode=102&div=sumry,data/cleanup/project-summaries-priority-candidates.json,정보몽땅 사업개요 값이 현재값과 다르다. 기준일 또는 필드 정의 확인 필요.
5,P0,20,잠실/송파,송파구,마천1재정비촉진구역 주택재개발정비사업조합,max_height_m,최고높이,160,wrong_source_image,candidate_value_mismatch,cleanup_project_summary,정보몽땅 사업개요,max_height_m,100,mismatch,https://cleanup.seoul.go.kr/cafe/mastr-cleanup-bsnsSumry/execute.do?cafeId=710900000742i64&stepSeCode=102&div=sumry,data/cleanup/project-summaries-priority-candidates.json,정보몽땅 사업개요 값이 현재값과 다르다. 기준일 또는 필드 정의 확인 필요.
6,P0,23,구의/광진,광진구,광장동 삼성1차아파트 소규모재건축정비사업,district_area_sqm,정비구역 면적,"7,653",recordcode_notice_link_required,direct_value_match,cleanup_project_summary,정보몽땅 사업개요,district_area_sqm,"7,653",exact,https://cleanup.seoul.go.kr/cafe/mastr-cleanup-bsnsSumry/execute.do?cafeId=215900000929v34&stepSeCode=102&div=sumry,data/cleanup/project-summaries-priority-candidates.json,정보몽땅 사업개요의 구조화 값이 현재값과 일치한다.
7,P0,23,구의/광진,광진구,광장동 삼성1차아파트 소규모재건축정비사업,floor_area_ratio_pct,용적률,300,recordcode_notice_link_required,direct_value_match,cleanup_project_summary,정보몽땅 사업개요,floor_area_ratio_pct,300,exact,https://cleanup.seoul.go.kr/cafe/mastr-cleanup-bsnsSumry/execute.do?cafeId=215900000929v34&stepSeCode=102&div=sumry,data/cleanup/project-summaries-priority-candidates.json,정보몽땅 사업개요의 구조화 값이 현재값과 일치한다.
8,P0,28,구의/광진,광진구,자양번영로3나길 일대 가로주택정비사업,district_area_sqm,정비구역 면적,"2,307.5",recordcode_notice_link_required,direct_value_match,cleanup_project_summary,정보몽땅 사업개요,district_area_sqm,"2,307.5",exact,https://cleanup.seoul.go.kr/cafe/mastr-cleanup-bsnsSumry/execute.do?cafeId=215900001146M77&stepSeCode=102&div=sumry,data/cleanup/project-summaries-priority-candidates.json,정보몽땅 사업개요의 구조화 값이 현재값과 일치한다.
9,P0,28,구의/광진,광진구,자양번영로3나길 일대 가로주택정비사업,floor_area_ratio_pct,용적률,295,recordcode_notice_link_required,direct_value_match,cleanup_project_summary,정보몽땅 사업개요,floor_area_ratio_pct,295,exact,https://cleanup.seoul.go.kr/cafe/mastr-cleanup-bsnsSumry/execute.do?cafeId=215900001146M77&stepSeCode=102&div=sumry,data/cleanup/project-summaries-priority-candidates.json,정보몽땅 사업개요의 구조화 값이 현재값과 일치한다.
10,P0,23,구의/광진,광진구,광장동 삼성1차아파트 소규모재건축정비사업,building_coverage_ratio_pct,건폐율,20,source_text_missing,direct_value_match,cleanup_project_summary,정보몽땅 사업개요,building_coverage_ratio_pct,20,exact,https://cleanup.seoul.go.kr/cafe/mastr-cleanup-bsnsSumry/execute.do?cafeId=215900000929v34&stepSeCode=102&div=sumry,data/cleanup/project-summaries-priority-candidates.json,정보몽땅 사업개요의 구조화 값이 현재값과 일치한다.
11,P0,23,구의/광진,광진구,광장동 삼성1차아파트 소규모재건축정비사업,floors,층수,지상:40/지하:3,source_text_missing,direct_value_match,cleanup_project_summary,정보몽땅 사업개요,floors,지상:40/지하:3,exact,https://cleanup.seoul.go.kr/cafe/mastr-cleanup-bsnsSumry/execute.do?cafeId=215900000929v34&stepSeCode=102&div=sumry,data/cleanup/project-summaries-priority-candidates.json,정보몽땅 사업개요의 구조화 값이 현재값과 일치한다.
12,P0,23,구의/광진,광진구,광장동 삼성1차아파트 소규모재건축정비사업,max_height_m,최고높이,0,source_text_missing,direct_value_match,cleanup_project_summary,정보몽땅 사업개요,max_height_m,0,exact,https://cleanup.seoul.go.kr/cafe/mastr-cleanup-bsnsSumry/execute.do?cafeId=215900000929v34&stepSeCode=102&div=sumry,data/cleanup/project-summaries-priority-candidates.json,정보몽땅 사업개요의 구조화 값이 현재값과 일치한다.
13,P0,23,구의/광진,광진구,광장동 삼성1차아파트 소규모재건축정비사업,total_households,총 세대수,185,source_text_missing,direct_value_match,cleanup_project_summary,정보몽땅 사업개요,total_households,185,exact,https://cleanup.seoul.go.kr/cafe/mastr-cleanup-bsnsSumry/execute.do?cafeId=215900000929v34&stepSeCode=102&div=sumry,data/cleanup/project-summaries-priority-candidates.json,정보몽땅 사업개요의 구조화 값이 현재값과 일치한다.
14,P0,28,구의/광진,광진구,자양번영로3나길 일대 가로주택정비사업,building_coverage_ratio_pct,건폐율,23,source_text_missing,direct_value_match,cleanup_project_summary,정보몽땅 사업개요,building_coverage_ratio_pct,23,exact,https://cleanup.seoul.go.kr/cafe/mastr-cleanup-bsnsSumry/execute.do?cafeId=215900001146M77&stepSeCode=102&div=sumry,data/cleanup/project-summaries-priority-candidates.json,정보몽땅 사업개요의 구조화 값이 현재값과 일치한다.
15,P0,28,구의/광진,광진구,자양번영로3나길 일대 가로주택정비사업,floors,층수,지상:20/지하:3,source_text_missing,direct_value_match,cleanup_project_summary,정보몽땅 사업개요,floors,지상:20/지하:3,exact,https://cleanup.seoul.go.kr/cafe/mastr-cleanup-bsnsSumry/execute.do?cafeId=215900001146M77&stepSeCode=102&div=sumry,data/cleanup/project-summaries-priority-candidates.json,정보몽땅 사업개요의 구조화 값이 현재값과 일치한다.
16,P0,28,구의/광진,광진구,자양번영로3나길 일대 가로주택정비사업,max_height_m,최고높이,58,source_text_missing,direct_value_match,cleanup_project_summary,정보몽땅 사업개요,max_height_m,58,exact,https://cleanup.seoul.go.kr/cafe/mastr-cleanup-bsnsSumry/execute.do?cafeId=215900001146M77&stepSeCode=102&div=sumry,data/cleanup/project-summaries-priority-candidates.json,정보몽땅 사업개요의 구조화 값이 현재값과 일치한다.
17,P1,17,잠실/송파,송파구,송파한양2차아파트 재건축정비사업 조합,max_height_m,최고높이,96,wrong_source_image,candidate_value_mismatch,cleanup_project_summary,정보몽땅 사업개요,max_height_m,130,mismatch,https://cleanup.seoul.go.kr/cafe/mastr-cleanup-bsnsSumry/execute.do?cafeId=710900000132y43&stepSeCode=102&div=sumry,data/cleanup/project-summaries-priority-candidates.json,정보몽땅 사업개요 값이 현재값과 다르다. 기준일 또는 필드 정의 확인 필요.
18,P1,15,강남,강남구,압구정한양7차아파트 재건축정비사업조합,district_area_sqm,정비구역 면적,"16,437.1",recordcode_notice_link_required,direct_value_match,cleanup_project_summary,정보몽땅 사업개요,district_area_sqm,"16,437.1",exact,https://cleanup.seoul.go.kr/cafe/mastr-cleanup-bsnsSumry/execute.do?cafeId=680100003000s45&stepSeCode=102&div=sumry,data/cleanup/project-summaries-priority-candidates.json,정보몽땅 사업개요의 구조화 값이 현재값과 일치한다.
19,P1,15,강남,강남구,압구정한양7차아파트 재건축정비사업조합,notice_no,고시번호,2023-516,recordcode_notice_link_required,direct_value_match,local_official_notice_text,로컬 고시 텍스트,notice_no,2023-516,exact,,data/urban/text/files/15-11000NTC202312010004-15-11000NTC202312010004-notice_file-서울특별시_제2023-516호_고시.txt,현재 큐에 연결된 로컬 고시 텍스트의 파일명 또는 본문에서 고시번호/고시일이 현재값과 일치한다. recordCode 또는 원문 URL 보강은 계속 필요하다.
20,P1,24,구의/광진,광진구,워커힐아파트1단지 재건축정비사업 조합설립추진위원회,district_area_sqm,정비구역 면적,"89,878",recordcode_notice_link_required,direct_value_match,cleanup_project_summary,정보몽땅 사업개요,district_area_sqm,"89,878",exact,https://cleanup.seoul.go.kr/cafe/mastr-cleanup-bsnsSumry/execute.do?cafeId=215900001363i54&stepSeCode=101&div=sumry,data/cleanup/project-summaries-priority-candidates.json,정보몽땅 사업개요의 구조화 값이 현재값과 일치한다.
