queue_rank,task_id,rank,focus_area,district,project_name,current_stage,risk_signal_level,evidence_grade,priority,task_type,task_title,why_now,source_to_open,fields_to_verify,expected_output,related_public_items,project_note
1,02-crosscheck_cost_infrastructure,2,강남,강남구,압구정아파트지구 특별계획구역② 재건축정비사업조합,조합설립인가,very_high,B,P0,crosscheck_cost_infrastructure,비용·기반시설 공개항목 원문 대조,비용·분담금 또는 기반시설 신호는 장기 가능성과 조합원 부담 리스크를 동시에 바꾸는 핵심 변수임,analysis/cleanup-board-review-queue.md; 정비사업 정보몽땅 공개항목; 고시 결정조서,공공기여; 정비기반시설; 도로/공원/전력; 공사비; 분담금; 임대주택 매각금액,사업별 메모의 비용/기반시설 리스크를 원문 수치와 연결,"P0 2026-06-15 정비기반시설 설치공사비 산출, 국공유지무상양도협의 및 임대주택 매각금액 산정 용역업체 선정 입찰공고 / P0 2026-06-15 공공디자인 심의 용역업체 선정 입찰공고 / P0 2026-06-15 지하차도(소로1-A) 설계 용역업체 선정 입찰공고",project-notes/02-apgujeong2.md
2,10-crosscheck_cost_infrastructure,10,강남,강남구,압구정아파트지구 특별계획구역③ 재건축정비사업 조합,조합설립인가,very_high,B,P0,crosscheck_cost_infrastructure,비용·기반시설 공개항목 원문 대조,비용·분담금 또는 기반시설 신호는 장기 가능성과 조합원 부담 리스크를 동시에 바꾸는 핵심 변수임,analysis/cleanup-board-review-queue.md; 정비사업 정보몽땅 공개항목; 고시 결정조서,공공기여; 정비기반시설; 도로/공원/전력; 공사비; 분담금; 임대주택 매각금액,사업별 메모의 비용/기반시설 리스크를 원문 수치와 연결,"P0 2025-12-30 지하차도(소로 1-A, 중로 1-C) 설계 용역업체 선정 입찰공고 / P0 2025-12-30 소방설계 용역업체 선정 입찰공고 / P0 2025-12-30 환경영향평가 용역업체 선정 입찰공고",project-notes/10-apgujeong3.md
3,04-crosscheck_cost_infrastructure,4,강남,강남구,은마아파트 재건축정비사업조합,조합설립인가,very_high,A,P0,crosscheck_cost_infrastructure,비용·기반시설 공개항목 원문 대조,비용·분담금 또는 기반시설 신호는 장기 가능성과 조합원 부담 리스크를 동시에 바꾸는 핵심 변수임,analysis/cleanup-board-review-queue.md; 정비사업 정보몽땅 공개항목; 고시 결정조서,공공기여; 정비기반시설; 도로/공원/전력; 공사비; 분담금; 임대주택 매각금액,사업별 메모의 비용/기반시설 리스크를 원문 수치와 연결,"P0 2026-02-12 저류시설 관련 방류펌프, 토출관로 설계 등 용역업체 선정을 위한 입찰공고 / P0 2026-04-17 전력계통영향평가 용역업체 선정을 위한 입찰공고 / P0 2025-12-18 정비계획 변경 수립을 위한 도시계획 등 용역업체 선정을 위한 입찰공고",project-notes/04-the-eunma.md
4,01-crosscheck_cost_infrastructure,1,잠실/송파,송파구,잠실5단지아파트 주택재건축정비사업조합,조합설립인가,very_high,A,P0,crosscheck_cost_infrastructure,비용·기반시설 공개항목 원문 대조,비용·분담금 또는 기반시설 신호는 장기 가능성과 조합원 부담 리스크를 동시에 바꾸는 핵심 변수임,analysis/cleanup-board-review-queue.md; 정비사업 정보몽땅 공개항목; 고시 결정조서,공공기여; 정비기반시설; 도로/공원/전력; 공사비; 분담금; 임대주택 매각금액,사업별 메모의 비용/기반시설 리스크를 원문 수치와 연결,"P0 2025-09-23 정비기반시설(출입구,환기구,통신구등) 이설 설계업체 선정 입찰공고 / P0 2025-09-23 정비기반시설 공공청사 및 근린생활시설 건축설계 업체 선정 입찰 공고 / P0 2025-12-16 정비계획 변경에 따른 추정분담금 산정",project-notes/01-jamsil5apt.md
5,05-crosscheck_cost_infrastructure,5,잠실/송파,송파구,"장미1,2,3차아파트 주택재건축정비사업 조합",조합설립인가,very_high,B,P0,crosscheck_cost_infrastructure,비용·기반시설 공개항목 원문 대조,비용·분담금 또는 기반시설 신호는 장기 가능성과 조합원 부담 리스크를 동시에 바꾸는 핵심 변수임,analysis/cleanup-board-review-queue.md; 정비사업 정보몽땅 공개항목; 고시 결정조서,공공기여; 정비기반시설; 도로/공원/전력; 공사비; 분담금; 임대주택 매각금액,사업별 메모의 비용/기반시설 리스크를 원문 수치와 연결,"P0 2024-06-14 소규모 지하안전평가 및 지하철영향성 검토, 도로설계 협력업체 선정 입찰 공고 / P0 2025-10-27 교육환경영향평가 협력업체 선정 입찰 공고 / P0 2025-09-09 우수박스 이설 설계 협력업체 선정 입찰 공고",project-notes/05-jmapt1.md
6,16-crosscheck_cost_infrastructure,16,잠실/송파,송파구,가락1차현대아파트 재건축정비사업 조합,사업시행인가,very_high,B,P0,crosscheck_cost_infrastructure,비용·기반시설 공개항목 원문 대조,비용·분담금 또는 기반시설 신호는 장기 가능성과 조합원 부담 리스크를 동시에 바꾸는 핵심 변수임,analysis/cleanup-board-review-queue.md; 정비사업 정보몽땅 공개항목; 고시 결정조서,공공기여; 정비기반시설; 도로/공원/전력; 공사비; 분담금; 임대주택 매각금액,사업별 메모의 비용/기반시설 리스크를 원문 수치와 연결,P0 2026-06-12 세무·회계업체 선정 입찰 공고 / P0 2026-06-12 HUG보증 대행업체 선정 입찰 공고 / P0 2026-06-12 관리처분계획 타당성 검증 대행업체 선정 입찰 공고,project-notes/16-hyundai.md
7,03-crosscheck_cost_infrastructure,3,잠실/송파,송파구,잠실우성아파트 재건축정비사업조합,조합설립인가,very_high,B,P0,crosscheck_cost_infrastructure,비용·기반시설 공개항목 원문 대조,비용·분담금 또는 기반시설 신호는 장기 가능성과 조합원 부담 리스크를 동시에 바꾸는 핵심 변수임,analysis/cleanup-board-review-queue.md; 정비사업 정보몽땅 공개항목; 고시 결정조서,공공기여; 정비기반시설; 도로/공원/전력; 공사비; 분담금; 임대주택 매각금액,사업별 메모의 비용/기반시설 리스크를 원문 수치와 연결,P0 2026-02-13 잠실우성아파트 재건축정비사업 정비기반시설(도로) 설계 용역업체 선정 입찰공고 (서울시 공공디자인 심의 포함) / P0 2025-04-30 잠실우성아파트 재건축정비사업 정비기반시설(공원) 설계 업체 선정 재입찰공고 / P0 2025-04-04 잠실우성아파트 재건축정비사업 조합 정비기반시설(공원)설계 업체 선정 입찰공고,project-notes/03-q1qk5nf6.md
8,09-resolve_stage_value_conflict,9,잠실/송파,송파구,잠실우성4차 주택재건축정비사업조합,관리처분인가,very_high,B,P0,resolve_stage_value_conflict,사업시행/관리처분 수치 시점차 확정,관리처분·사업시행 단계 수치가 사업개요와 고시/공개항목 사이에서 달라 비교표 해석이 흔들림,analysis/management-stage-fact-check.md; project-notes,사업시행인가일; 관리처분인가일; 총세대수; 용적률; 공사비/분담금 관련 공개항목,비교 매트릭스의 시점별 수치 주석과 사업별 메모 보강,P0 2026-03-25 이주비 대출을 위한 금융기관 선정 입찰 공고문 / P0 2025-12-24 명도소송 관련 업무를 위한 협력업체(변호사 등) 선정 입찰공고 / P0 2025-11-18 범죄예방 및 이주관리를 위한 협력업체 선정 입찰공고,project-notes/09-tw2w7iwv.md
9,21-resolve_stage_value_conflict,21,잠실/송파,송파구,가락삼익맨숀아파트 재건축정비사업 조합,관리처분인가,very_high,B,P0,resolve_stage_value_conflict,사업시행/관리처분 수치 시점차 확정,관리처분·사업시행 단계 수치가 사업개요와 고시/공개항목 사이에서 달라 비교표 해석이 흔들림,analysis/management-stage-fact-check.md; project-notes,사업시행인가일; 관리처분인가일; 총세대수; 용적률; 공사비/분담금 관련 공개항목,비교 매트릭스의 시점별 수치 주석과 사업별 메모 보강,P0 2025-07-30 HUG(주택도시보증공사) 이주비·사업비 대출 보증 행정대행 용역업체 선정 입찰 재공고 / P0 2025-07-18 HUG(주택도시보증공사) 이주비·사업비 대출 보증 행정대행 용역업체 선정 입찰 공고 / P0 2026-02-13 건축물 해체계획서 작성·인허가 및 석면해체·제거공사 감리 용역 선정 입찰공고,project-notes/21-grsamik.md
10,14-crosscheck_cost_infrastructure,14,강남,강남구,"개포주공6,7단지아파트 재건축정비사업조합",사업시행인가,very_high,A,P0,crosscheck_cost_infrastructure,비용·기반시설 공개항목 원문 대조,비용·분담금 또는 기반시설 신호는 장기 가능성과 조합원 부담 리스크를 동시에 바꾸는 핵심 변수임,analysis/cleanup-board-review-queue.md; 정비사업 정보몽땅 공개항목; 고시 결정조서,공공기여; 정비기반시설; 도로/공원/전력; 공사비; 분담금; 임대주택 매각금액,사업별 메모의 비용/기반시설 리스크를 원문 수치와 연결,P0 2026-01-23 주택도시보증공사(HUG) 정비사업비(이주비/사업비) 대출보증 행정대행용역 입찰공고 / P0 2026-05-13 재해영향평가용역 협력업체 선정 입찰공고 / P0 2026-01-23 명도 소송 등의 변호사 선정 입찰공고,project-notes/14-gaepo6_7.md
11,21-crosscheck_cost_infrastructure,21,잠실/송파,송파구,가락삼익맨숀아파트 재건축정비사업 조합,관리처분인가,very_high,B,P0,crosscheck_cost_infrastructure,비용·기반시설 공개항목 원문 대조,비용·분담금 또는 기반시설 신호는 장기 가능성과 조합원 부담 리스크를 동시에 바꾸는 핵심 변수임,analysis/cleanup-board-review-queue.md; 정비사업 정보몽땅 공개항목; 고시 결정조서,공공기여; 정비기반시설; 도로/공원/전력; 공사비; 분담금; 임대주택 매각금액,사업별 메모의 비용/기반시설 리스크를 원문 수치와 연결,P0 2025-07-30 HUG(주택도시보증공사) 이주비·사업비 대출 보증 행정대행 용역업체 선정 입찰 재공고 / P0 2025-07-18 HUG(주택도시보증공사) 이주비·사업비 대출 보증 행정대행 용역업체 선정 입찰 공고 / P0 2026-02-13 건축물 해체계획서 작성·인허가 및 석면해체·제거공사 감리 용역 선정 입찰공고,project-notes/21-grsamik.md
12,16-verify_ocr_numbers,16,잠실/송파,송파구,가락1차현대아파트 재건축정비사업 조합,사업시행인가,very_high,B,P0,verify_ocr_numbers,OCR 원문 수치 대조,OCR 텍스트는 숫자·단위 오류 가능성이 있어 확정 수치로 쓰기 전 원문 이미지 대조가 필요함,data/urban/text/files/16-11000NTC202105100001-16-11000NTC202105100001-notice_file-송파구_2021-88호_고시.txt,area; far; households; infrastructure; public_contribution,OCR 스니펫을 원문 이미지와 대조하고 확정/보류 필드 표시,P0 2026-06-12 세무·회계업체 선정 입찰 공고 / P0 2026-06-12 HUG보증 대행업체 선정 입찰 공고 / P0 2026-06-12 관리처분계획 타당성 검증 대행업체 선정 입찰 공고,project-notes/16-hyundai.md
13,20-verify_ocr_numbers,20,잠실/송파,송파구,마천1재정비촉진구역 주택재개발정비사업조합,조합설립인가,very_high,B,P0,verify_ocr_numbers,OCR 원문 수치 대조,OCR 텍스트는 숫자·단위 오류 가능성이 있어 확정 수치로 쓰기 전 원문 이미지 대조가 필요함,data/urban/text/files/20-11000NTC197312011134-20-11000NTC197312011134-notice_file-건설부470.txt,area; far; households,OCR 스니펫을 원문 이미지와 대조하고 확정/보류 필드 표시,"P0 2026-03-05 협력업체[이주관리 및 세입자조사, 범죄예방] 선정 입찰공고 / P0 2026-04-16 회계 세무업무 대행업체 입찰 공고 / P0 2025-09-08 재정비촉진계획(정비계획) 변경의 입안 제안에 관한 동의서 징구 홍보요원 및 전산요원 채용공고",project-notes/20-macheon-1.md
14,13-crosscheck_cost_infrastructure,13,구의/광진,광진구,자양제7구역 주택재건축정비사업 조합,조합설립인가,very_high,A,P0,crosscheck_cost_infrastructure,비용·기반시설 공개항목 원문 대조,비용·분담금 또는 기반시설 신호는 장기 가능성과 조합원 부담 리스크를 동시에 바꾸는 핵심 변수임,analysis/cleanup-board-review-queue.md; 정비사업 정보몽땅 공개항목; 고시 결정조서,공공기여; 정비기반시설; 도로/공원/전력; 공사비; 분담금; 임대주택 매각금액,사업별 메모의 비용/기반시설 리스크를 원문 수치와 연결,P0 2024-02-17 주택재건축 정비구역 지정 변경 및 지형도면 변경을 위한 추정분담금 산출 / P0 2024-01-15 주택재건축 정비구역 지정 변경 및 지형도면 변경을 위한 추정분담금 산출 / P0 2025-05-21 도시·주거환경정비 기본계획 및 정비계획(중대한) 변경 용역업체 선정 입찰 공고,project-notes/13-jayang7.md
15,05-connect_recordcode_original_notice,5,잠실/송파,송파구,"장미1,2,3차아파트 주택재건축정비사업 조합",조합설립인가,very_high,B,P0,connect_recordcode_original_notice,recordCode·고시 원문 연결,지도/사업구역 레이어와 고시 원문 연결이 약하면 진행단계와 수치의 공식 근거가 불안정함,서울도시공간포털 지도; 자치구 고시공고; analysis/source-evidence-audit.md,recordCode; noticeCode; 고시번호; 고시일; 구역명; 면적,고시 원문 또는 자치구 원문 URL/로컬 파일 연결,"P0 2024-06-14 소규모 지하안전평가 및 지하철영향성 검토, 도로설계 협력업체 선정 입찰 공고 / P0 2025-10-27 교육환경영향평가 협력업체 선정 입찰 공고 / P0 2025-09-09 우수박스 이설 설계 협력업체 선정 입찰 공고",project-notes/05-jmapt1.md
16,26-crosscheck_cost_infrastructure,26,구의/광진,광진구,자양한양아파트 재건축정비사업,추진위원회승인,very_high,B,P0,crosscheck_cost_infrastructure,비용·기반시설 공개항목 원문 대조,비용·분담금 또는 기반시설 신호는 장기 가능성과 조합원 부담 리스크를 동시에 바꾸는 핵심 변수임,analysis/cleanup-board-review-queue.md; 정비사업 정보몽땅 공개항목; 고시 결정조서,공공기여; 정비기반시설; 도로/공원/전력; 공사비; 분담금; 임대주택 매각금액,사업별 메모의 비용/기반시설 리스크를 원문 수치와 연결,P0 2026-06-08 조합설립동의서 징구 전 추정분담금 산정 및 검증 / P0 2025-10-13 추정분담금 산정 용역업체 선정 입찰마감 연기 공고 / P0 2025-09-23 추정분담금 산정 용역업체 선정 입찰 공고,project-notes/26-jyhy2024.md
17,23-connect_recordcode_original_notice,23,구의/광진,광진구,광장동 삼성1차아파트 소규모재건축정비사업,조합설립인가,high,D,P0,connect_recordcode_original_notice,recordCode·고시 원문 연결,지도/사업구역 레이어와 고시 원문 연결이 약하면 진행단계와 수치의 공식 근거가 불안정함,서울도시공간포털 지도; 자치구 고시공고; analysis/source-evidence-audit.md,recordCode; noticeCode; 고시번호; 고시일; 구역명; 면적,고시 원문 또는 자치구 원문 URL/로컬 파일 연결,"P1 2022-05-27 변호사(법률자문, 명도소송, 소유권이전등기소송) 선정 입찰 공고 / P1 2023-04-07 감정평가법인등 선정 입찰 공고 / P1 2022-05-27 설계자 선정 입찰 공고",project-notes/23-j15171517.md
18,28-connect_recordcode_original_notice,28,구의/광진,광진구,자양번영로3나길 일대 가로주택정비사업,조합설립인가,high,D,P0,connect_recordcode_original_notice,recordCode·고시 원문 연결,지도/사업구역 레이어와 고시 원문 연결이 약하면 진행단계와 수치의 공식 근거가 불안정함,서울도시공간포털 지도; 자치구 고시공고; analysis/source-evidence-audit.md,recordCode; noticeCode; 고시번호; 고시일; 구역명; 면적,고시 원문 또는 자치구 원문 URL/로컬 파일 연결,P2 2025-03-11 2025년 민간공사원가자문 서비스 안내 / P3 2024-11-01 2030 서울특별시 도시주거환경정비기본계획 “찾아가는 주민설명회” 자치구별 일정/장소 안내 / P3 2026-02-27 [26/2/27 마감] 세계유산법 시행령 일부 개정령안 관련 의견제출 안내,project-notes/28-jayang588-22.md
19,01-promote_snippets_to_confirmed_values,1,잠실/송파,송파구,잠실5단지아파트 주택재건축정비사업조합,조합설립인가,very_high,A,P1,promote_snippets_to_confirmed_values,원문 스니펫 확정 수치 승격,비교표에 이미 자동 추출 수치가 있으나 최종 비교 기준으로 쓰려면 원문 문맥 확인이 필요함,data/urban/text/files/01-11710NTC202409230003-01-11710NTC202409230003-notice_file-서울특별시_제2024-432호_고시.txt,area; far; households; infrastructure; public_contribution,구역면적·세대수·용적률·공공기여 수치의 confirmed/pending 표시,"P0 2025-09-23 정비기반시설(출입구,환기구,통신구등) 이설 설계업체 선정 입찰공고 / P0 2025-09-23 정비기반시설 공공청사 및 근린생활시설 건축설계 업체 선정 입찰 공고 / P0 2025-12-16 정비계획 변경에 따른 추정분담금 산정",project-notes/01-jamsil5apt.md
20,02-promote_snippets_to_confirmed_values,2,강남,강남구,압구정아파트지구 특별계획구역② 재건축정비사업조합,조합설립인가,very_high,B,P1,promote_snippets_to_confirmed_values,원문 스니펫 확정 수치 승격,비교표에 이미 자동 추출 수치가 있으나 최종 비교 기준으로 쓰려면 원문 문맥 확인이 필요함,data/urban/text/files/02-11000NTC202504070006-02-11000NTC202504070006-notice_file-서울특별시_제2025-136호_고시.txt,area; far; households; infrastructure; public_contribution,구역면적·세대수·용적률·공공기여 수치의 confirmed/pending 표시,"P0 2026-06-15 정비기반시설 설치공사비 산출, 국공유지무상양도협의 및 임대주택 매각금액 산정 용역업체 선정 입찰공고 / P0 2026-06-15 공공디자인 심의 용역업체 선정 입찰공고 / P0 2026-06-15 지하차도(소로1-A) 설계 용역업체 선정 입찰공고",project-notes/02-apgujeong2.md
21,03-promote_snippets_to_confirmed_values,3,잠실/송파,송파구,잠실우성아파트 재건축정비사업조합,조합설립인가,very_high,B,P1,promote_snippets_to_confirmed_values,원문 스니펫 확정 수치 승격,비교표에 이미 자동 추출 수치가 있으나 최종 비교 기준으로 쓰려면 원문 문맥 확인이 필요함,data/urban/text/files/03-11000NTC201512177681-03-11000NTC201512177681-notice_file-서울특별시2015-401.txt,area; far; households; infrastructure; public_contribution,구역면적·세대수·용적률·공공기여 수치의 confirmed/pending 표시,P0 2026-02-13 잠실우성아파트 재건축정비사업 정비기반시설(도로) 설계 용역업체 선정 입찰공고 (서울시 공공디자인 심의 포함) / P0 2025-04-30 잠실우성아파트 재건축정비사업 정비기반시설(공원) 설계 업체 선정 재입찰공고 / P0 2025-04-04 잠실우성아파트 재건축정비사업 조합 정비기반시설(공원)설계 업체 선정 입찰공고,project-notes/03-q1qk5nf6.md
22,04-promote_snippets_to_confirmed_values,4,강남,강남구,은마아파트 재건축정비사업조합,조합설립인가,very_high,A,P1,promote_snippets_to_confirmed_values,원문 스니펫 확정 수치 승격,비교표에 이미 자동 추출 수치가 있으나 최종 비교 기준으로 쓰려면 원문 문맥 확인이 필요함,data/urban/text/files/04-11680NTC202303030002-04-11680NTC202303030002-notice_file-서울특별시_2023-51호_고시.txt,area; far; households; infrastructure; public_contribution,구역면적·세대수·용적률·공공기여 수치의 confirmed/pending 표시,"P0 2026-02-12 저류시설 관련 방류펌프, 토출관로 설계 등 용역업체 선정을 위한 입찰공고 / P0 2026-04-17 전력계통영향평가 용역업체 선정을 위한 입찰공고 / P0 2025-12-18 정비계획 변경 수립을 위한 도시계획 등 용역업체 선정을 위한 입찰공고",project-notes/04-the-eunma.md
23,05-fill_missing_core_fields,5,잠실/송파,송파구,"장미1,2,3차아파트 주택재건축정비사업 조합",조합설립인가,very_high,B,P1,fill_missing_core_fields,비교 핵심 수치 공란 보강,세대수·용적률·층수 등 핵심 필드가 비어 있으면 사업장 간 비교가 약해짐,project-notes; data/urban/text/notice-key-fields.csv; 정비사업 정보몽땅 사업개요,total_households; floor_area_ratio; building_coverage_ratio; max_height; floors,공란 수치의 원문 기반 보강 또는 미공개 사유 기록,"P0 2024-06-14 소규모 지하안전평가 및 지하철영향성 검토, 도로설계 협력업체 선정 입찰 공고 / P0 2025-10-27 교육환경영향평가 협력업체 선정 입찰 공고 / P0 2025-09-09 우수박스 이설 설계 협력업체 선정 입찰 공고",project-notes/05-jmapt1.md
24,05-promote_snippets_to_confirmed_values,5,잠실/송파,송파구,"장미1,2,3차아파트 주택재건축정비사업 조합",조합설립인가,very_high,B,P1,promote_snippets_to_confirmed_values,원문 스니펫 확정 수치 승격,비교표에 이미 자동 추출 수치가 있으나 최종 비교 기준으로 쓰려면 원문 문맥 확인이 필요함,data/urban/text/files/05-11000NTC202505290003-05-11000NTC202505290003-notice_file-서울특별시_제2025-278호_고시.txt,area; far; households; infrastructure; public_contribution,구역면적·세대수·용적률·공공기여 수치의 confirmed/pending 표시,"P0 2024-06-14 소규모 지하안전평가 및 지하철영향성 검토, 도로설계 협력업체 선정 입찰 공고 / P0 2025-10-27 교육환경영향평가 협력업체 선정 입찰 공고 / P0 2025-09-09 우수박스 이설 설계 협력업체 선정 입찰 공고",project-notes/05-jmapt1.md
25,09-promote_snippets_to_confirmed_values,9,잠실/송파,송파구,잠실우성4차 주택재건축정비사업조합,관리처분인가,very_high,B,P1,promote_snippets_to_confirmed_values,원문 스니펫 확정 수치 승격,비교표에 이미 자동 추출 수치가 있으나 최종 비교 기준으로 쓰려면 원문 문맥 확인이 필요함,data/urban/text/files/09-11000NTC201707068193-09-11000NTC201707068193-notice_file-서울특별시2017-239.txt,area; far; households; infrastructure; public_contribution,구역면적·세대수·용적률·공공기여 수치의 confirmed/pending 표시,P0 2026-03-25 이주비 대출을 위한 금융기관 선정 입찰 공고문 / P0 2025-12-24 명도소송 관련 업무를 위한 협력업체(변호사 등) 선정 입찰공고 / P0 2025-11-18 범죄예방 및 이주관리를 위한 협력업체 선정 입찰공고,project-notes/09-tw2w7iwv.md
26,10-promote_snippets_to_confirmed_values,10,강남,강남구,압구정아파트지구 특별계획구역③ 재건축정비사업 조합,조합설립인가,very_high,B,P1,promote_snippets_to_confirmed_values,원문 스니펫 확정 수치 승격,비교표에 이미 자동 추출 수치가 있으나 최종 비교 기준으로 쓰려면 원문 문맥 확인이 필요함,data/cleanup/files/apgujeong3-official/summary-20260623.html,area; far; households; infrastructure; public_contribution,구역면적·세대수·용적률·공공기여 수치의 confirmed/pending 표시,"P0 2025-12-30 지하차도(소로 1-A, 중로 1-C) 설계 용역업체 선정 입찰공고 / P0 2025-12-30 소방설계 용역업체 선정 입찰공고 / P0 2025-12-30 환경영향평가 용역업체 선정 입찰공고",project-notes/10-apgujeong3.md
27,13-promote_snippets_to_confirmed_values,13,구의/광진,광진구,자양제7구역 주택재건축정비사업 조합,조합설립인가,very_high,A,P1,promote_snippets_to_confirmed_values,원문 스니펫 확정 수치 승격,비교표에 이미 자동 추출 수치가 있으나 최종 비교 기준으로 쓰려면 원문 문맥 확인이 필요함,data/urban/text/files/13-11000NTC201808300002-13-11000NTC201808300002-notice_file-서울특별시2018-268.txt,area; far; households; infrastructure; public_contribution,구역면적·세대수·용적률·공공기여 수치의 confirmed/pending 표시,P0 2024-02-17 주택재건축 정비구역 지정 변경 및 지형도면 변경을 위한 추정분담금 산출 / P0 2024-01-15 주택재건축 정비구역 지정 변경 및 지형도면 변경을 위한 추정분담금 산출 / P0 2025-05-21 도시·주거환경정비 기본계획 및 정비계획(중대한) 변경 용역업체 선정 입찰 공고,project-notes/13-jayang7.md
28,14-promote_snippets_to_confirmed_values,14,강남,강남구,"개포주공6,7단지아파트 재건축정비사업조합",사업시행인가,very_high,A,P1,promote_snippets_to_confirmed_values,원문 스니펫 확정 수치 승격,비교표에 이미 자동 추출 수치가 있으나 최종 비교 기준으로 쓰려면 원문 문맥 확인이 필요함,data/urban/text/files/14-53675-14-gangnam-gu-53675-1-240426_개포주공67단지-정비계획-경미한변경-고시문-안.txt,area; far; households; infrastructure; public_contribution,구역면적·세대수·용적률·공공기여 수치의 confirmed/pending 표시,P0 2026-01-23 주택도시보증공사(HUG) 정비사업비(이주비/사업비) 대출보증 행정대행용역 입찰공고 / P0 2026-05-13 재해영향평가용역 협력업체 선정 입찰공고 / P0 2026-01-23 명도 소송 등의 변호사 선정 입찰공고,project-notes/14-gaepo6_7.md
29,16-promote_snippets_to_confirmed_values,16,잠실/송파,송파구,가락1차현대아파트 재건축정비사업 조합,사업시행인가,very_high,B,P1,promote_snippets_to_confirmed_values,원문 스니펫 확정 수치 승격,비교표에 이미 자동 추출 수치가 있으나 최종 비교 기준으로 쓰려면 원문 문맥 확인이 필요함,data/urban/text/files/16-11000NTC202105100001-16-11000NTC202105100001-notice_file-송파구_2021-88호_고시.txt,area; far; households; infrastructure; public_contribution,구역면적·세대수·용적률·공공기여 수치의 confirmed/pending 표시,P0 2026-06-12 세무·회계업체 선정 입찰 공고 / P0 2026-06-12 HUG보증 대행업체 선정 입찰 공고 / P0 2026-06-12 관리처분계획 타당성 검증 대행업체 선정 입찰 공고,project-notes/16-hyundai.md
30,21-promote_snippets_to_confirmed_values,21,잠실/송파,송파구,가락삼익맨숀아파트 재건축정비사업 조합,관리처분인가,very_high,B,P1,promote_snippets_to_confirmed_values,원문 스니펫 확정 수치 승격,비교표에 이미 자동 추출 수치가 있으나 최종 비교 기준으로 쓰려면 원문 문맥 확인이 필요함,data/urban/text/files/21-11710NTC202010230006-21-11710NTC202010230006-notice_file-송파구_2020-111호_고시.txt,area; far; households; infrastructure; public_contribution,구역면적·세대수·용적률·공공기여 수치의 confirmed/pending 표시,P0 2025-07-30 HUG(주택도시보증공사) 이주비·사업비 대출 보증 행정대행 용역업체 선정 입찰 재공고 / P0 2025-07-18 HUG(주택도시보증공사) 이주비·사업비 대출 보증 행정대행 용역업체 선정 입찰 공고 / P0 2026-02-13 건축물 해체계획서 작성·인허가 및 석면해체·제거공사 감리 용역 선정 입찰공고,project-notes/21-grsamik.md
31,26-promote_snippets_to_confirmed_values,26,구의/광진,광진구,자양한양아파트 재건축정비사업,추진위원회승인,very_high,B,P1,promote_snippets_to_confirmed_values,원문 스니펫 확정 수치 승격,비교표에 이미 자동 추출 수치가 있으나 최종 비교 기준으로 쓰려면 원문 문맥 확인이 필요함,data/urban/text/files/26-11215NTC202406040002-26-11215NTC202406040002-notice_file-서울특별시_제2024-267호_고시.txt,area; far; households; infrastructure; public_contribution,구역면적·세대수·용적률·공공기여 수치의 confirmed/pending 표시,P0 2026-06-08 조합설립동의서 징구 전 추정분담금 산정 및 검증 / P0 2025-10-13 추정분담금 산정 용역업체 선정 입찰마감 연기 공고 / P0 2025-09-23 추정분담금 산정 용역업체 선정 입찰 공고,project-notes/26-jyhy2024.md
32,20-promote_snippets_to_confirmed_values,20,잠실/송파,송파구,마천1재정비촉진구역 주택재개발정비사업조합,조합설립인가,very_high,B,P1,promote_snippets_to_confirmed_values,원문 스니펫 확정 수치 승격,비교표에 이미 자동 추출 수치가 있으나 최종 비교 기준으로 쓰려면 원문 문맥 확인이 필요함,data/urban/text/files/20-11000NTC202606080004-20-11000NTC202606080004-notice_file-서울특별시_제2026-298호_고시문.txt,area; far; households,구역면적·세대수·용적률·공공기여 수치의 confirmed/pending 표시,"P0 2026-03-05 협력업체[이주관리 및 세입자조사, 범죄예방] 선정 입찰공고 / P0 2026-04-16 회계 세무업무 대행업체 입찰 공고 / P0 2025-09-08 재정비촉진계획(정비계획) 변경의 입안 제안에 관한 동의서 징구 홍보요원 및 전산요원 채용공고",project-notes/20-macheon-1.md
33,07-verify_ocr_numbers,7,강남,강남구,대치쌍용2차아파트 주택재건축정비사업조합,사업시행인가,high,B,P1,verify_ocr_numbers,OCR 원문 수치 대조,OCR 텍스트는 숫자·단위 오류 가능성이 있어 확정 수치로 쓰기 전 원문 이미지 대조가 필요함,data/urban/text/files/07-11000NTC201707138200-07-11000NTC201707138200-notice_file-강남구2017-99.txt,area; far; households; infrastructure; public_contribution,OCR 스니펫을 원문 이미지와 대조하고 확정/보류 필드 표시,P1 2015-08-25 건축심의 및 사업시행(변경)인가 등을 위한 협력업체 선정공고 / P1 2015-02-05 설계자선정 입찰공고 / P1 2015-03-06 법무사 및 세무.회계사선정 입찰 수정공고,project-notes/07-ssang2.md
34,11-crosscheck_cost_infrastructure,11,강남,강남구,압구정아파트지구 특별계획구역4,조합설립인가,high,B,P1,crosscheck_cost_infrastructure,비용·기반시설 공개항목 원문 대조,비용·분담금 또는 기반시설 신호는 장기 가능성과 조합원 부담 리스크를 동시에 바꾸는 핵심 변수임,analysis/cleanup-board-review-queue.md; 정비사업 정보몽땅 공개항목; 고시 결정조서,공공기여; 정비기반시설; 도로/공원/전력; 공사비; 분담금; 임대주택 매각금액,사업별 메모의 비용/기반시설 리스크를 원문 수치와 연결,P0 2026-06-11 정비기반시설 도로 복개구조물 설계용역 선정 입찰공고 / P0 2026-06-11 건설사업관리(CM)용역 선정 입찰공고 / P1 2026-03-31 시공자 선정 입찰 재공고,project-notes/11-apgujeong4.md
35,17-verify_ocr_numbers,17,잠실/송파,송파구,송파한양2차아파트 재건축정비사업 조합,조합설립인가,high,B,P1,verify_ocr_numbers,OCR 원문 수치 대조,OCR 텍스트는 숫자·단위 오류 가능성이 있어 확정 수치로 쓰기 전 원문 이미지 대조가 필요함,data/urban/text/files/17-11000NTC202506170006-17-11000NTC202506170006-business-notice_file-서울특별시_제2025-239호_고시.txt; data/urban/text/files/17-11000NTC202404180001-17-11000NTC202404180001-notice_file-서울특별시_제2024-178호_고시.txt,area; far; households; infrastructure; public_contribution,OCR 스니펫을 원문 이미지와 대조하고 확정/보류 필드 표시,P0 2026-04-14 재해영향평가 분야 협력업체 선정 입찰공고 / P0 2026-01-12 시공자 선정을 위한 2026년 조합 임시총회 임시직원 채용공고 / P1 2017-11-01 조합설립동의서 징구를 위한 추정분담금 산출,project-notes/17-songpa2.md
36,19-verify_ocr_numbers,19,잠실/송파,송파구,대림가락아파트 재건축정비사업조합,조합설립인가,high,B,P1,verify_ocr_numbers,OCR 원문 수치 대조,OCR 텍스트는 숫자·단위 오류 가능성이 있어 확정 수치로 쓰기 전 원문 이미지 대조가 필요함,data/urban/text/files/19-11000NTC202111260001-19-11000NTC202111260001-notice_file-서울특별시_2021-551호_고시.txt,area; far; households; infrastructure,OCR 스니펫을 원문 이미지와 대조하고 확정/보류 필드 표시,P1 2023-11-17 석면사전조사 및 농도측정 용역업체 선정 입찰공고 / P1 2023-11-17 감정평가업체 선정 입찰공고 / P1 2025-02-05 2025년도 정기총회 겸 시공자 선정총회 홍보요원 채용 공고,project-notes/19-daelim.md
37,29-verify_ocr_numbers,29,구의/광진,광진구,자양1의4구역 가로주택정비사업,조합설립인가,high,C,P1,verify_ocr_numbers,OCR 원문 수치 대조,OCR 텍스트는 숫자·단위 오류 가능성이 있어 확정 수치로 쓰기 전 원문 이미지 대조가 필요함,data/urban/text/gwangjin-gu/files/29-B0000003-6357990-1-29-B0000003-6357990-gwangjin-gu-1-직인날인-조합설립-변경-인가-공고문.txt; data/urban/text/gwangjin-gu/files/29-B0000003-6353195-1-29-B0000003-6353195-gwangjin-gu-1-공람공고문-안.txt,area,OCR 스니펫을 원문 이미지와 대조하고 확정/보류 필드 표시,P3 2025-03-11 2025년 민간공사원가자문 서비스 안내 / P3 2024-11-01 2030 서울특별시 도시주거환경정비기본계획 “찾아가는 주민설명회” 자치구별 일정/장소 안내 / P3 2026-02-27 [26/2/27 마감] 세계유산법 시행령 일부 개정령안 관련 의견제출 안내,project-notes/29-jayang104.md
38,03-fill_missing_core_fields,3,잠실/송파,송파구,잠실우성아파트 재건축정비사업조합,조합설립인가,very_high,B,P1,fill_missing_core_fields,비교 핵심 수치 공란 보강,세대수·용적률·층수 등 핵심 필드가 비어 있으면 사업장 간 비교가 약해짐,project-notes; data/urban/text/notice-key-fields.csv; 정비사업 정보몽땅 사업개요,total_households,공란 수치의 원문 기반 보강 또는 미공개 사유 기록,P0 2026-02-13 잠실우성아파트 재건축정비사업 정비기반시설(도로) 설계 용역업체 선정 입찰공고 (서울시 공공디자인 심의 포함) / P0 2025-04-30 잠실우성아파트 재건축정비사업 정비기반시설(공원) 설계 업체 선정 재입찰공고 / P0 2025-04-04 잠실우성아파트 재건축정비사업 조합 정비기반시설(공원)설계 업체 선정 입찰공고,project-notes/03-q1qk5nf6.md
39,08-crosscheck_cost_infrastructure,8,강남,강남구,대치쌍용1차아파트 주택재건축정비사업조합,사업시행인가,high,B,P1,crosscheck_cost_infrastructure,비용·기반시설 공개항목 원문 대조,비용·분담금 또는 기반시설 신호는 장기 가능성과 조합원 부담 리스크를 동시에 바꾸는 핵심 변수임,analysis/cleanup-board-review-queue.md; 정비사업 정보몽땅 공개항목; 고시 결정조서,공공기여; 정비기반시설; 도로/공원/전력; 공사비; 분담금; 임대주택 매각금액,사업별 메모의 비용/기반시설 리스크를 원문 수치와 연결,P0 2026-03-18 정기총회(시공자 선정) 당일 안내 및 접수요원 채용 공고 / P0 2017-12-30 협력업체 선정 입찰공고(범죄예방 및 이주관리 용역) / P1 2026-01-14 시공자 선정을 위한 재입찰공고,project-notes/08-ssang1.md
40,12-crosscheck_cost_infrastructure,12,강남,강남구,압구정아파트지구 특별계획구역5 재건축정비사업조합,조합설립인가,high,B,P1,crosscheck_cost_infrastructure,비용·기반시설 공개항목 원문 대조,비용·분담금 또는 기반시설 신호는 장기 가능성과 조합원 부담 리스크를 동시에 바꾸는 핵심 변수임,analysis/cleanup-board-review-queue.md; 정비사업 정보몽땅 공개항목; 고시 결정조서,공공기여; 정비기반시설; 도로/공원/전력; 공사비; 분담금; 임대주택 매각금액,사업별 메모의 비용/기반시설 리스크를 원문 수치와 연결,P0 2026-06-01 정비기반시설(설계)용역업체 선정 입찰 / P0 2026-05-07 2026년도 정기 및 시공자 선정총회 계약직원 채용 공고 / P1 2025-06-05 환경영향평가 및 재해영향평가 업체 선정 입찰 공고,project-notes/12-apgujeong5.md
41,15-connect_recordcode_original_notice,15,강남,강남구,압구정한양7차아파트 재건축정비사업조합,조합설립인가,high,B,P1,connect_recordcode_original_notice,recordCode·고시 원문 연결,지도/사업구역 레이어와 고시 원문 연결이 약하면 진행단계와 수치의 공식 근거가 불안정함,서울도시공간포털 지도; 자치구 고시공고; analysis/source-evidence-audit.md,recordCode; noticeCode; 고시번호; 고시일; 구역명; 면적,고시 원문 또는 자치구 원문 URL/로컬 파일 연결,P1 2026-03-24 정비계획 수립등 재건축 안내 계약(임시직) 직원 채용 공고 / P1 2016-11-04 설계자 선정 입찰 공고 / P1 2000-10-18 설계업체 모집 공고_2000.10.18,project-notes/15-hanyang7.md
42,24-connect_recordcode_original_notice,24,구의/광진,광진구,워커힐아파트1단지 재건축정비사업 조합설립추진위원회,추진위원회승인,high,C,P1,connect_recordcode_original_notice,recordCode·고시 원문 연결,지도/사업구역 레이어와 고시 원문 연결이 약하면 진행단계와 수치의 공식 근거가 불안정함,서울도시공간포털 지도; 자치구 고시공고; analysis/source-evidence-audit.md,recordCode; noticeCode; 고시번호; 고시일; 구역명; 면적,고시 원문 또는 자치구 원문 URL/로컬 파일 연결,P1 2025-11-07 세무·회계 업체 선정 입찰공고 / P2 2025-11-07 정비사업전문관리업자 선정 입찰공고 / P2 2025-12-11 설계공모(현상설계) 응모(재)공고,project-notes/24-walkerhill1.md
43,29-connect_recordcode_original_notice,29,구의/광진,광진구,자양1의4구역 가로주택정비사업,조합설립인가,high,C,P1,connect_recordcode_original_notice,recordCode·고시 원문 연결,지도/사업구역 레이어와 고시 원문 연결이 약하면 진행단계와 수치의 공식 근거가 불안정함,서울도시공간포털 지도; 자치구 고시공고; analysis/source-evidence-audit.md,recordCode; noticeCode; 고시번호; 고시일; 구역명; 면적,고시 원문 또는 자치구 원문 URL/로컬 파일 연결,P3 2025-03-11 2025년 민간공사원가자문 서비스 안내 / P3 2024-11-01 2030 서울특별시 도시주거환경정비기본계획 “찾아가는 주민설명회” 자치구별 일정/장소 안내 / P3 2026-02-27 [26/2/27 마감] 세계유산법 시행령 일부 개정령안 관련 의견제출 안내,project-notes/29-jayang104.md
44,17-crosscheck_cost_infrastructure,17,잠실/송파,송파구,송파한양2차아파트 재건축정비사업 조합,조합설립인가,high,B,P1,crosscheck_cost_infrastructure,비용·기반시설 공개항목 원문 대조,비용·분담금 또는 기반시설 신호는 장기 가능성과 조합원 부담 리스크를 동시에 바꾸는 핵심 변수임,analysis/cleanup-board-review-queue.md; 정비사업 정보몽땅 공개항목; 고시 결정조서,공공기여; 정비기반시설; 도로/공원/전력; 공사비; 분담금; 임대주택 매각금액,사업별 메모의 비용/기반시설 리스크를 원문 수치와 연결,P0 2026-04-14 재해영향평가 분야 협력업체 선정 입찰공고 / P0 2026-01-12 시공자 선정을 위한 2026년 조합 임시총회 임시직원 채용공고 / P1 2017-11-01 조합설립동의서 징구를 위한 추정분담금 산출,project-notes/17-songpa2.md
45,06-promote_snippets_to_confirmed_values,6,강남,강남구,대치우성1차아파트 재건축정비사업조합,사업시행인가,high,A,P1,promote_snippets_to_confirmed_values,원문 스니펫 확정 수치 승격,비교표에 이미 자동 추출 수치가 있으나 최종 비교 기준으로 쓰려면 원문 문맥 확인이 필요함,data/urban/text/files/06-11000NTC201812171410-06-11000NTC201812171410-notice_file-서울시고시-제2018-399호.txt,area; far; households; infrastructure; public_contribution,구역면적·세대수·용적률·공공기여 수치의 confirmed/pending 표시,P1 2025-03-25 감정평가업체 선정 입찰 공고 / P1 2025-03-25 교통영향평가 업체 선정 입찰 공고 / P1 2025-03-25 환경영향평가업체 선정 입찰 공고,project-notes/06-woosung1.md
46,22-crosscheck_cost_infrastructure,22,구의/광진,광진구,중곡아파트 주택재건축정비사업조합,조합설립인가,high,B,P1,crosscheck_cost_infrastructure,비용·기반시설 공개항목 원문 대조,비용·분담금 또는 기반시설 신호는 장기 가능성과 조합원 부담 리스크를 동시에 바꾸는 핵심 변수임,analysis/cleanup-board-review-queue.md; 정비사업 정보몽땅 공개항목; 고시 결정조서,공공기여; 정비기반시설; 도로/공원/전력; 공사비; 분담금; 임대주택 매각금액,사업별 메모의 비용/기반시설 리스크를 원문 수치와 연결,P1 2024-06-03 중곡공공 공고 제2024-010호_정비기반시설 공사 협력업체 선정 입찰공고 / P1 2023-10-25 석면 사전조사 선정 입찰 공고 / P1 2025-04-16 교통영향평가업체 선정 입찰 공고,project-notes/22-junggokapt.md
47,30-crosscheck_cost_infrastructure,30,구의/광진,광진구,자양4동 A구역 주택재개발사업,정비구역지정,high,B,P1,crosscheck_cost_infrastructure,비용·기반시설 공개항목 원문 대조,비용·분담금 또는 기반시설 신호는 장기 가능성과 조합원 부담 리스크를 동시에 바꾸는 핵심 변수임,analysis/cleanup-board-review-queue.md; 정비사업 정보몽땅 공개항목; 고시 결정조서,공공기여; 정비기반시설; 도로/공원/전력; 공사비; 분담금; 임대주택 매각금액,사업별 메모의 비용/기반시설 리스크를 원문 수치와 연결,P0 2026-05-08 조합설립 동의서 징구를 위한 추정분담금 검증 / P3 2025-03-11 2025년 민간공사원가자문 서비스 안내 / P3 2024-11-01 2030 서울특별시 도시주거환경정비기본계획 “찾아가는 주민설명회” 자치구별 일정/장소 안내,project-notes/30-jayangdong.md
48,12-fill_missing_core_fields,12,강남,강남구,압구정아파트지구 특별계획구역5 재건축정비사업조합,조합설립인가,high,B,P3,fill_missing_core_fields,비교 핵심 수치 공란 보강,세대수·용적률·층수 등 핵심 필드가 비어 있으면 사업장 간 비교가 약해짐,project-notes; data/urban/text/notice-key-fields.csv; 정비사업 정보몽땅 사업개요,total_households; floor_area_ratio; building_coverage_ratio; max_height; floors; far,공란 수치의 원문 기반 보강 또는 미공개 사유 기록,P0 2026-06-01 정비기반시설(설계)용역업체 선정 입찰 / P0 2026-05-07 2026년도 정기 및 시공자 선정총회 계약직원 채용 공고 / P1 2025-06-05 환경영향평가 및 재해영향평가 업체 선정 입찰 공고,project-notes/12-apgujeong5.md
49,15-fill_missing_core_fields,15,강남,강남구,압구정한양7차아파트 재건축정비사업조합,조합설립인가,high,B,P3,fill_missing_core_fields,비교 핵심 수치 공란 보강,세대수·용적률·층수 등 핵심 필드가 비어 있으면 사업장 간 비교가 약해짐,project-notes; data/urban/text/notice-key-fields.csv; 정비사업 정보몽땅 사업개요,total_households; floor_area_ratio; building_coverage_ratio; max_height; floors; far,공란 수치의 원문 기반 보강 또는 미공개 사유 기록,P1 2026-03-24 정비계획 수립등 재건축 안내 계약(임시직) 직원 채용 공고 / P1 2016-11-04 설계자 선정 입찰 공고 / P1 2000-10-18 설계업체 모집 공고_2000.10.18,project-notes/15-hanyang7.md
50,24-fill_missing_core_fields,24,구의/광진,광진구,워커힐아파트1단지 재건축정비사업 조합설립추진위원회,추진위원회승인,high,C,P3,fill_missing_core_fields,비교 핵심 수치 공란 보강,세대수·용적률·층수 등 핵심 필드가 비어 있으면 사업장 간 비교가 약해짐,project-notes; data/urban/text/notice-key-fields.csv; 정비사업 정보몽땅 사업개요,total_households; floor_area_ratio; building_coverage_ratio; max_height; floors,공란 수치의 원문 기반 보강 또는 미공개 사유 기록,P1 2025-11-07 세무·회계 업체 선정 입찰공고 / P2 2025-11-07 정비사업전문관리업자 선정 입찰공고 / P2 2025-12-11 설계공모(현상설계) 응모(재)공고,project-notes/24-walkerhill1.md
51,29-fill_missing_core_fields,29,구의/광진,광진구,자양1의4구역 가로주택정비사업,조합설립인가,high,C,P3,fill_missing_core_fields,비교 핵심 수치 공란 보강,세대수·용적률·층수 등 핵심 필드가 비어 있으면 사업장 간 비교가 약해짐,project-notes; data/urban/text/notice-key-fields.csv; 정비사업 정보몽땅 사업개요,total_households; floor_area_ratio; building_coverage_ratio; max_height; floors; far; households; infrastructure; public_contribution,공란 수치의 원문 기반 보강 또는 미공개 사유 기록,P3 2025-03-11 2025년 민간공사원가자문 서비스 안내 / P3 2024-11-01 2030 서울특별시 도시주거환경정비기본계획 “찾아가는 주민설명회” 자치구별 일정/장소 안내 / P3 2026-02-27 [26/2/27 마감] 세계유산법 시행령 일부 개정령안 관련 의견제출 안내,project-notes/29-jayang104.md
52,30-fill_missing_core_fields,30,구의/광진,광진구,자양4동 A구역 주택재개발사업,정비구역지정,high,B,P3,fill_missing_core_fields,비교 핵심 수치 공란 보강,세대수·용적률·층수 등 핵심 필드가 비어 있으면 사업장 간 비교가 약해짐,project-notes; data/urban/text/notice-key-fields.csv; 정비사업 정보몽땅 사업개요,total_households; floor_area_ratio; building_coverage_ratio; max_height; floors,공란 수치의 원문 기반 보강 또는 미공개 사유 기록,P0 2026-05-08 조합설립 동의서 징구를 위한 추정분담금 검증 / P3 2025-03-11 2025년 민간공사원가자문 서비스 안내 / P3 2024-11-01 2030 서울특별시 도시주거환경정비기본계획 “찾아가는 주민설명회” 자치구별 일정/장소 안내,project-notes/30-jayangdong.md
53,08-fill_missing_core_fields,8,강남,강남구,대치쌍용1차아파트 주택재건축정비사업조합,사업시행인가,high,B,P3,fill_missing_core_fields,비교 핵심 수치 공란 보강,세대수·용적률·층수 등 핵심 필드가 비어 있으면 사업장 간 비교가 약해짐,project-notes; data/urban/text/notice-key-fields.csv; 정비사업 정보몽땅 사업개요,total_households,공란 수치의 원문 기반 보강 또는 미공개 사유 기록,P0 2026-03-18 정기총회(시공자 선정) 당일 안내 및 접수요원 채용 공고 / P0 2017-12-30 협력업체 선정 입찰공고(범죄예방 및 이주관리 용역) / P1 2026-01-14 시공자 선정을 위한 재입찰공고,project-notes/08-ssang1.md
54,11-fill_missing_core_fields,11,강남,강남구,압구정아파트지구 특별계획구역4,조합설립인가,high,B,P3,fill_missing_core_fields,비교 핵심 수치 공란 보강,세대수·용적률·층수 등 핵심 필드가 비어 있으면 사업장 간 비교가 약해짐,project-notes; data/urban/text/notice-key-fields.csv; 정비사업 정보몽땅 사업개요,total_households; far,공란 수치의 원문 기반 보강 또는 미공개 사유 기록,P0 2026-06-11 정비기반시설 도로 복개구조물 설계용역 선정 입찰공고 / P0 2026-06-11 건설사업관리(CM)용역 선정 입찰공고 / P1 2026-03-31 시공자 선정 입찰 재공고,project-notes/11-apgujeong4.md
55,22-fill_missing_core_fields,22,구의/광진,광진구,중곡아파트 주택재건축정비사업조합,조합설립인가,high,B,P3,fill_missing_core_fields,비교 핵심 수치 공란 보강,세대수·용적률·층수 등 핵심 필드가 비어 있으면 사업장 간 비교가 약해짐,project-notes; data/urban/text/notice-key-fields.csv; 정비사업 정보몽땅 사업개요,total_households,공란 수치의 원문 기반 보강 또는 미공개 사유 기록,P1 2024-06-03 중곡공공 공고 제2024-010호_정비기반시설 공사 협력업체 선정 입찰공고 / P1 2023-10-25 석면 사전조사 선정 입찰 공고 / P1 2025-04-16 교통영향평가업체 선정 입찰 공고,project-notes/22-junggokapt.md
56,27-fill_missing_core_fields,27,구의/광진,광진구,광장극동아파트 재건축사업 (신속통합기획),정비구역지정,high,B,P3,fill_missing_core_fields,비교 핵심 수치 공란 보강,세대수·용적률·층수 등 핵심 필드가 비어 있으면 사업장 간 비교가 약해짐,project-notes; data/urban/text/notice-key-fields.csv; 정비사업 정보몽땅 사업개요,total_households,공란 수치의 원문 기반 보강 또는 미공개 사유 기록,"P1 2026-06-05 재건축 정비구역 지정 및 정비계획 결정, 지구단위계획구역 지정·지구단위계획 결정 정정 고시 / P1 2026-04-30 재건축 정비구역 지정 및 정비계획 결정, 지구단위계획구역 지정·지구단위계획 결정 및 지형도면 고시 / P2 2026-06-11 제11차 주민협의체 소위원회 소집 공고",project-notes/27-kukdong-reborn.md
57,28-fill_missing_core_fields,28,구의/광진,광진구,자양번영로3나길 일대 가로주택정비사업,조합설립인가,high,D,P3,fill_missing_core_fields,비교 핵심 수치 공란 보강,세대수·용적률·층수 등 핵심 필드가 비어 있으면 사업장 간 비교가 약해짐,project-notes; data/urban/text/notice-key-fields.csv; 정비사업 정보몽땅 사업개요,total_households; area; far; households; infrastructure; public_contribution,공란 수치의 원문 기반 보강 또는 미공개 사유 기록,P2 2025-03-11 2025년 민간공사원가자문 서비스 안내 / P3 2024-11-01 2030 서울특별시 도시주거환경정비기본계획 “찾아가는 주민설명회” 자치구별 일정/장소 안내 / P3 2026-02-27 [26/2/27 마감] 세계유산법 시행령 일부 개정령안 관련 의견제출 안내,project-notes/28-jayang588-22.md
58,23-fill_missing_core_fields,23,구의/광진,광진구,광장동 삼성1차아파트 소규모재건축정비사업,조합설립인가,high,D,P3,fill_missing_core_fields,비교 핵심 수치 공란 보강,세대수·용적률·층수 등 핵심 필드가 비어 있으면 사업장 간 비교가 약해짐,project-notes; data/urban/text/notice-key-fields.csv; 정비사업 정보몽땅 사업개요,area; far; households; infrastructure; public_contribution,공란 수치의 원문 기반 보강 또는 미공개 사유 기록,"P1 2022-05-27 변호사(법률자문, 명도소송, 소유권이전등기소송) 선정 입찰 공고 / P1 2023-04-07 감정평가법인등 선정 입찰 공고 / P1 2022-05-27 설계자 선정 입찰 공고",project-notes/23-j15171517.md
