queue_rank,rank,focus_area,district,project_name,current_stage,risk_signal_level,evidence_grade,field_id,field_label,current_value,verification_status,issue_type,priority,source_value,current_source_to_open,next_action,project_note_path,related_task_type,related_task_priority,sort_score
1,20,잠실/송파,송파구,마천1재정비촉진구역 주택재개발정비사업조합,조합설립인가,very_high,B,building_coverage_ratio_pct,건폐율,50,source_link_required,wrong_source_image,P0,1982년 건설부 도시계획 입안 고시 이미지,analysis/ocr-image-review-decisions.md; data/urban/text/files/20-11000NTC202606080004-20-11000NTC202606080004-notice_file-서울특별시_제2026-298호_고시문.txt,현재 연결 원문을 직접 근거에서 제외하고 사업명·위치·필드명으로 서울도시공간포털/자치구 고시공고 원문을 재검색,,verify_ocr_numbers,P0,515
2,20,잠실/송파,송파구,마천1재정비촉진구역 주택재개발정비사업조합,조합설립인가,very_high,B,district_area_sqm,정비구역 면적,"159,816.7",source_link_required,wrong_source_image,P0,1982년 건설부 도시계획 입안 고시의 광역 구역 면적,analysis/ocr-image-review-decisions.md; data/urban/text/files/20-11000NTC202606080004-20-11000NTC202606080004-notice_file-서울특별시_제2026-298호_고시문.txt,현재 연결 원문을 직접 근거에서 제외하고 사업명·위치·필드명으로 서울도시공간포털/자치구 고시공고 원문을 재검색,,verify_ocr_numbers,P0,515
3,20,잠실/송파,송파구,마천1재정비촉진구역 주택재개발정비사업조합,조합설립인가,very_high,B,floor_area_ratio_pct,용적률,277.88,source_link_required,wrong_source_image,P0,1982년 건설부 도시계획 입안 고시 이미지,analysis/ocr-image-review-decisions.md; data/urban/text/files/20-11000NTC202606080004-20-11000NTC202606080004-notice_file-서울특별시_제2026-298호_고시문.txt,현재 연결 원문을 직접 근거에서 제외하고 사업명·위치·필드명으로 서울도시공간포털/자치구 고시공고 원문을 재검색,,verify_ocr_numbers,P0,515
4,20,잠실/송파,송파구,마천1재정비촉진구역 주택재개발정비사업조합,조합설립인가,very_high,B,floors,층수,지상:49/지하:미확인,source_link_required,wrong_source_image,P0,1982년 건설부 도시계획 입안 고시 이미지,analysis/ocr-image-review-decisions.md; data/urban/text/files/20-11000NTC202606080004-20-11000NTC202606080004-notice_file-서울특별시_제2026-298호_고시문.txt,현재 연결 원문을 직접 근거에서 제외하고 사업명·위치·필드명으로 서울도시공간포털/자치구 고시공고 원문을 재검색,,verify_ocr_numbers,P0,515
5,20,잠실/송파,송파구,마천1재정비촉진구역 주택재개발정비사업조합,조합설립인가,very_high,B,max_height_m,최고높이,160,source_link_required,wrong_source_image,P0,1982년 건설부 도시계획 입안 고시 이미지,analysis/ocr-image-review-decisions.md; data/urban/text/files/20-11000NTC202606080004-20-11000NTC202606080004-notice_file-서울특별시_제2026-298호_고시문.txt,현재 연결 원문을 직접 근거에서 제외하고 사업명·위치·필드명으로 서울도시공간포털/자치구 고시공고 원문을 재검색,,verify_ocr_numbers,P0,515
6,23,구의/광진,광진구,광장동 삼성1차아파트 소규모재건축정비사업,조합설립인가,high,D,district_area_sqm,정비구역 면적,"7,653",source_link_required,recordcode_notice_link_required,P0,,analysis/source-link-repair-candidates.md; data/cleanup/project-summaries-priority-candidates.json; https://cleanup.seoul.go.kr/cafe/mastr-cleanup-bsnsSumry/execute.do?cafeId=215900000929v34&stepSeCode=102&div=sumry,recordCode·noticeCode·고시번호를 확정하고 본고시 원문 파일 경로를 비교 매트릭스에 연결,,connect_recordcode_original_notice,P0,470
7,23,구의/광진,광진구,광장동 삼성1차아파트 소규모재건축정비사업,조합설립인가,high,D,floor_area_ratio_pct,용적률,300,source_link_required,recordcode_notice_link_required,P0,,analysis/source-link-repair-candidates.md; data/cleanup/project-summaries-priority-candidates.json; https://cleanup.seoul.go.kr/cafe/mastr-cleanup-bsnsSumry/execute.do?cafeId=215900000929v34&stepSeCode=102&div=sumry,recordCode·noticeCode·고시번호를 확정하고 본고시 원문 파일 경로를 비교 매트릭스에 연결,,connect_recordcode_original_notice,P0,470
8,28,구의/광진,광진구,자양번영로3나길 일대 가로주택정비사업,조합설립인가,high,D,district_area_sqm,정비구역 면적,"2,307.5",source_link_required,recordcode_notice_link_required,P0,,analysis/source-link-repair-candidates.md; data/cleanup/project-summaries-priority-candidates.json; https://cleanup.seoul.go.kr/cafe/mastr-cleanup-bsnsSumry/execute.do?cafeId=215900001146M77&stepSeCode=102&div=sumry,recordCode·noticeCode·고시번호를 확정하고 본고시 원문 파일 경로를 비교 매트릭스에 연결,,connect_recordcode_original_notice,P0,470
9,28,구의/광진,광진구,자양번영로3나길 일대 가로주택정비사업,조합설립인가,high,D,floor_area_ratio_pct,용적률,295,source_link_required,recordcode_notice_link_required,P0,,analysis/source-link-repair-candidates.md; data/cleanup/project-summaries-priority-candidates.json; https://cleanup.seoul.go.kr/cafe/mastr-cleanup-bsnsSumry/execute.do?cafeId=215900001146M77&stepSeCode=102&div=sumry,recordCode·noticeCode·고시번호를 확정하고 본고시 원문 파일 경로를 비교 매트릭스에 연결,,connect_recordcode_original_notice,P0,470
10,23,구의/광진,광진구,광장동 삼성1차아파트 소규모재건축정비사업,조합설립인가,high,D,building_coverage_ratio_pct,건폐율,20,no_source_text,source_text_missing,P0,,analysis/source-link-repair-candidates.md; data/cleanup/project-summaries-priority-candidates.json; https://cleanup.seoul.go.kr/cafe/mastr-cleanup-bsnsSumry/execute.do?cafeId=215900000929v34&stepSeCode=102&div=sumry,원문 첨부 파일을 다시 내려받아 PDF/HWP/HWPX 텍스트 추출 또는 이미지 OCR 경로를 연결,,connect_recordcode_original_notice,P0,450
11,23,구의/광진,광진구,광장동 삼성1차아파트 소규모재건축정비사업,조합설립인가,high,D,floors,층수,지상:40/지하:3,no_source_text,source_text_missing,P0,,analysis/source-link-repair-candidates.md; data/cleanup/project-summaries-priority-candidates.json; https://cleanup.seoul.go.kr/cafe/mastr-cleanup-bsnsSumry/execute.do?cafeId=215900000929v34&stepSeCode=102&div=sumry,원문 첨부 파일을 다시 내려받아 PDF/HWP/HWPX 텍스트 추출 또는 이미지 OCR 경로를 연결,,connect_recordcode_original_notice,P0,450
12,23,구의/광진,광진구,광장동 삼성1차아파트 소규모재건축정비사업,조합설립인가,high,D,max_height_m,최고높이,0,no_source_text,source_text_missing,P0,,analysis/source-link-repair-candidates.md; data/cleanup/project-summaries-priority-candidates.json; https://cleanup.seoul.go.kr/cafe/mastr-cleanup-bsnsSumry/execute.do?cafeId=215900000929v34&stepSeCode=102&div=sumry,원문 첨부 파일을 다시 내려받아 PDF/HWP/HWPX 텍스트 추출 또는 이미지 OCR 경로를 연결,,connect_recordcode_original_notice,P0,450
13,23,구의/광진,광진구,광장동 삼성1차아파트 소규모재건축정비사업,조합설립인가,high,D,total_households,총 세대수,185,no_source_text,source_text_missing,P0,,analysis/source-link-repair-candidates.md; data/cleanup/project-summaries-priority-candidates.json; https://cleanup.seoul.go.kr/cafe/mastr-cleanup-bsnsSumry/execute.do?cafeId=215900000929v34&stepSeCode=102&div=sumry,원문 첨부 파일을 다시 내려받아 PDF/HWP/HWPX 텍스트 추출 또는 이미지 OCR 경로를 연결,,connect_recordcode_original_notice,P0,450
14,28,구의/광진,광진구,자양번영로3나길 일대 가로주택정비사업,조합설립인가,high,D,building_coverage_ratio_pct,건폐율,23,no_source_text,source_text_missing,P0,,analysis/source-link-repair-candidates.md; data/cleanup/project-summaries-priority-candidates.json; https://cleanup.seoul.go.kr/cafe/mastr-cleanup-bsnsSumry/execute.do?cafeId=215900001146M77&stepSeCode=102&div=sumry,원문 첨부 파일을 다시 내려받아 PDF/HWP/HWPX 텍스트 추출 또는 이미지 OCR 경로를 연결,,connect_recordcode_original_notice,P0,450
15,28,구의/광진,광진구,자양번영로3나길 일대 가로주택정비사업,조합설립인가,high,D,floors,층수,지상:20/지하:3,no_source_text,source_text_missing,P0,,analysis/source-link-repair-candidates.md; data/cleanup/project-summaries-priority-candidates.json; https://cleanup.seoul.go.kr/cafe/mastr-cleanup-bsnsSumry/execute.do?cafeId=215900001146M77&stepSeCode=102&div=sumry,원문 첨부 파일을 다시 내려받아 PDF/HWP/HWPX 텍스트 추출 또는 이미지 OCR 경로를 연결,,connect_recordcode_original_notice,P0,450
16,28,구의/광진,광진구,자양번영로3나길 일대 가로주택정비사업,조합설립인가,high,D,max_height_m,최고높이,58,no_source_text,source_text_missing,P0,,analysis/source-link-repair-candidates.md; data/cleanup/project-summaries-priority-candidates.json; https://cleanup.seoul.go.kr/cafe/mastr-cleanup-bsnsSumry/execute.do?cafeId=215900001146M77&stepSeCode=102&div=sumry,원문 첨부 파일을 다시 내려받아 PDF/HWP/HWPX 텍스트 추출 또는 이미지 OCR 경로를 연결,,connect_recordcode_original_notice,P0,450
17,17,잠실/송파,송파구,송파한양2차아파트 재건축정비사업 조합,조합설립인가,high,B,max_height_m,최고높이,96,source_link_required,wrong_source_image,P1,가락아파트지구 용도지구 및 개발기본계획 변경 고시 이미지,analysis/ocr-image-review-decisions.md; data/urban/text/files/17-11000NTC202506170006-17-11000NTC202506170006-business-notice_file-서울특별시_제2025-239호_고시.txt,현재 연결 원문을 직접 근거에서 제외하고 사업명·위치·필드명으로 서울도시공간포털/자치구 고시공고 원문을 재검색,,verify_ocr_numbers,P1,385
18,15,강남,강남구,압구정한양7차아파트 재건축정비사업조합,조합설립인가,high,B,district_area_sqm,정비구역 면적,"16,437.1",source_link_required,recordcode_notice_link_required,P1,,analysis/source-link-repair-candidates.md; data/cleanup/project-summaries-priority-candidates.json; https://cleanup.seoul.go.kr/cafe/mastr-cleanup-bsnsSumry/execute.do?cafeId=680100003000s45&stepSeCode=102&div=sumry; data/urban/text/files/15-11000NTC202312010004-15-11000NTC202312010004-notice_file-서울특별시_제2023-516호_고시.txt,recordCode·noticeCode·고시번호를 확정하고 본고시 원문 파일 경로를 비교 매트릭스에 연결,,connect_recordcode_original_notice,P1,370
19,15,강남,강남구,압구정한양7차아파트 재건축정비사업조합,조합설립인가,high,B,notice_no,고시번호,2023-516,source_link_required,recordcode_notice_link_required,P1,,analysis/source-link-repair-candidates.md; data/urban/text/files/15-11000NTC202312010004-15-11000NTC202312010004-notice_file-서울특별시_제2023-516호_고시.txt,recordCode·noticeCode·고시번호를 확정하고 본고시 원문 파일 경로를 비교 매트릭스에 연결,,connect_recordcode_original_notice,P1,370
20,24,구의/광진,광진구,워커힐아파트1단지 재건축정비사업 조합설립추진위원회,추진위원회승인,high,C,district_area_sqm,정비구역 면적,"89,878",source_link_required,recordcode_notice_link_required,P1,,analysis/source-link-repair-candidates.md; data/cleanup/project-summaries-priority-candidates.json; https://cleanup.seoul.go.kr/cafe/mastr-cleanup-bsnsSumry/execute.do?cafeId=215900001363i54&stepSeCode=101&div=sumry; data/urban/text/gwangjin-gu/files/24-B0000378-16413-1-24-B0000378-16413-gwangjin-gu-1-붙임2-주민의견제출서.txt; data/urban/text/gwangjin-gu/files/24-B0000378-16413-2-24-B0000378-16413-gwangjin-gu-2-붙임1-워커힐아파트-일대-도시관리계획수립-전략환경영향평가-항목-범위-등의-결정내용.txt; data/urban/text/gwangjin-gu/files/24-B0000378-16413-3-24-B0000378-16413-gwangjin-gu-3-공고문.txt; data/urban/text/gwangjin-gu/files/24-B0000378-16096-1-24-B0000378-16096-gwangjin-gu-1-공고문.txt; data/urban/text/gwangjin-gu/files/24-B0000378-16096-2-24-B0000378-16096-gwangjin-gu-2-공람의견서-서식.txt,recordCode·noticeCode·고시번호를 확정하고 본고시 원문 파일 경로를 비교 매트릭스에 연결,,connect_recordcode_original_notice,P1,370
